timestamp,AmbientLightSensor,DecibelSource,PitchSensor,AccX,AccY,AccZ
1763074334936,1.0,,,-0.07605000585317612,2.0850000381469727,9.391950607299805
1763074334953,,48.15531611853934,162.53592354910714,,,
1763074334958,,,85.88541666666666,,,
1763074334993,,47.07770501827339,85.88541666666666,,,
1763074335005,,,,0.3730500042438507,2.0779500007629395,9.39900016784668
1763074335021,,,,2.2699501514434814,1.29705011844635,9.38895034790039
1763074335037,,51.72238531722031,85.88541666666666,,,
1763074335040,,,,2.2480502128601074,0.9450000524520874,9.382050514221191
1763074335041,1.0,,,,,
1763074335059,,,,1.759950041770935,0.6289500594139099,8.950950622558594
1763074335073,,50.56619776336153,85.88541666666666,,,
1763074335079,,,,0.0070500001311302185,0.6439500451087952,8.944050788879395
1763074335101,,,,-0.7960500121116638,0.9100500345230103,9.310050010681152
1763074335113,,60.603347028677035,,,,
1763074335118,,,,-0.8160000443458557,0.9190500378608704,9.291000366210938
1763074335140,,,,-0.2939999997615814,1.3620001077651978,9.303000450134277
1763074335141,1.0,,,,,
1763074335153,,47.85447498005975,,,,
1763074335157,,,168.828125,-0.8610000610351562,1.3789501190185547,9.310050010681152
1763074335176,,,,,0.3130500018596649,
1763074335177,,,,-5.098950386047363,,9.298050880432129
1763074335193,,49.48315897753807,168.828125,,,
1763074335196,,,,,1.8790501356124878,
1763074335197,,,,-0.30105000734329224,,9.553950309753418
1763074335215,,,,,1.894050121307373,
1763074335218,,,,1.6879501342773438,,9.541950225830078
1763074335233,,53.080123963549006,168.828125,,,
1763074335235,,,,2.3490002155303955,-0.4249500334262848,9.564000129699707
1763074335241,1.0,,,,,
1763074335257,,,,1.9750500917434692,0.5430000424385071,9.820050239562988
1763074335274,,,,1.2570000886917114,0.7950000166893005,9.805950164794922
1763074335275,,51.70092357568069,,,,
1763074335293,,,,,0.8040000200271606,
1763074335294,,,,0.8550000190734863,,9.820050239562988
1763074335313,,48.074415737251215,,0.843000054359436,0.8160000443458557,9.808050155639648
1763074335332,,,,,0.11205000430345535,
1763074335333,,,,0.2580000162124634,,9.817950248718262
1763074335341,1.0,,,,,
1763074335352,,,,,-0.7630500197410583,
1763074335353,,,,-0.4300500154495239,,9.832050323486328
1763074335354,,44.18148029090134,,,,
1763074335363,,,105.77032180059524,,,
1763074335373,,,,-0.4210500121116638,-0.7849500179290771,9.829950332641602
1763074335392,,,,,0.8160000443458557,
1763074335393,,,,-0.4420500099658966,,9.808050155639648
1763074335396,,55.269568561276685,105.77032180059524,,,
1763074335411,,,,,2.202000141143799,
1763074335412,,,,0.19395001232624054,,9.280950546264648
1763074335430,,,,,3.6750001907348633,
1763074335431,,,,2.449050188064575,,9.259950637817383
1763074335437,,44.62378938306603,105.77032180059524,,,
1763074335442,1.0,,,,,
1763074335449,0.0,,,,,
1763074335450,,,,0.89805006980896,0.29205000400543213,9.267000198364258
1763074335470,,,,,1.3980001211166382,
1763074335475,,,,0.8790000677108765,,9.26205062866211
1763074335478,,37.65370607067472,,,,
1763074335496,,,,0.3949500322341919,2.1880500316619873,9.69105052947998
1763074335508,,,,,1.4770500659942627,
1763074335509,,,,1.162950038909912,,9.688950538635254
1763074335515,,34.154395494728654,,,,
1763074335523,,,61.8275146484375,,,
1763074335529,,,,,0.42795002460479736,
1763074335530,,,,1.1560500860214233,,9.684000015258789
1763074335542,0.0,,,,,
1763074335547,,,,,0.06195000186562538,
1763074335548,,,,0.07200000435113907,,9.69105052947998
1763074335555,,32.663161108951535,61.8275146484375,,,
1763074335567,,,,0.8689500689506531,0.6940500140190125,10.23705005645752
1763074335586,,,,,0.6960000395774841,
1763074335587,,,,0.856950044631958,,10.225050926208496
1763074335594,,31.829579877006697,61.8275146484375,,,
1763074335609,,,,0.40905001759529114,0.40005001425743103,10.234050750732422
1763074335626,,,,-0.5879999995231628,0.032999999821186066,10.218000411987305
1763074335635,,30.389331471965875,61.8275146484375,,,
1763074335643,0.0,,,,,
1763074335645,,,,-1.5220500230789185,0.9019500613212585,10.234050750732422
1763074335665,,,,-1.527000069618225,1.3120501041412354,10.231950759887695
1763074335668,1.0,,,,,
1763074335677,,27.99370639361672,,,,
1763074335684,,,,-0.9619500637054443,1.6780500411987305,10.225050926208496
1763074335704,,,,,1.699950098991394,
1763074335706,,,,-0.9709500670433044,,10.22700023651123
1763074335717,,30.117578689444294,0.0,,,
1763074335724,,,,-0.9780000448226929,1.683000087738037,10.219950675964355
1763074335743,,,,-1.4640001058578491,1.3690500259399414,10.222050666809082
1763074335744,1.0,,,,,
1763074335755,,30.02895715419203,,,,
1763074335762,,,,,1.1040000915527344,
1763074335763,,,,-1.4760000705718994,,10.225050926208496
1763074335782,,,,-1.0549499988555908,0.8160000443458557,10.225050926208496
1763074335795,,29.3021038457567,0.0,,,
1763074335801,,,,,1.1610000133514404,10.21500015258789
1763074335802,,,,-0.028050001710653305,,
1763074335821,,,,,1.1680500507354736,10.231950759887695
1763074335826,,,,0.559950053691864,,
1763074335834,,31.09531676715595,,,,
1763074335842,,,,-0.8320500254631042,0.4429500102996826,10.21500015258789
1763074335845,1.0,,,,,
1763074335860,,,,-1.7010000944137573,0.4429500102996826,10.21500015258789
1763074335875,,29.559120794300572,,,,
1763074335879,,,,,0.44505003094673157,
1763074335880,,,,-1.7010000944137573,,9.69105052947998
1763074335884,0.0,,,,,
1763074335899,,,,-1.2060000896453857,0.45000001788139343,9.68595027923584
1763074335918,,27.604314593242115,0.0,,,
1763074335919,,,,-0.781950056552887,0.9169500470161438,9.6739501953125
1763074335942,,,,-0.7840500473976135,0.5430000424385071,9.688950538635254
1763074335946,0.0,,,,,
1763074335955,,27.496232772635025,,,,
1763074335960,,,,-0.7939500212669373,0.09795000404119492,9.67905044555664
1763074335977,,,,-1.6150500774383545,-0.6700500249862671,9.705000877380371
1763074335995,,27.922451368463747,,,,
1763074335996,,,0.0,,2.2170000076293945,
1763074335997,,,,-0.6529500484466553,,9.69105052947998
1763074336016,,,,0.559950053691864,1.64205002784729,9.447000503540039
1763074336034,,25.95557454745225,,,,
1763074336036,,,,1.0770000219345093,1.6540501117706299,9.4350004196167
1763074336046,0.0,,,,,
1763074336059,,,,1.53000009059906,0.9810000658035278,9.43695068359375
1763074336075,,27.132809617358053,0.0,0.9550500512123108,0.3130500018596649,9.4350004196167
1763074336094,,,,0.43095001578330994,0.895050048828125,9.427950859069824
1763074336113,,,,,0.895050048828125,
1763074336114,,25.350902225454135,,0.4120500087738037,,9.427950859069824
1763074336133,,,,0.4120500087738037,1.6849501132965088,9.427950859069824
1763074336146,0.0,,,,,
1763074336152,,,,,2.0370001792907715,
1763074336153,,,,0.7470000386238098,,9.4350004196167
1763074336155,,24.647044323065437,,,,
1763074336176,,,,,2.281050205230713,
1763074336177,,,,0.3730500042438507,,9.43005084991455
1763074336193,,,,-0.8179500102996826,1.64205002784729,9.447000503540039
1763074336199,,28.186331651559904,0.0,,,
1763074336211,,,,-0.35805001854896545,0.6580500602722168,9.42495059967041
1763074336230,,,,,1.7359501123428345,
1763074336233,,,,1.4220000505447388,,9.42495059967041
1763074336237,,25.80462056451882,,,,
1763074336246,0.0,,,,,
1763074336251,,,,1.1059499979019165,2.3460001945495605,9.841950416564941
1763074336270,,,,0.8119500279426575,2.8060500621795654,9.826950073242188
1763074336275,,24.94414918437359,0.0,,,
1763074336290,,,,0.4519500136375427,2.82705020904541,9.829950332641602
1763074336310,,,,1.1059499979019165,2.4750001430511475,10.345050811767578
1763074336317,,26.258779895114728,,,,
1763074336318,1.0,,,,,
1763074336329,,,,1.759950041770935,2.052000045776367,10.342050552368164
1763074336346,1.0,,,,,
1763074336348,,,,1.7569501399993896,3.057000160217285,10.342050552368164
1763074336356,,24.75648132317103,0.0,,,
1763074336367,,,,,3.061950206756592,
1763074336368,,,,1.3000500202178955,,10.84005069732666
1763074336387,,,,,2.7120001316070557,
1763074336388,,,,0.20100000500679016,,10.82295036315918
1763074336394,,25.075721153133024,,,,
1763074336408,,,,1.8390001058578491,1.5630000829696655,10.82295036315918
1763074336426,,,,5.215050220489502,-0.46095001697540283,10.861950874328613
1763074336438,,25.917609800900753,,,,
1763074336445,,,,,-1.4020500183105469,
1763074336446,1.0,,,6.6220502853393555,,10.845000267028809
1763074336465,,,,6.603000164031982,4.846050262451172,11.134950637817383
1763074336475,,24.879804082337532,0.0,,,
1763074336484,,,,,5.182950019836426,
1763074336489,,,,,,11.11305046081543
1763074336490,,,,8.13794994354248,,
1763074336504,,,,,4.378950119018555,
1763074336505,,,,7.807950496673584,,11.12700080871582
1763074336514,,25.9392558689882,,,,
1763074336526,,,,8.964000701904297,6.397050380706787,11.479050636291504
1763074336543,,,,8.368050575256348,5.061000347137451,11.760000228881836
1763074336546,1.0,,,,,
1763074336556,,23.381152953759816,0.0,,,
1763074336563,,,,6.156000137329102,2.842050075531006,11.757000923156738
1763074336582,,,,5.193000316619873,2.8540501594543457,12.564000129699707
1763074336594,,24.25425524594329,,,,
1763074336601,,,,,2.052000045776367,
1763074336602,,,,4.080000400543213,,12.562050819396973
1763074336621,,,,,1.3050000667572021,
1763074336622,,,,2.9880001544952393,,12.543000221252441
1763074336634,,30.528899407542166,,,,
1763074336635,,,0.0,,,
1763074336641,,,,2.0329501628875732,0.6370500326156616,12.564000129699707
1763074336646,1.0,,,,,
1763074336660,,,,0.30900001525878906,0.6390000581741333,12.562050819396973
1763074336675,,28.200144423102312,,,,
1763074336679,,,,,0.6510000228881836,
1763074336680,,,,-0.19995000958442688,,12.550050735473633
1763074336699,,,,,0.6370500326156616,11.760000228881836
1763074336700,,,,-1.1050500869750977,,
1763074336716,,28.17593848230478,,,,
1763074336718,,,,,0.6559500098228455,
1763074336720,,,,-1.1239500045776367,,9.519000053405762
1763074336743,,,,-0.23595000803470612,1.009950041770935,7.558050155639648
1763074336752,0.0,,,,,
1763074336755,,34.98808527430764,0.0,,,
1763074336759,,,,,1.01295006275177,
1763074336760,0.0,,,-1.443000078201294,,6.091950416564941
1763074336777,,,,-1.4640001058578491,1.807050108909607,4.584000110626221
1763074336796,,,,,1.4050500392913818,
1763074336797,,28.74236206981751,,-1.4449501037597656,,4.002000331878662
1763074336816,,,,,1.4100000858306885,
1763074336817,,,,-1.1269500255584717,,3.0679502487182617
1763074336834,,31.07433414401315,,,,
1763074336836,,,,-0.4519500136375427,2.382000207901001,2.2489500045776367
1763074336839,,,466.710205078125,,,
1763074336861,0.0,,,1.0630500316619873,2.40405011177063,2.2300500869750977
1763074336875,,44.559250447976254,466.710205078125,,,
1763074336876,,,,2.004000186920166,1.4119501113891602,2.239950180053711
1763074336894,,,,,2.0659501552581787,1.6750500202178955
1763074336895,,,,2.5860002040863037,,
1763074336914,,,,2.5830001831054688,2.076000213623047,1.67205011844635
1763074336917,,33.57086901900222,466.710205078125,,,
1763074336933,,,,,0.09105000644922256,
1763074336934,,,,2.9659502506256104,,1.6699501276016235
1763074336953,,,,4.23105001449585,-0.7699500322341919,1.6939500570297241
1763074336958,,34.55203125649901,,,,
1763074336962,0.0,,,,,
1763074336969,1.0,,,,,
1763074336977,,,,3.886050224304199,-0.7800000309944153,1.6800000667572021
1763074336993,,,,4.956000328063965,0.032999999821186066,1.6560001373291016
1763074336997,,39.35589600341148,,,,
1763074337011,,,,,2.9710500240325928,
1763074337012,,,,4.474950313568115,,1.6630500555038452
1763074337031,,,,3.397050142288208,5.298000335693359,3.2689502239227295
1763074337039,,27.958540179846256,,,,
1763074337044,,,64.49544270833334,,,
1763074337050,,,,6.342000484466553,-0.4900500178337097,4.195950031280518
1763074337062,1.0,,,,,
1763074337070,,,,10.70205020904541,-0.7339500188827515,4.7989501953125
1763074337074,,31.796758497663458,,,,
1763074337075,,,64.49544270833334,,,
1763074337096,,,,,2.410950183868408,
1763074337097,,,,10.699950218200684,,4.797000408172607
1763074337114,,29.678320199413022,,,,
1763074337115,,,64.49544270833334,9.3589506149292,1.8859500885009766,4.795050144195557
1763074337135,,,,,-0.9070500135421753,
1763074337136,,,,9.675000190734863,,4.81095027923584
1763074337148,,,,,-0.5689499974250793,4.809000015258789
1763074337149,,,,11.263050079345703,,
1763074337155,,52.96527089390055,,,,
1763074337162,1.0,,,,,
1763074337168,,,,13.402950286865234,1.1749500036239624,4.78695011138916
1763074337186,2.0,,,13.044000625610352,-0.4759500324726105,4.195950031280518
1763074337193,,59.604623592374026,,,,
1763074337197,,,690.78125,,,
1763074337198,,,690.78125,,,
1763074337212,,,,10.96095085144043,-4.204050064086914,3.43500018119812
1763074337226,,,,11.29800033569336,-4.2109503746032715,2.371950149536133
1763074337233,,61.2178209337184,690.78125,,,
1763074337245,,,,,-4.491000175476074,
1763074337247,,,,13.98495101928711,,2.376000165939331
1763074337262,2.0,,,,,
1763074337265,,,,,-5.086950302124023,
1763074337268,,,,15.493050575256348,,2.3740501403808594
1763074337273,,61.111813643648546,690.78125,,,
1763074337285,,,,16.348051071166992,-5.755050182342529,2.371950149536133
1763074337304,,,,,-5.760000228881836,2.376000165939331
1763074337305,,,,16.671001434326172,,
1763074337313,,48.490208069319266,690.78125,,,
1763074337316,,,715.205078125,,,
1763074337323,,,,,-4.849950313568115,
1763074337324,,,,17.374950408935547,,2.376000165939331
1763074337343,,,,18.144001007080078,-3.9019501209259033,2.6520001888275146
1763074337353,,39.70588078677327,715.205078125,,,
1763074337362,2.0,,,,-3.9019501209259033,
1763074337363,,,,18.98400115966797,,2.665950059890747
1763074337382,,,,18.996000289916992,-3.636000156402588,3.43500018119812
1763074337397,,51.90377974704123,,,,
1763074337398,,,715.205078125,,,
1763074337402,5.0,,717.9248046875,18.05805015563965,-4.1170501708984375,3.4489500522613525
1763074337422,,,,17.410951614379883,-4.126950263977051,3.43500018119812
1763074337433,,49.657525591739535,717.9248046875,,,
1763074337441,,,,16.621049880981445,-3.4780502319335938,3.4560000896453857
1763074337460,,,,15.285000801086426,-2.479950189590454,3.4390501976013184
1763074337462,5.0,,,,,
1763074337473,,36.62641246308813,717.9248046875,,,
1763074337480,,,,14.689050674438477,-1.711050033569336,3.436950206756592
1763074337499,,,,,-0.39705002307891846,
1763074337501,,,,14.694000244140625,,3.4390501976013184
1763074337513,,62.16314101327745,,,,
1763074337519,,,,14.976000785827637,0.9670500755310059,2.5729501247406006
1763074337541,,,,15.472050666809082,2.641050100326538,1.6459500789642334
1763074337554,,54.81776737825054,,,,
1763074337558,,,215.33203125,14.380050659179688,3.5380501747131348,1.6410000324249268
1763074337562,5.0,,,,,
1763074337577,,,,,2.5830001831054688,1.3519500494003296
1763074337578,,,,11.859000205993652,,
1763074337594,,49.88310288220695,215.33203125,,,
1763074337597,,,,12.10995101928711,0.673050045967102,1.3399500846862793
1763074337616,,,,,-0.33195000886917114,
1763074337617,,,,13.561050415039062,,1.3639500141143799
1763074337620,0.0,,,,,
1763074337633,,44.640780215996394,215.33203125,,,
1763074337636,,,,12.76395034790039,-2.2639501094818115,1.3560000658035278
1763074337658,,,,9.115050315856934,-5.158950328826904,1.3540500402450562
1763074337662,0.0,,,,,
1763074337673,,35.830182979074515,215.33203125,,,
1763074337675,,,,3.649050235748291,-8.133000373840332,1.3590000867843628
1763074337694,,,,,-8.152050018310547,
1763074337695,,,,1.8460501432418823,,1.3540500402450562
1763074337713,,33.53429118744454,,,,
1763074337714,,,,3.0960001945495605,-6.487950325012207,1.366050124168396
1763074337734,,,,4.575000286102295,-4.540950298309326,1.3590000867843628
1763074337753,,50.006930548828365,,,-2.868000030517578,1.3609501123428345
1763074337754,,,,5.595000267028809,,
1763074337758,,,93.25904482886905,,,
1763074337763,0.0,,,,,
1763074337772,,,,,-1.6750500202178955,
1763074337773,,,,5.610000133514404,,0.8779500126838684
1763074337792,,,,5.314950466156006,-1.6900501251220703,0.33195000886917114
1763074337794,,63.9210507961456,93.25904482886905,,,
1763074337811,,,,,-1.2799500226974487,
1763074337812,,,,4.978050231933594,,-0.6439500451087952
1763074337831,,,,6.78795051574707,-0.20295001566410065,-1.828950047492981
1763074337834,,72.17848364752848,93.25904482886905,,,
1763074337837,3.0,,,,,
1763074337851,,,,8.662050247192383,0.5790000557899475,-2.425950050354004
1763074337863,3.0,,,,,
1763074337870,,,,9.424050331115723,1.0390501022338867,-2.445000171661377
1763074337874,,78.39281172294864,,,,
1763074337891,,,,10.221000671386719,1.048050045967102,-2.430000066757202
1763074337909,,,,10.918050765991211,0.6079500317573547,-2.445000171661377
1763074337914,,63.984680319995874,,,,
1763074337929,,,,12.678000450134277,-0.4540500342845917,-1.828950047492981
1763074337948,,,,14.257950782775879,-0.4729500114917755,-1.8199501037597656
1763074337957,,57.566381778620936,,,,
1763074337963,,,52.36788504464286,,,
1763074337964,3.0,,,,,
1763074337968,,,,17.368051528930664,-0.4759500324726105,-1.8169500827789307
1763074337987,,,,17.361000061035156,0.3559500277042389,-1.8370500802993774
1763074337994,,76.15263080812481,52.36788504464286,,,
1763074338008,,,,17.374950408935547,-1.3090500831604004,-1.8220500946044922
1763074338026,,,,,-0.7990500330924988,
1763074338028,,,,16.987051010131836,,-1.1539500951766968
1763074338034,,74.46092510403058,,,,
1763074338035,,,52.36788504464286,,,
1763074338046,,,,16.426950454711914,-1.374000072479248,-1.1539500951766968
1763074338054,1.0,,,,,
1763074338063,1.0,,,,,
1763074338065,,,,,-1.3830000162124634,
1763074338066,,,,17.389951705932617,,-1.144950032234192
1763074338074,,54.82998846659103,,,,
1763074338085,,,,15.772951126098633,0.8449500203132629,-0.27105000615119934
1763074338104,,,,,-3.220050096511841,
1763074338105,,,,20.457000732421875,,-0.26805001497268677
1763074338117,,55.62915587135714,,,,
1763074338121,,,457.6214163643973,,,
1763074338127,,,,,-0.39000001549720764,0.7270500063896179
1763074338128,,,,15.220050811767578,,
1763074338143,,,,,-2.63100004196167,
1763074338144,,,,14.473051071166992,,0.739050030708313
1763074338153,,60.71405917204004,457.6214163643973,,,
1763074338163,1.0,,,13.044000625610352,-2.6430001258850098,0.7270500063896179
1763074338182,,,,,-3.579000234603882,
1763074338183,,,,11.737051010131836,,0.4320000112056732
1763074338193,,44.529779497000376,457.6214163643973,,,
1763074338202,,,,10.731000900268555,-3.5880000591278076,0.4440000355243683
1763074338221,,,,,-3.8800501823425293,
1763074338222,,,,10.747950553894043,,0.44895002245903015
1763074338234,,38.19161002417606,457.6214163643973,,,
1763074338239,,,491.4018903459821,,,
1763074338243,,,,9.654000282287598,-3.895050287246704,0.43905001878738403
1763074338260,,,,,-3.097050189971924,
1763074338262,,,,8.626049995422363,,0.7270500063896179
1763074338271,3.0,,,,,
1763074338273,,38.61445777061241,491.4018903459821,,,
1763074338277,3.0,,,,,
1763074338280,,,,,-2.6950502395629883,
1763074338282,,,,7.405050277709961,,0.7309500575065613
1763074338299,,,,,-2.710050106048584,
1763074338300,,,,6.56505012512207,,0.44700002670288086
1763074338313,,32.23285156693694,491.4018903459821,,,
1763074338319,,,,5.6670002937316895,-2.7019500732421875,0.45900002121925354
1763074338341,,,,4.675950050354004,-3.05400013923645,0.4510500133037567
1763074338354,,29.09978787900912,,,,
1763074338359,,,,,-3.061950206756592,
1763074338360,,,,3.807000160217285,,0.45900002121925354
1763074338377,3.0,,,,-3.3420002460479736,
1763074338378,,,,3.139050245285034,,0.037050001323223114
1763074338394,,28.651530100830556,0.0,,,
1763074338398,,,,2.880000114440918,-3.7080001831054688,0.04905000329017639
1763074338416,,,,,-4.024050235748291,
1763074338417,,,,2.8969502449035645,,0.05400000140070915
1763074338433,,28.404937199276553,,,,
1763074338436,,,,3.57705020904541,-4.41195011138916,0.05895000323653221
1763074338460,,,,4.381050109863281,-4.879050254821777,0.046950001269578934
1763074338474,,27.580218348387746,,,,
1763074338475,,,,,-5.619000434875488,
1763074338476,,,,5.221950054168701,,-0.22800001502037048
1763074338478,3.0,,,,,
1763074338488,4.0,,,,,
1763074338495,,,,5.854050159454346,-6.049950122833252,-0.4720500111579895
1763074338513,,27.392107437891266,0.0,,,
1763074338514,,,,,-6.459000110626221,-0.4620000123977661
1763074338515,,,,6.522000312805176,,
1763074338533,,,,,-7.35705041885376,
1763074338535,,,,8.029950141906738,,-0.45000001788139343
1763074338553,,44.55819679461057,,,,
1763074338554,,,,9.53895092010498,-8.986950874328613,-0.9390000700950623
1763074338575,,,,10.437000274658203,-10.13700008392334,-1.7929500341415405
1763074338579,4.0,,,,,
1763074338593,,,,11.076000213623047,-10.14900016784668,-1.7820000648498535
1763074338595,,32.601401017425104,,,,
1763074338599,,,2369.58984375,,,
1763074338612,,,,12.07395076751709,-9.756000518798828,-1.7910001277923584
1763074338632,,,,14.48805046081543,-8.923050880432129,-1.7860500812530518
1763074338634,,34.05887505099745,2369.58984375,,,
1763074338651,,,,16.765050888061523,-7.363950252532959,-1.7890501022338867
1763074338670,,,,,-5.877000331878662,
1763074338671,,,,16.369951248168945,,-1.7910001277923584
1763074338673,,50.35797210636914,2369.58984375,,,
1763074338678,4.0,,,,,
1763074338690,,,,14.437050819396973,-5.0370001792907715,-2.3179500102996826
1763074338705,3.0,,,,,
1763074338710,,,,13.18005084991455,-4.419000148773193,-2.313000202178955
1763074338713,,41.50697765793191,,,,
1763074338729,,,,,-3.9810001850128174,
1763074338730,,,,14.208001136779785,,-2.2960500717163086
1763074338749,,,,15.478950500488281,-3.1410000324249268,-1.758000135421753
1763074338753,,52.479054117635144,,,,
1763074338768,,,,,-1.7470500469207764,
1763074338770,,,,14.968950271606445,,-1.3549500703811646
1763074338779,3.0,,,,,
1763074338788,,,,,-0.5620500445365906,-1.3530000448226929
1763074338790,,,,13.582950592041016,,
1763074338794,,44.68545684403217,,,,
1763074338798,,,232.17081705729169,,,
1763074338809,,,,12.217950820922852,0.07605000585317612,-1.3699500560760498
1763074338827,,,,11.2339506149292,0.09600000083446503,-1.758000135421753
1763074338833,,34.35615976515107,232.17081705729169,,,
1763074338846,,,,,-0.28905001282691956,
1763074338847,,,,11.25105094909668,,-2.6050500869750977
1763074338866,,,,11.241000175476074,-0.5910000205039978,-2.5980000495910645
1763074338874,,60.37859145055775,232.17081705729169,,,
1763074338879,3.0,,,,,
1763074338886,,,,10.947000503540039,-0.33900001645088196,-2.5860002040863037
1763074338905,,,,,0.04800000041723251,
1763074338906,,,,10.120950698852539,,-1.5640500783920288
1763074338913,,60.17668188404902,,,,
1763074338922,0.0,,,,,
1763074338926,,,,,0.2989500164985657,-1.585050106048584
1763074338927,,,,9.819000244140625,,
1763074338944,,,,9.804000854492188,0.3160500228404999,-1.5780000686645508
1763074338954,,37.89114603054847,,,,
1763074338957,,,138.0908203125,,,
1763074338963,,,,,0.3040500283241272,
1763074338964,,,,10.46505069732666,,-1.5660001039505005
1763074338979,0.0,,,,,
1763074338983,,,,10.482000350952148,-0.28905001282691956,-1.546950101852417
1763074338993,,45.16119777592752,138.0908203125,,,
1763074339003,,,,,-0.8280000686645508,
1763074339004,,,,10.824000358581543,,-1.5589500665664673
1763074339023,,,,11.571000099182129,-1.1010000705718994,-1.0750499963760376
1763074339035,,65.47355060144426,138.0908203125,,,
1763074339042,,,,12.871950149536133,-0.7270500063896179,-1.0750499963760376
1763074339061,,,,,-0.15300001204013824,-1.0750499963760376
1763074339062,,,,13.87695026397705,,
1763074339074,,46.94509106157787,138.0908203125,,,
1763074339080,0.0,,,,,
1763074339081,,,197.080078125,14.782051086425781,-0.17205001413822174,-1.055999994277954
1763074339100,,,,,-0.8710500597953796,
1763074339101,,,,15.385951042175293,,-1.0750499963760376
1763074339113,,62.280594494321406,197.080078125,,,
1763074339120,,,,,-1.5600000619888306,
1763074339121,,,,15.405000686645508,,-1.055999994277954
1763074339139,1.0,,,15.81705093383789,-1.5750000476837158,-1.0660500526428223
1763074339154,,55.24771800081024,197.080078125,,,
1763074339159,,,,16.362001419067383,-2.0340001583099365,-1.0609500408172607
1763074339178,,,,,-2.4079501628875732,
1763074339179,,,,16.930049896240234,,-1.714050054550171
1763074339180,1.0,,,,,
1763074339194,,62.9445987256436,,,,
1763074339198,,,,16.94700050354004,-2.8030500411987305,-1.6980000734329224
1763074339218,,,,16.132949829101562,-3.097050189971924,-2.074050188064575
1763074339236,,61.757739751010945,,,,
1763074339237,,,,15.357000350952148,-3.81600022315979,-2.074050188064575
1763074339242,,,673.1644694010417,,,
1763074339260,,,,,-4.62000036239624,-2.505000114440918
1763074339261,,,,14.983050346374512,,
1763074339274,,42.02131491324585,673.1644694010417,,,
1763074339276,,,,,-5.323950290679932,-2.7490501403808594
1763074339277,,,,14.731950759887695,,
1763074339292,1.0,,,,,
1763074339295,,,,,-6.0420002937316895,
1763074339298,,,,13.992000579833984,,-3.000000238418579
1763074339314,,36.91889485165445,673.1644694010417,,,
1763074339315,,,,12.61305046081543,-6.064050197601318,-2.7490501403808594
1763074339335,,,,11.385000228881836,-6.058950424194336,-2.505000114440918
1763074339353,,33.68836819630299,673.1644694010417,,,
1763074339354,,,,10.285950660705566,-6.0420002937316895,-2.505000114440918
1763074339356,2.0,,,,,
1763074339375,,,,9.790050506591797,-6.423000335693359,-2.482950210571289
1763074339393,2.0,,,8.626049995422363,-6.423000335693359,-2.482950210571289
1763074339395,,35.83820125583596,,,,
1763074339412,,,,,-5.86305046081543,
1763074339413,,,,7.915050506591797,,-2.493000030517578
1763074339432,,,,7.483950138092041,-5.875050067901611,-2.052000045776367
1763074339433,,49.40311738845148,,,,
1763074339438,,,63.370186941964285,,,
1763074339452,,,,7.096950531005859,-6.150000095367432,-1.758000135421753
1763074339471,,,,,-6.153000354766846,-1.1470500230789185
1763074339472,,,,6.421050071716309,,
1763074339474,,49.552613119305214,63.370186941964285,,,
1763074339492,,,,,-6.153000354766846,-0.5509500503540039
1763074339493,2.0,,,6.069000244140625,,
1763074339510,,,,6.0859503746032715,-6.154950141906738,-0.534000039100647
1763074339514,,40.281838010815925,63.370186941964285,,,
1763074339530,,,,,-7.012050151824951,-0.5389500260353088
1763074339532,,,,6.687000274658203,,
1763074339549,,,,,-7.7659502029418945,
1763074339551,,,,6.687000274658203,,-0.2850000262260437
1763074339553,,28.71657640811165,,,,
1763074339569,,,,7.032000541687012,-7.768950462341309,-0.283050000667572
1763074339576,8.0,,,,,
1763074339588,,,,,-8.133000373840332,-0.2779500186443329
1763074339589,,,,6.6220502853393555,,
1763074339592,8.0,,,,,
1763074339594,,29.749388709659847,,,,
1763074339609,,,,6.048000335693359,-8.383950233459473,-0.2659500241279602
1763074339627,,,,,-8.7649507522583,-0.26805001497268677
1763074339628,,,,5.725050449371338,,
1763074339637,,31.179899391953757,0.0,,,
1763074339647,,,,6.069000244140625,-9.433050155639648,-0.27105000615119934
1763074339666,,,,6.450000286102295,-9.82800006866455,-0.283050000667572
1763074339674,,30.453660059750298,,,,
1763074339686,,,,6.199050426483154,-9.426000595092773,-0.6949500441551208
1763074339694,8.0,,,,,
1763074339705,,,,,-8.973000526428223,
1763074339706,,,,6.20805025100708,,-0.9820500612258911
1763074339717,,33.65031747160445,,,,
1763074339718,,,0.0,,,
1763074339725,,,,,-8.30505084991455,
1763074339726,,,,7.606950283050537,,-0.970050036907196
1763074339744,,,,,-8.32395076751709,
1763074339745,,,,9.03600025177002,,-0.9750000238418579
1763074339757,,27.154248650873996,,,,
1763074339764,,,,10.321950912475586,-8.053950309753418,-0.9820500612258911
1763074339783,,,,,-7.234950542449951,
1763074339784,,,,,,-0.9630000591278076
1763074339785,,,,11.658000946044922,,
1763074339793,6.0,39.659275003598744,,,,
1763074339795,6.0,,,,,
1763074339797,,,225.3955078125,,,
1763074339803,,,,,-6.523950099945068,
1763074339805,,,,12.117000579833984,,-1.2400500774383545
1763074339822,,,,,-6.142950057983398,
1763074339826,,,,12.121950149536133,,-1.5709500312805176
1763074339833,,36.95174812482946,,,,
1763074339834,,,225.3955078125,,,
1763074339842,,,,12.120000839233398,-6.1650004386901855,-1.5679501295089722
1763074339862,,,,12.1360502243042,-5.583000183105469,-1.5520501136779785
1763074339873,,34.20334429765906,225.3955078125,,,
1763074339881,,,,12.133950233459473,-4.957950115203857,-1.5540000200271606
1763074339896,6.0,,,,,
1763074339900,,,,,-3.95205020904541,
1763074339901,,,,12.655950546264648,,-1.168950080871582
1763074339913,,46.07896400266846,225.3955078125,,,
1763074339920,,,,13.252050399780273,-2.608950138092041,-1.1539500951766968
1763074339944,,,,13.273950576782227,-1.6110000610351562,-1.1470500230789185
1763074339953,,67.124737186065,,,,
1763074339959,,,,13.270950317382812,-1.1290500164031982,-1.1490000486373901
1763074339978,,,,,-0.5620500445365906,
1763074339979,,,,12.678000450134277,,-1.4130001068115234
1763074339994,,71.34729795418411,,,,
1763074339997,6.0,,,,,
1763074339998,,,,12.66300106048584,-0.06599999964237213,-1.4269500970840454
1763074340000,,,514.4233049665179,,,
1763074340010,1.0,,,,,
1763074340017,,,,,0.4140000343322754,
1763074340018,,,,12.661050796508789,,-1.4299501180648804
1763074340033,,47.42914903235861,514.4233049665179,,,
1763074340037,,,,,0.7800000309944153,
1763074340039,,,,12.678000450134277,,-1.4130001068115234
1763074340060,,,,12.66300106048584,0.5070000290870667,-1.4269500970840454
1763074340073,,46.96686070732591,514.4233049665179,,,
1763074340077,,,,12.687000274658203,-0.4249500334262848,-1.4029500484466553
1763074340096,1.0,,,12.687000274658203,-1.0720500946044922,-1.699950098991394
1763074340113,,44.76723272792537,,,,
1763074340115,,,,,-0.5689499974250793,-1.6909500360488892
1763074340116,,,,13.129950523376465,,
1763074340135,,,,13.956000328063965,0.48600003123283386,-1.7170500755310059
1763074340153,,33.73239761662943,,,,
1763074340154,,,,,1.1470500230789185,
1763074340155,,,,14.659950256347656,,-2.0020501613616943
1763074340176,,,,14.983050346374512,1.165950059890747,-2.004000186920166
1763074340193,,72.74126031632476,,,,
1763074340195,,,,14.980950355529785,-0.10200000554323196,-2.004000186920166
1763074340197,1.0,,534.658203125,,,
1763074340213,,,,15.000000953674316,-0.8640000224113464,-1.984950065612793
1763074340226,3.0,,,,,
1763074340232,,,,15.241950988769531,-1.467000126838684,-1.9800001382827759
1763074340233,,64.50499720300667,,,,
1763074340234,,,534.658203125,,,
1763074340252,,,,16.104000091552734,-1.812000036239624,-1.9950001239776611
1763074340271,,,,,-2.1850500106811523,
1763074340272,,,,17.11695098876953,,-1.9800001382827759
1763074340274,,62.757900349876444,534.658203125,,,
1763074340278,,,312.9345703125,,,
1763074340291,,,,,-2.4649500846862793,
1763074340292,,,,18.0,,-1.9870500564575195
1763074340310,3.0,,,,-2.9110500812530518,
1763074340312,,,,17.497051239013672,,-1.9969501495361328
1763074340314,,64.44971485400545,312.9345703125,,,
1763074340331,,,,17.20305061340332,-3.4999501705169678,-1.9830000400543213
1763074340349,,,,,-4.527000427246094,
1763074340350,,,,18.783000946044922,,-1.984950065612793
1763074340353,,56.6894132322594,312.9345703125,,,
1763074340369,,,,19.4010009765625,-5.080050468444824,-1.9830000400543213
1763074340389,,,,18.98400115966797,-5.791050434112549,-1.9900500774383545
1763074340393,,57.545372690046676,,,,
1763074340410,3.0,,,17.45400047302246,-6.5809502601623535,-1.9900500774383545
1763074340427,,,,,-7.113000392913818,
1763074340428,,,,14.78895092010498,,-1.7359501123428345
1763074340437,,58.192801113519046,,,,
1763074340443,1.0,,122.66592843191964,,,
1763074340444,,,122.66592843191964,,,
1763074340447,,,,,-7.120050430297852,
1763074340448,,,,12.261000633239746,,-1.7359501123428345
1763074340466,,,,,-7.378050327301025,
1763074340467,,,,10.573050498962402,,-1.111050009727478
1763074340474,,58.66568563339733,122.66592843191964,,,
1763074340486,,,,9.409049987792969,-6.969000339508057,-0.6949500441551208
1763074340505,,,,,-6.610050201416016,
1763074340506,,,,8.338950157165527,,-0.6780000329017639
1763074340511,1.0,,,,,
1763074340513,,50.88666851984633,,,,
1763074340514,,,122.66592843191964,,,
1763074340526,,,,7.219050407409668,-6.193050384521484,-0.687000036239624
1763074340544,,,,,-6.214950084686279,
1763074340546,,,,6.673050403594971,,-0.690000057220459
1763074340554,,45.19409790257886,122.66592843191964,,,
1763074340560,,,108.75313895089286,,,
1763074340564,,,,,-6.210000514984131,-0.6949500441551208
1763074340566,,,,6.2059502601623535,,
1763074340584,,,,5.602050304412842,-6.718050479888916,-0.16995000839233398
1763074340593,,40.919634111812,,,,
1763074340594,,,108.75313895089286,,,
1763074340603,,,,5.611950397491455,-6.721950531005859,-0.16095000505447388
1763074340611,1.0,,,,,
1763074340623,,,,5.229000091552734,-7.1770501136779785,-0.16095000505447388
1763074340633,,36.362866263620305,108.75313895089286,,,
1763074340643,,,,4.912950038909912,-7.43595027923584,-0.16500000655651093
1763074340659,7.0,,,,,
1763074340661,,,,,-7.4569501876831055,
1763074340662,,,,4.590000152587891,,-0.1680000126361847
1763074340674,,32.75597555983557,,,,
1763074340681,,,,4.2019500732421875,-7.450050354003906,0.10905000567436218
1763074340701,,,,4.209000110626221,-7.438050270080566,0.11595000326633453
1763074340711,7.0,,,,,
1763074340713,,33.95676478229094,,,,
1763074340720,,,,4.219050407409668,-7.903050422668457,0.12600000202655792
1763074340724,,,136.0,,,
1763074340726,,,136.0,,,
1763074340741,,,,4.768950462341309,-8.355000495910645,0.12300000339746475
1763074340753,,35.88045526375038,136.0,,,
1763074340759,,,,5.538000106811523,-8.371950149536133,0.11595000326633453
1763074340779,,,,6.292050361633301,-8.104050636291504,0.11100000888109207
1763074340794,,42.64923849445761,136.0,,,
1763074340798,,,,,-8.122950553894043,
1763074340800,,,,7.462950229644775,,0.13095000386238098
1763074340810,7.0,,,,,
1763074340818,,,,,-7.729950428009033,
1763074340820,,,,8.928000450134277,,-0.6589500308036804
1763074340837,,,,,-7.386000156402588,
1763074340838,,,,10.516050338745117,,-0.6559500098228455
1763074340858,,37.15335063142973,136.0,,,
1763074340860,,,,,-6.588000297546387,
1763074340861,,,,11.442000389099121,,-1.5130500793457031
1763074340863,,,92.58968098958334,,,
1763074340876,,32.11972316003929,92.58968098958334,,,
1763074340878,6.0,,,11.773050308227539,-5.985000133514404,-1.4989501237869263
1763074340896,,,,12.088950157165527,-5.689950466156006,-1.8870000839233398
1763074340911,6.0,,,,,
1763074340914,,36.44133553293165,92.58968098958334,,,
1763074340916,,,,12.34695053100586,-5.710050106048584,-2.4690001010894775
1763074340936,,,,13.044000625610352,-5.707050323486328,-2.4690001010894775
1763074340953,,30.061673478496363,,,,
1763074340954,,,,,-5.238000392913818,
1763074340955,,,,13.567950248718262,,-2.052000045776367
1763074340974,,,,13.582950592041016,-4.62000036239624,-2.0380501747131348
1763074340993,,,,,-3.9019501209259033,
1763074340994,,32.90397066545604,,13.582950592041016,,-1.5130500793457031
1763074340999,,,267.6416015625,,,
1763074341011,6.0,,,,,
1763074341013,,,,13.585050582885742,-3.5209500789642334,-1.4970000982284546
1763074341032,,,,,-3.1549501419067383,
1763074341033,,41.06724995301655,267.6416015625,13.94895076751709,,-1.5040500164031982
1763074341052,,,,,-2.1850500106811523,
1763074341054,,,,14.48805046081543,,-1.492050051689148
1763074341072,,,,,-0.6769500374794006,
1763074341074,,46.93152797050451,267.6416015625,14.926051139831543,,-1.0180500745773315
1763074341093,1.0,,,,,
1763074341094,,,,14.923050880432129,0.6150000095367432,-1.0200001001358032
1763074341110,,,,,1.434000015258789,
1763074341111,1.0,,,14.005950927734375,,-1.0249500274658203
1763074341114,,52.12426648882747,267.6416015625,,,
1763074341136,,,,,1.434000015258789,-1.0249500274658203
1763074341138,,,,12.922050476074219,,
1763074341151,,,,12.5910005569458,0.48600003123283386,-1.0339500904083252
1763074341153,,65.67340130893108,,,,
1763074341170,,,,12.574950218200684,0.1980000138282776,-1.0339500904083252
1763074341193,,60.88265298866262,,13.18005084991455,0.8160000443458557,-1.0300500392913818
1763074341197,,,169.453125,,,
1763074341210,1.0,,,13.159050941467285,1.3759500980377197,-1.6930500268936157
1763074341229,,,,13.177950859069824,1.3810501098632812,-2.3389501571655273
1763074341234,,46.071515031325006,,,,
1763074341235,,,169.453125,,,
1763074341248,,,,,0.9450000524520874,-2.3610000610351562
1763074341249,,,,13.9350004196167,,
1763074341268,,,,14.574000358581543,0.21300001442432404,-2.347050189971924
1763074341278,,69.00297775638589,169.453125,,,
1763074341287,,,,,0.22995001077651978,
1763074341288,,,,15.702000617980957,,-2.3389501571655273
1763074341308,,,,16.68600082397461,0.22200001776218414,-2.3560500144958496
1763074341314,,62.39860928967076,,,,
1763074341326,1.0,,,16.66604995727539,-0.037950001657009125,-2.3590500354766846
1763074341346,,,,16.69500160217285,-0.49695003032684326,-2.3299500942230225
1763074341353,,58.978089771976066,,,,
1763074341365,,,,,-1.27305006980896,
1763074341366,,,,17.145000457763672,,-2.320050001144409
1763074341385,,,,17.404050827026367,-2.0269501209259033,-1.9009500741958618
1763074341393,,64.98878437908412,,,,
1763074341398,,,557.673828125,,,
1763074341404,,,,,-2.737950086593628,
1763074341405,,,,17.404050827026367,,-1.9009500741958618
1763074341426,,,,,-3.68595027923584,
1763074341427,,,,16.470001220703125,,-1.8870000839233398
1763074341428,1.0,,,,,
1763074341437,,49.10398045763094,557.673828125,,,
1763074341444,,,,15.457050323486328,-4.79295015335083,-1.8820500373840332
1763074341463,,,,14.551950454711914,-5.899050235748291,-1.9009500741958618
1763074341473,,42.83345298596828,557.673828125,,,
1763074341482,,,,,-6.9910502433776855,
1763074341483,,,,15.421051025390625,,-1.8870000839233398
1763074341502,,,,14.832000732421875,-6.394050121307373,-1.8840000629425049
1763074341514,,37.24543261237001,,,,
1763074341521,,,,,-5.719050407409668,
1763074341522,,,,13.963050842285156,,-1.8889501094818115
1763074341526,2.0,,,,,
1763074341528,2.0,,,,,
1763074341544,,,,,-5.722050189971924,
1763074341545,,,,12.979050636291504,,-1.8870000839233398
1763074341553,,41.139231635453505,,,,
1763074341557,,,56.40034993489583,,,
1763074341558,,,56.40034993489583,,,
1763074341561,,,,11.434950828552246,-5.731050491333008,-1.9009500741958618
1763074341580,,,,,-5.719050407409668,
1763074341581,,,,10.285950660705566,,-1.8889501094818115
1763074341594,,43.17273965510422,56.40034993489583,,,
1763074341600,,,,9.337950706481934,-5.724000453948975,-1.8840000629425049
1763074341619,,,,8.109000205993652,-5.740950107574463,-1.6000500917434692
1763074341628,2.0,,,,,
1763074341633,,36.00177420981292,56.40034993489583,,,
1763074341639,,,,,-5.737950325012207,-1.5919500589370728
1763074341641,,,,7.183050155639648,,
1763074341658,,,,6.529050350189209,-5.719050407409668,-0.2850000262260437
1763074341674,,29.62013718946579,56.40034993489583,,,
1763074341678,,,,5.73900032043457,-5.737950325012207,0.5539500117301941
1763074341697,,,,5.401050090789795,-5.181000232696533,0.5539500117301941
1763074341716,,,,,-5.190000057220459,
1763074341717,,32.62240357113413,,5.092950344085693,,0.5640000104904175
1763074341728,2.0,,,,,
1763074341736,,,,4.489050388336182,-6.028050422668457,0.5640000104904175
1763074341744,3.0,,,,,
1763074341753,,30.72706615482649,0.0,,,
1763074341756,,,,4.237950325012207,-6.459000110626221,0.5640000104904175
1763074341775,,,,4.255050182342529,-6.466050148010254,0.5710500478744507
1763074341794,,30.80233495483148,,,,
1763074341795,,,,4.747950077056885,-6.475950241088867,0.21705001592636108
1763074341814,,,,5.559000492095947,-6.459000110626221,-0.2639999985694885
1763074341829,3.0,,,,,
1763074341834,,28.267504046689137,0.0,,-7.255950450897217,
1763074341835,,,,,,-0.5149500370025635
1763074341836,,,,6.522000312805176,,
1763074341853,,,,,-7.852950572967529,-0.8089500665664673
1763074341854,,,,7.089000225067139,,
1763074341873,,,,7.099050521850586,-7.872000217437744,-0.7999500632286072
1763074341874,,28.66883166449865,,,,
1763074341894,,,,8.029950141906738,-6.8610005378723145,-0.8050500154495239
1763074341912,,,,9.259050369262695,-6.129000186920166,-0.7950000166893005
1763074341914,,27.896898092416407,,,,
1763074341930,3.0,,,,,
1763074341931,,,,,-5.511000156402588,-1.054050087928772
1763074341933,,,,10.401000022888184,,
1763074341951,,,,11.083050727844238,-5.194950103759766,-1.0390501022338867
1763074341953,,28.56881924352593,0.0,,,
1763074341970,,,,,-4.627050399780273,-1.420050024986267
1763074341971,,,,11.104950904846191,,
1763074341990,,,,11.088000297546387,-4.275000095367432,-1.4149500131607056
1763074341994,,29.249836049222033,,,,
1763074342010,,,,,-4.278000354766846,
1763074342011,,,,11.506950378417969,,-1.7929500341415405
1763074342029,3.0,,,11.815950393676758,-4.540950298309326,-1.7860500812530518
1763074342034,,28.961970988848933,0.0,,,
1763074342048,,,,,-4.785000324249268,
1763074342049,,,,11.827950477600098,,-3.280050039291382
1763074342068,,,,,-4.80495023727417,
1763074342069,,,,,,-3.2730002403259277
1763074342073,,27.13804249754199,,,,
1763074342087,,,,,-4.153050422668457,
1763074342089,,,,,,-3.2779500484466553
1763074342090,,,,11.385000228881836,,
1763074342107,,,,11.629050254821777,-2.9389500617980957,-3.271050214767456
1763074342114,,29.60280086748378,0.0,,,
1763074342129,3.0,,,12.031050682067871,-1.8330000638961792,-3.2760002613067627
1763074342146,,,,11.614950180053711,-1.467000126838684,-3.259050130844116
1763074342153,,29.41638175475657,,,,
1763074342165,,,,,-1.201050043106079,
1763074342166,,,,11.634000778198242,,-2.0160000324249268
1763074342178,1.0,,,,,
1763074342185,,,,11.320050239562988,-0.7339500188827515,-1.1759999990463257
1763074342197,,32.21922898330342,,,,
1763074342204,,,,,-0.1879500150680542,
1763074342205,,,,11.332050323486328,,-1.1640000343322754
1763074342225,,,,11.313000679016113,0.5719500184059143,-1.1830500364303589
1763074342230,1.0,,,,,
1763074342233,,31.988074291137593,,,,
1763074342234,,,0.0,,,
1763074342245,,,,11.301000595092773,1.111050009727478,-1.1950500011444092
1763074342263,,,,11.302950859069824,0.6289500594139099,-1.1929500102996826
1763074342273,,23.492257510562528,,,,
1763074342282,,,,,-0.5260500311851501,
1763074342283,,,,11.679000854492188,,-1.1610000133514404
1763074342302,,,,12.850050926208496,-0.5380499958992004,-1.771950125694275
1763074342313,,26.33527997226508,0.0,,,
1763074342322,,,,13.884000778198242,0.13395000994205475,-1.771950125694275
1763074342331,1.0,,,,,
1763074342344,,,,14.18595027923584,1.0960500240325928,-2.281949996948242
1763074342353,,28.02874131731064,,,,
1763074342361,,,,14.81100082397461,1.434000015258789,-2.2890000343322754
1763074342380,,,,,0.4140000343322754,
1763074342381,,,,15.895950317382812,,-2.2990500926971436
1763074342393,,73.1984662965756,,,,
1763074342396,,,3540.3369140625,,,
1763074342400,,,,17.124000549316406,-0.1380000114440918,-2.8780500888824463
1763074342419,,,,,-0.15000000596046448,-2.880000114440918
1763074342420,,,,17.907001495361328,,
1763074342430,1.0,,,,,
1763074342433,,59.004471374074654,3540.3369140625,,,
1763074342439,,,,17.89695167541504,-0.1189500093460083,-2.8879501819610596
1763074342461,,,,17.311050415039062,-0.1380000114440918,-2.5260000228881836
1763074342473,,72.44283298885959,3540.3369140625,,,
1763074342480,,,,16.87200164794922,-1.1440500020980835,-2.517000198364258
1763074342497,,,,,-2.070000171661377,-2.524050235748291
1763074342498,,,,16.875,,
1763074342514,,66.39805581486306,3540.3369140625,,,
1763074342517,,,,16.204050064086914,-3.1050002574920654,-2.5189502239227295
1763074342531,1.0,,,,,
1763074342536,,,,,-4.138950347900391,-2.514000177383423
1763074342537,,,,15.535950660705566,,
1763074342553,,57.47153188365532,,,,
1763074342556,,,,14.926051139831543,-5.317050457000732,-2.8780500888824463
1763074342580,,,,14.935050964355469,-6.2440505027771,-2.8690500259399414
1763074342594,,40.747615812947984,,,,
1763074342595,,,,13.827000617980957,-6.508950233459473,-2.8660502433776855
1763074342597,,,164.5458984375,,,
1763074342614,,,,,-6.511950492858887,
1763074342615,,,,12.520051002502441,,-2.863950252532959
1763074342631,1.0,,,,,
1763074342633,,39.16020661531802,164.5458984375,,,
1763074342634,,,,11.2339506149292,-5.755050182342529,-2.8780500888824463
1763074342653,,,,,-5.758050441741943,
1763074342654,,,,9.961950302124023,,-2.8759500980377197
1763074342673,,42.49440895919416,164.5458984375,8.677050590515137,-5.760000228881836,-2.8729500770568848
1763074342681,,,208.0645751953125,,,
1763074342695,,,,7.743000507354736,-5.769000053405762,-2.863950252532959
1763074342713,,,,7.111050128936768,-5.758050441741943,-2.8759500980377197
1763074342715,,42.937033403729366,208.0645751953125,,,
1763074342731,,,,,-5.772000312805176,
1763074342732,1.0,,,6.730050086975098,,-1.8870000839233398
1763074342751,,,,,-5.389050483703613,
1763074342752,,,,6.4860005378723145,,-1.1179500818252563
1763074342753,,42.75777053736946,208.0645751953125,,,
1763074342770,,,,,-5.094000339508057,
1763074342771,,,,6.169950485229492,,-0.6010500192642212
1763074342790,,,,5.803950309753418,-4.8070502281188965,-0.2989500164985657
1763074342794,,40.67770049910342,208.0645751953125,,,
1763074342812,,,,5.824950218200684,-4.819050312042236,-0.2779500186443329
1763074342828,3.0,,,5.815950393676758,-4.809000015258789,-0.286950021982193
1763074342832,3.0,,,,,
1763074342833,,43.85591552085816,,,,
1763074342849,,,,,-5.224050045013428,-0.28005000948905945
1763074342850,,,,6.60105037689209,,
1763074342868,,,,,-6.0420002937316895,
1763074342870,,,,6.60105037689209,,-0.2989500164985657
1763074342874,,42.62264167217897,,,,
1763074342877,,,1039.6728515625,,,
1763074342888,,,,6.6060004234313965,-6.046950340270996,-0.2950500249862671
1763074342907,,,,,-6.046950340270996,
1763074342908,,,,6.6060004234313965,,-0.8530500531196594
1763074342917,,48.23129033100278,1039.6728515625,,,
1763074342927,,,,6.6220502853393555,-6.064050197601318,-1.5280500650405884
1763074342944,3.0,,,,,
1763074342946,,,,7.663950443267822,-6.517050266265869,-1.5090000629425049
1763074342958,,40.36792423771473,1039.6728515625,,,
1763074342966,,,,,-7.378050327301025,
1763074342967,,,,9.0,,-1.8079501390457153
1763074342985,,,,9.473999977111816,-7.651050567626953,-1.8030000925064087
1763074342993,,36.04698962439325,,,,
1763074343005,,,,8.935050010681152,-7.156050205230713,-2.1310501098632812
1763074343025,,,,,-7.1770501136779785,
1763074343026,,,,8.944950103759766,,-2.1220500469207764
1763074343033,,35.26204433368272,,,,
1763074343040,,,186.02311197916669,,,
1763074343044,3.0,,,,-6.294000148773193,-2.1190500259399414
1763074343045,,,,10.056000709533691,,
1763074343063,,,,,-4.885950088500977,
1763074343064,,,,11.421000480651855,,-1.8870000839233398
1763074343073,,42.33437057233832,186.02311197916669,,,
1763074343083,,,,11.428050994873047,-4.038000106811523,-1.8799500465393066
1763074343102,,,,,-4.05495023727417,
1763074343104,,,,10.73805046081543,,-1.8870000839233398
1763074343114,,47.496844837101264,186.02311197916669,,,
1763074343122,,,,,-4.0410003662109375,
1763074343123,,,,9.697050094604492,,-1.8769501447677612
1763074343145,3.0,,,9.699000358581543,-4.057950019836426,-2.1670501232147217
1763074343153,,46.96846903996317,186.02311197916669,,,
1763074343161,,,,10.329000473022461,-4.050000190734863,-2.5410001277923584
1763074343180,,,,,-4.04295015335083,
1763074343181,,,,10.947000503540039,,-2.7850501537323
1763074343194,,45.79158430662518,,,,
1763074343200,,,,10.954050064086914,-3.535950183868408,-2.482950210571289
1763074343219,,,,,-3.05400013923645,
1763074343220,,,,10.951050758361816,,-2.4780001640319824
1763074343233,,59.401458607724905,,,,
1763074343237,,,157.83447265625,,,
1763074343239,,,,11.421000480651855,-2.1850500106811523,-2.461050033569336
1763074343246,3.0,,,,,
1763074343259,,,,12.225000381469727,-1.2079501152038574,-2.4810001850128174
1763074343262,1.0,,,,,
1763074343273,,59.755635696879914,157.83447265625,,,
1763074343278,,,,12.958050727844238,0.012000000104308128,-2.505000114440918
1763074343297,,,,,0.8449500203132629,
1763074343298,,,,12.940950393676758,,-2.8129501342773438
1763074343313,,60.60216746451637,,,,
1763074343314,,,157.83447265625,,,
1763074343317,,,,,1.5340501070022583,-2.8249502182006836
1763074343318,,,,12.946050643920898,,
1763074343337,,,,12.93600082397461,1.807050108909607,-2.8350000381469727
1763074343346,1.0,,,,,
1763074343353,,50.74965707138459,,,,
1763074343356,,,,,1.8220500946044922,
1763074343357,,,,,,-2.8249502182006836
1763074343358,,,,12.318000793457031,,
1763074343379,,,,,0.9670500755310059,-2.83305025100708
1763074343380,,,,12.2989501953125,,
1763074343393,,44.28163804084114,,,,
1763074343395,,,,11.980950355529785,0.3060000240802765,-2.8180501461029053
1763074343414,,,,,-0.12405000627040863,
1763074343415,,,,11.976000785827637,,-3.4669501781463623
1763074343433,,56.59004261280411,,,,
1763074343434,,,,,-0.11700000613927841,-3.7900502681732178
1763074343435,,,,11.349000930786133,,
1763074343436,,,887.392578125,,,
1763074343446,1.0,,,,,
1763074343454,,,,10.990050315856934,0.13395000994205475,-3.7900502681732178
1763074343473,,55.327651307386745,887.392578125,11.385000228881836,0.14595000445842743,-3.8020501136779785
1763074343479,2.0,,,,,
1763074343495,,,,11.967000961303711,0.15300001204013824,-3.808950185775757
1763074343512,,,,12.922050476074219,-0.23205001652240753,-3.7830002307891846
1763074343514,,76.66298543982877,887.392578125,,,
1763074343532,,,,12.928950309753418,-0.6619500517845154,-3.7830002307891846
1763074343546,2.0,,,,,
1763074343551,,,,14.136000633239746,-0.6769500374794006,-3.2950501441955566
1763074343554,,73.94396473685119,,,,
1763074343571,,,,15.40005111694336,-0.6700500249862671,-2.9569501876831055
1763074343590,,,,16.362001419067383,-1.171950101852417,-2.943000078201294
1763074343593,,64.3470614309349,,,,
1763074343596,,,215.33203125,,,
1763074343611,,,,,-1.5600000619888306,
1763074343612,,,,17.137950897216797,,-2.9380500316619873
1763074343629,,,,,-1.8979500532150269,-2.9359500408172607
1763074343631,,,,17.160001754760742,,
1763074343633,,60.91387520719756,215.33203125,,,
1763074343648,2.0,,,,,
1763074343649,,,,17.137950897216797,-2.307000160217285,-2.9569501876831055
1763074343668,,,,16.528051376342773,-2.817000150680542,-2.713050127029419
1763074343673,,53.65316933325484,215.33203125,,,
1763074343688,,,,15.852001190185547,-3.715050220489502,-2.694000244140625
1763074343707,,,,,-4.71405029296875,
1763074343708,,,,14.860950469970703,,-2.701050043106079
1763074343713,,39.8839770977976,,,,
1763074343714,,,215.33203125,,,
1763074343729,,,,13.67595100402832,-5.281050205230713,-2.7079501152038574
1763074343746,,,,,-5.583000183105469,-2.694000244140625
1763074343747,,,,12.318000793457031,,
1763074343748,2.0,,,,,
1763074343753,,36.458440556952766,,,,
1763074343766,,,,11.140050888061523,-5.602050304412842,-2.6989500522613525
1763074343785,,,,,-5.94195032119751,
1763074343786,,,,10.50105094909668,,-2.694000244140625
1763074343794,,35.955037201979756,,,,
1763074343802,,,74.13069661458334,,,
1763074343803,,,74.13069661458334,,,
1763074343805,,,,9.58905029296875,-5.640000343322754,-1.966050148010254
1763074343824,,,,,-5.224050045013428,
1763074343825,,,,8.275050163269043,,-1.9470001459121704
1763074343833,,35.589229553052895,74.13069661458334,,,
1763074343847,,,,7.053000450134277,-4.978950023651123,-1.9519500732421875
1763074343848,2.0,,,,,
1763074343864,,,,6.607950210571289,-5.281050205230713,-1.9609501361846924
1763074343873,,34.85211189853078,74.13069661458334,,,
1763074343883,,,,,-5.298000335693359,
1763074343885,,,,6.630000114440918,,-1.714050054550171
1763074343902,,,,,-5.290950298309326,
1763074343903,,,,5.983050346374512,,-1.699950098991394
1763074343913,3.0,,,,,
1763074343916,,32.66123254370094,,,,
1763074343922,,,,6.000000476837158,-5.293050289154053,-1.284000039100647
1763074343942,,,,6.001950263977051,-5.583000183105469,-1.264050006866455
1763074343953,,31.79862033960664,,,,
1763074343962,,,,5.995050430297852,-6.150000095367432,-1.2720000743865967
1763074343963,3.0,,,,,
1763074343980,,,,,-6.6820502281188965,
1763074343981,,,,6.256050109863281,,-1.26705002784729
1763074343993,,31.224447362874376,,,,
1763074343997,,,51.58328683035714,,,
1763074344000,,,,6.535950183868408,-6.694050312042236,-0.8530500531196594
1763074344019,,,,,-6.696000099182129,
1763074344020,,,,6.973950386047363,,-0.8449500203132629
1763074344037,,31.748759648617,,,,
1763074344038,,,51.58328683035714,,,
1763074344039,,,,6.98205041885376,-6.696000099182129,-0.8449500203132629
1763074344062,,,,7.707000255584717,-6.6820502281188965,-0.8359500169754028
1763074344063,3.0,,,,,
1763074344077,,32.15332217698835,51.58328683035714,,,
1763074344078,,,,,-7.579950332641602,-0.8479500412940979
1763074344079,,,,8.713050842285156,,
1763074344098,,,,8.719950675964355,-8.06100082397461,-0.8449500203132629
1763074344114,,32.75097755683029,,,,
1763074344117,,,,,-8.070000648498535,
1763074344118,,,,8.728950500488281,,-0.8359500169754028
1763074344136,,,,,-7.14900016784668,
1763074344139,,,,9.144000053405762,,-0.8479500412940979
1763074344153,,34.292696821974104,,,,
1763074344156,,,,,-5.820000171661377,-0.8359500169754028
1763074344157,,,220.126220703125,9.868950843811035,,
1763074344164,3.0,,,,,
1763074344178,,,,11.938050270080566,-5.209050178527832,-0.5869500041007996
1763074344193,,34.719224696215484,220.126220703125,,,
1763074344195,,,,12.892951011657715,-4.390050411224365,-0.5869500041007996
1763074344215,,,,12.892951011657715,-4.102950096130371,-0.5869500041007996
1763074344233,,65.67029945099249,220.126220703125,,,
1763074344234,,,,,-3.643050193786621,-0.9030000567436218
1763074344236,,,,12.247050285339355,,
1763074344254,,,,11.815950393676758,-3.2700002193450928,-0.89805006980896
1763074344265,3.0,,,,,
1763074344273,,,,,-2.5159502029418945,
1763074344274,,,,11.832000732421875,,-1.8649500608444214
1763074344278,,58.38382777805043,220.126220703125,,,
1763074344281,,,242.757568359375,,,
1763074344282,,,242.757568359375,,,
1763074344294,,,,,-1.7329500913619995,
1763074344295,,,,11.815950393676758,,-1.8649500608444214
1763074344312,,,,,-1.1080501079559326,-2.203050136566162
1763074344313,,54.770250181220575,242.757568359375,11.320050239562988,,
1763074344332,,,,10.422000885009766,-0.6049500107765198,-2.180999994277954
1763074344351,,,,,-0.30300000309944153,-2.196000099182129
1763074344352,,,,9.955050468444824,,
1763074344353,,59.47868963892704,242.757568359375,,,
1763074344366,3.0,,,,,
1763074344371,,,,,-0.32505002617836,
1763074344372,,,,9.960000038146973,,-2.1979501247406006
1763074344390,,,,,-0.31095001101493835,-2.1889500617980957
1763074344393,,52.11333538701013,,10.285950660705566,,
1763074344412,,,,10.302000045776367,-0.28905001282691956,-2.1859500408172607
1763074344429,,,,,0.32805001735687256,
1763074344430,,,,10.630050659179688,,-2.205000162124634
1763074344433,,46.8736302092359,,,,
1763074344437,,,276.259765625,,,
1763074344449,,,,,0.33000001311302185,-2.2080001831054688
1763074344466,3.0,,,,,
1763074344468,,,,,0.3349500298500061,
1763074344469,,,,10.882050514221191,,-2.212050199508667
1763074344473,,48.99951566394645,276.259765625,,,
1763074344488,,,,10.860000610351562,-0.05895000323653221,-2.2240500450134277
1763074344507,,,,,-0.32505002617836,
1763074344508,,,,11.844000816345215,,-2.1979501247406006
1763074344513,,45.0052333692784,276.259765625,,,
1763074344527,,,,12.856950759887695,-0.3460500240325928,-2.2009501457214355
1763074344546,,,,,0.04800000041723251,
1763074344547,,,,13.267050743103027,,-2.212050199508667
1763074344553,,57.00262018637688,276.259765625,,,
1763074344557,,,179.37874348958331,,,
1763074344564,2.0,,,,,
1763074344565,,,,,0.673050045967102,
1763074344566,,,,13.611001014709473,,-2.454000234603882
1763074344567,2.0,,,,,
1763074344585,,,,,1.1040000915527344,
1763074344586,,,,13.599000930786133,,-2.4660000801086426
1763074344593,,72.76154418133493,,,,
1763074344594,,,179.37874348958331,,,
1763074344605,,,,13.590001106262207,0.5860500335693359,-2.4760501384735107
1763074344624,,,,,-0.21705001592636108,
1763074344626,,,,14.035050392150879,,-2.842050075531006
1763074344633,,76.30299154694487,179.37874348958331,,,
1763074344645,,,,,-0.9430500268936157,
1763074344646,,,,14.595000267028809,,-2.842050075531006
1763074344663,,,,,-1.4380500316619873,
1763074344664,,,,15.213000297546387,,-2.8249502182006836
1763074344667,2.0,,,,,
1763074344677,,60.05883147345811,,,,
1763074344683,,,,16.06800079345703,-1.7040001153945923,-2.823000192642212
1763074344702,,,,,-1.7260501384735107,
1763074344703,,,,16.570951461791992,,-2.8249502182006836
1763074344713,,43.88736431053065,,,,
1763074344717,,,170.15625,,,
1763074344722,,,,16.576051712036133,-1.714050054550171,-3.2440502643585205
1763074344743,,,,15.88800048828125,-2.4150002002716064,-3.5460002422332764
1763074344753,,40.44076379770229,170.15625,,,
1763074344762,,,,15.33495044708252,-3.076050043106079,-3.5440502166748047
1763074344766,2.0,,,,,
1763074344780,,,,14.617051124572754,-3.9810001850128174,-3.5250000953674316
1763074344797,,44.93767487169529,170.15625,,,
1763074344800,,,,14.056950569152832,-4.813950061798096,-3.52905011177063
1763074344820,,,,13.554000854492188,-5.461050033569336,-2.992950201034546
1763074344834,,35.297025863083,170.15625,,,
1763074344839,,,,12.382950782775879,-5.476950168609619,-2.9830501079559326
1763074344842,,,115.65827287946428,,,
1763074344862,,,,10.918050765991211,-4.915050029754639,-2.505000114440918
1763074344867,2.0,,,,,
1763074344873,,44.973403390477074,115.65827287946428,,,
1763074344879,,,,9.337950706481934,-4.591950416564941,-2.49495005607605
1763074344898,,,,,-4.611000061035156,
1763074344899,,,,,,-1.5490500926971436
1763074344900,,,,8.317950248718262,,
1763074344914,,41.054209647881315,115.65827287946428,,,
1763074344918,,,81.21401832217262,7.82205057144165,-4.915050029754639,-1.5280500650405884
1763074344937,,,,,-5.209050178527832,-0.9460500478744507
1763074344938,,,,7.362000465393066,,
1763074344953,,34.977341446780834,81.21401832217262,,,
1763074344956,,,,,-5.230950355529785,
1763074344957,,,,6.414000511169434,,-0.9439500570297241
1763074344967,2.0,,,,,
1763074344979,,,,5.623950481414795,-4.921950340270996,-0.9409500360488892
1763074344993,,35.43897641433755,81.21401832217262,,,
1763074344996,,,,5.193000316619873,-4.942950248718262,-0.6589500308036804
1763074344998,,,66.17658342633928,,,
1763074345016,,,,,-4.941000461578369,
1763074345017,,,,5.193000316619873,,-0.6589500308036804
1763074345033,,34.482375886219955,66.17658342633928,,,
1763074345034,,,,,-4.933950424194336,
1763074345035,,,,5.2099504470825195,,-0.6420000195503235
1763074345054,,,,5.443950176239014,-5.461050033569336,-0.6420000195503235
1763074345067,2.0,,,,,
1763074345073,,,,,-5.8560004234313965,-0.6540000438690186
1763074345074,,34.31778911974674,66.17658342633928,5.449050426483154,,
1763074345095,,,,,-6.150000095367432,-0.6469500064849854
1763074345096,,,,5.782050132751465,,
1763074345112,,,,6.177000522613525,-6.154950141906738,-0.6420000195503235
1763074345113,,35.25790112422898,66.17658342633928,,,
1763074345132,,,,,-6.481050491333008,
1763074345133,,,,,,-0.6510000228881836
1763074345134,,,,6.637050151824951,,
1763074345151,,,,,-6.760950088500977,
1763074345153,,34.68848231621426,,7.398000240325928,,-0.6589500308036804
1763074345167,2.0,,,,,
1763074345171,,,,8.497050285339355,-6.766050338745117,-0.6540000438690186
1763074345190,,,,,-7.492950439453125,
1763074345191,,,,9.301950454711914,,-0.6439500451087952
1763074345193,,34.87613591609809,,,,
1763074345198,,,260.4296875,,,
1763074345210,,,,,-7.5010504722595215,-1.0609500408172607
1763074345211,,,,10.006050109863281,,
1763074345215,4.0,,,,,
1763074345230,,,,10.408050537109375,-6.6820502281188965,-1.0440000295639038
1763074345233,,34.58658229516911,260.4296875,,,
1763074345249,,,,10.990050315856934,-5.820000171661377,-1.0440000295639038
1763074345267,4.0,,,,,
1763074345268,,,,,-4.79295015335083,
1763074345270,,,,12.333000183105469,,-1.0420500040054321
1763074345274,,35.34557986917088,260.4296875,,,
1763074345288,,,,13.575000762939453,-3.81600022315979,-1.0609500408172607
1763074345307,,,,,-3.05400013923645,
1763074345308,,,,13.855950355529785,,-1.055999994277954
1763074345314,,35.64548114370129,,,,
1763074345329,,,,12.951000213623047,-2.608950138092041,-1.3189500570297241
1763074345347,,,,11.707950592041016,-2.608950138092041,-1.3050000667572021
1763074345355,,33.88122859261856,,,,
1763074345366,,,,,-1.8979500532150269,-1.699950098991394
1763074345367,,,,11.413050651550293,,
1763074345368,4.0,,,,,
1763074345385,,,,,-1.294950008392334,
1763074345387,,,,11.430000305175781,,-1.683000087738037
1763074345394,,33.7863188117689,,,,
1763074345398,,,97.0537109375,,,
1763074345405,,,,,-0.9930000305175781,
1763074345407,,,,10.573050498962402,,-3.072000026702881
1763074345425,,,,9.711000442504883,-0.5910000205039978,-3.3949501514434814
1763074345432,3.0,,,,,
1763074345435,,35.081986559803305,97.0537109375,,,
1763074345446,,,,9.121950149536133,-0.22395001351833344,-3.3949501514434814
1763074345464,,,,8.704950332641602,-0.2460000067949295,-3.373950242996216
1763074345473,,34.664187691058444,97.0537109375,,,
1763074345479,,,111.36486235119048,,,
1763074345483,3.0,,,,,
1763074345485,,,,8.716950416564941,-0.23595000803470612,-3.690000057220459
1763074345502,,,,,-0.24105000495910645,-3.6730501651763916
1763074345503,,,,8.722050666809082,,
1763074345513,,33.175106935559924,,,,
1763074345514,,,111.36486235119048,,,
1763074345522,,,,8.710050582885742,-0.22905001044273376,-3.6850502490997314
1763074345542,,,,9.3589506149292,-0.24300001561641693,-3.670950174331665
1763074345554,,32.86398926221368,111.36486235119048,,,
1763074345562,,,96.81533668154763,,-0.22395001351833344,
1763074345563,,,96.81533668154763,9.711000442504883,,-3.690000057220459
1763074345582,3.0,,,10.306950569152832,-0.22395001351833344,-3.3949501514434814
1763074345593,,32.3062296345342,96.81533668154763,,,
1763074345600,,,,10.92495059967041,-0.6769500374794006,-3.373950242996216
1763074345620,,,,11.542950630187988,-0.6769500374794006,-3.373950242996216
1763074345634,,33.57739571866878,96.81533668154763,,,
1763074345639,,,,,-0.6769500374794006,
1763074345641,,,,12.181950569152832,,-3.373950242996216
1763074345653,2.0,,,,,
1763074345659,,,,,-0.016050001606345177,
1763074345661,,,,12.748950958251953,,-3.412050247192383
1763074345673,,34.564649317591034,96.81533668154763,,,
1763074345678,,,71.06290690104166,,,
1763074345680,,,,13.000950813293457,0.004950000438839197,-3.4099502563476562
1763074345683,2.0,,,,,
1763074345698,,,,13.495950698852539,-0.7339500188827515,-3.388050079345703
1763074345714,,77.89018133360517,71.06290690104166,,,
1763074345717,,,,14.314950942993164,-1.3450500965118408,-2.992950201034546
1763074345737,,,,14.968950271606445,-1.6819500923156738,-2.9710500240325928
1763074345753,,67.01736440336374,,,,
1763074345754,,,71.06290690104166,,,
1763074345756,,,,15.457050323486328,-1.6870501041412354,-2.991000175476074
1763074345780,,,,15.477001190185547,-1.7040001153945923,-2.9740500450134277
1763074345783,2.0,,,,,
1763074345794,,53.50162830730052,,,,
1763074345795,,,,,-1.7020500898361206,
1763074345796,,,,16.15395164489746,,-2.6050500869750977
1763074345815,,,,,-1.6870501041412354,
1763074345816,,,,16.156949996948242,,-2.602950096130371
1763074345833,,49.037668564698066,,,,
1763074345834,,,,15.2920503616333,-1.7020500898361206,-2.5879502296447754
1763074345839,,,126.1614990234375,,,
1763074345854,,,,14.200050354003906,-2.530050039291382,-2.332050085067749
1763074345866,3.0,,,,,
1763074345873,,39.260863711843214,126.1614990234375,,-3.3990001678466797,
1763074345874,,,,13.165950775146484,,-2.3179500102996826
1763074345883,3.0,,,,,
1763074345896,,,,13.183050155639648,-4.455000400543213,-1.908000111579895
1763074345913,,38.23458259232191,126.1614990234375,12.547950744628906,-4.921950340270996,-1.4560500383377075
1763074345919,,,77.47889927455357,,,
1763074345932,,,,11.370000839233398,-4.924050331115723,-1.168950080871582
1763074345951,,,,,-4.9270501136779785,-0.9030000567436218
1763074345952,,,,10.141950607299805,,
1763074345953,,38.06124614219887,77.47889927455357,,,
1763074345971,,,,9.193950653076172,-4.9270501136779785,-0.8929500579833984
1763074345983,3.0,,,,,
1763074345990,,,,,-4.939050197601318,
1763074345991,,,,8.812950134277344,,-0.8809500336647034
1763074345994,,39.20611011062426,77.47889927455357,,,
1763074346013,,,,8.152050018310547,-4.933950424194336,-0.8860500454902649
1763074346030,,,,7.462950229644775,-4.924050331115723,-0.8959500193595886
1763074346033,,42.33281506290429,77.47889927455357,,,
1763074346038,,,100.69713919503349,,,
1763074346039,,,100.69713919503349,,,
1763074346049,,,,6.772950172424316,-4.929000377655029,-0.8910000324249268
1763074346068,,,,6.508050441741943,-4.924050331115723,-0.8959500193595886
1763074346073,,40.12870806819737,,,,
1763074346074,,,100.69713919503349,,,
1763074346083,3.0,,,,,
1763074346088,,,,6.88800048828125,-5.389050483703613,-0.8860500454902649
1763074346107,,,,6.891000270843506,-5.398050308227539,-0.9000000357627869
1763074346114,,44.43219334903322,100.69713919503349,,,
1763074346119,,,110.36824544270834,,,
1763074346120,,,110.36824544270834,,,
1763074346127,,,,,-5.403000354766846,
1763074346128,,,,6.895050525665283,,-0.8959500193595886
1763074346147,,,,6.904950141906738,-5.676000118255615,-0.8860500454902649
1763074346156,,42.17325885741177,110.36824544270834,,,
1763074346166,,,,,-6.294000148773193,
1763074346168,,,,7.65000057220459,,-0.8910000324249268
1763074346183,3.0,,,,,
1763074346185,,,,,-6.646050453186035,
1763074346186,,,,7.987050533294678,,-0.89805006980896
1763074346193,,35.73798465518024,110.36824544270834,,,
1763074346197,,,70.04679361979166,,,
1763074346198,,,70.04679361979166,,,
1763074346205,,,,7.999050617218018,-6.652950286865234,-0.8910000324249268
1763074346224,,,,,-6.648000240325928,-0.8959500193595886
1763074346225,,,,7.993950366973877,,
1763074346237,,35.106243336496725,70.04679361979166,,,
1763074346244,,,,7.276050567626953,-7.615050315856934,-0.8860500454902649
1763074346264,,,,7.282950401306152,-8.347949981689453,-0.8959500193595886
1763074346277,,35.04495597244862,70.04679361979166,,,
1763074346283,3.0,,,7.729050159454346,-8.88705062866211,-0.8839500546455383
1763074346300,6.0,,,,,
1763074346303,,,,7.743000507354736,-8.905950546264648,-0.8880000710487366
1763074346313,,35.04490974034069,,,,
1763074346314,,,70.04679361979166,,,
1763074346322,,,,8.059050559997559,-8.434050559997559,-0.8809500336647034
1763074346342,,,,8.662050247192383,-6.889950275421143,-0.8929500579833984
1763074346353,,34.59925249391964,,,,
1763074346362,,,,9.94800090789795,-5.425050258636475,-0.89805006980896
1763074346381,,,,11.320050239562988,-4.405050277709961,-0.8880000710487366
1763074346383,6.0,,,,,
1763074346393,,34.30204354631495,,,,
1763074346400,,,49.78302001953125,,-4.024050235748291,
1763074346401,,,,11.671950340270996,,-0.8860500454902649
1763074346420,,,,,-4.03095006942749,
1763074346422,,,,11.097000122070312,,-1.2120000123977661
1763074346433,,34.543033173295676,49.78302001953125,,,
1763074346439,,,,,-4.0410003662109375,
1763074346440,,,,10.378950119018555,,-1.7359501123428345
1763074346459,,,,9.84795093536377,-3.6720001697540283,-2.0880000591278076
1763074346473,,37.62195763048804,49.78302001953125,,,
1763074346480,,,,,-3.676950216293335,
1763074346481,,,,9.85200023651123,,-2.083050012588501
1763074346496,6.0,,,,,
1763074346498,,,,9.867000579833984,-3.2119500637054443,-2.4180002212524414
1763074346513,,38.73112189287033,,,,
1763074346517,3.0,,,9.850050926208496,-2.7169501781463623,-2.842050075531006
1763074346537,,,,9.867000579833984,-2.2069501876831055,-2.823000192642212
1763074346553,,45.425923363048504,,,,
1763074346556,,,,,-1.812000036239624,
1763074346557,,,,10.1850004196167,,-2.8350000381469727
1763074346579,,,,10.70205020904541,-1.2160500288009644,-2.83305025100708
1763074346594,,50.76540675310672,,,,
1763074346597,,,,11.125950813293457,-0.5329500436782837,-2.8210501670837402
1763074346598,3.0,,133.8116455078125,,,
1763074346615,,,,11.128950119018555,-0.20295001566410065,-3.201000213623047
1763074346633,,44.818975327272135,133.8116455078125,,,
1763074346635,,,,11.140050888061523,-0.19095000624656677,-3.1870501041412354
1763074346654,,,,,0.13395000994205475,
1763074346655,,,,11.125950813293457,,-3.201000213623047
1763074346673,,41.64245999155162,133.8116455078125,,,
1763074346674,,,,11.119050979614258,0.14100000262260437,-3.2089500427246094
1763074346698,3.0,,,11.557050704956055,0.14100000262260437,-3.2089500427246094
1763074346713,,39.9347644525348,,,,
1763074346714,,,,11.902050971984863,-0.361050009727478,-3.184950113296509
1763074346732,,,,,-0.3660000264644623,-3.180000066757202
1763074346733,,,,12.181950569152832,,
1763074346734,4.0,,,,,
1763074346752,,,,12.454950332641602,-0.05205000191926956,-3.6750001907348633
1763074346754,,43.480898772886825,,,,
1763074346762,,,136.24430338541669,,,
1763074346771,,,,,0.3130500018596649,
1763074346773,,,,12.879000663757324,,-3.687000274658203
1763074346791,,,,13.201951026916504,0.31800001859664917,-3.9340500831604004
1763074346793,,44.09953288164074,,,,
1763074346794,,,136.24430338541669,,,
1763074346798,4.0,,,,,
1763074346812,,,,,-0.30300000309944153,
1763074346813,,,,13.798050880432129,,-3.9270002841949463
1763074346830,,,,14.7610502243042,-1.0069500207901,-3.916950225830078
1763074346833,,70.90724197906682,136.24430338541669,,,
1763074346850,,,,15.60105037689209,-1.27305006980896,-3.9150002002716064
1763074346869,,,,,-1.2829500436782837,-4.279050350189209
1763074346870,,,,16.492050170898438,,
1763074346873,,48.89228999508616,136.24430338541669,,,
1763074346888,,,,,-1.2850500345230103,
1763074346889,,,,16.75695037841797,,-4.272000312805176
1763074346898,4.0,,,,,
1763074346908,,,,,-2.0779500007629395,
1763074346909,,,,,,-4.269000053405762
1763074346910,,,,16.46295166015625,,
1763074346913,,46.41300247068523,,,,
1763074346930,,,,16.039051055908203,-2.710050106048584,-4.260000228881836
1763074346947,,,,15.141000747680664,-3.4710001945495605,-4.264050006866455
1763074346951,6.0,,,,,
1763074346957,,54.98345096826988,,,,
1763074346961,,,269.1650390625,,,
1763074346967,,,,,-4.405050277709961,
1763074346968,,,,14.242950439453125,,-4.264050006866455
1763074346986,,,,,-5.640000343322754,
1763074346987,,,,14.574000358581543,,-4.273950099945068
1763074346997,,47.51676877496347,269.1650390625,,,
1763074346998,6.0,,,,,
1763074347006,,,,13.834051132202148,-5.6569504737854,-4.256999969482422
1763074347025,,,,,-6.064050197601318,-3.6750001907348633
1763074347026,,,,12.699000358581543,,
1763074347033,,44.53727054209186,269.1650390625,,,
1763074347036,,,282.197265625,,,
1763074347047,,,,11.542950630187988,-6.076050281524658,-3.6660001277923584
1763074347064,,,,,-6.078000068664551,-3.129000186920166
1763074347065,,,,9.898050308227539,,
1763074347073,,42.86718870847548,282.197265625,,,
1763074347084,,,,8.461050033569336,-5.755050182342529,-3.129000186920166
1763074347098,6.0,,,,,
1763074347103,,,,,-6.315000534057617,
1763074347104,,,,8.47095012664795,,-3.120000123977661
1763074347117,,47.75454119822978,282.197265625,,,
1763074347123,,,,7.65000057220459,-5.884050369262695,-2.433000087738037
1763074347142,,,,,-5.4970502853393555,
1763074347143,,,,6.723000526428223,,-1.6639500856399536
1763074347153,,48.60868432554206,282.197265625,,,
1763074347163,,,,5.95395040512085,-5.251950263977051,-0.62295001745224
1763074347168,4.0,,,,,
1763074347181,,,,,-5.260050296783447,
1763074347183,,,,5.337000370025635,,-0.6150000095367432
1763074347197,,43.424769530503504,,,,
1763074347198,4.0,,,,,
1763074347201,,,,5.3460001945495605,-5.26200008392334,-0.6130500435829163
1763074347221,,,,5.689050197601318,-5.251950263977051,-0.62295001745224
1763074347233,,45.00245205298113,,,,
1763074347236,,,353.2666015625,,,
1763074347240,,,,5.698050498962402,-5.26200008392334,-0.6130500435829163
1763074347260,,,,,-5.619000434875488,
1763074347261,,,,5.695950508117676,,-0.6150000095367432
1763074347273,,34.12115637103331,353.2666015625,,,
1763074347282,,,,6.0769500732421875,-6.142950057983398,-0.6180000305175781
1763074347298,4.0,,,,,
1763074347299,,,,6.364050388336182,-6.1620001792907715,-0.62295001745224
1763074347313,,33.87730032465996,353.2666015625,,,
1763074347316,,,353.7353515625,,,
1763074347318,,,,6.8520002365112305,-6.154950141906738,-0.6060000061988831
1763074347337,,,,,-6.154950141906738,
1763074347338,,,,7.132050514221191,,-0.6060000061988831
1763074347353,,32.28764702112049,353.7353515625,,,
1763074347357,,,,7.135050296783447,-6.1650004386901855,-0.6199500560760498
1763074347380,,,,8.425050735473633,-6.7819504737854,-0.6010500192642212
1763074347385,6.0,,,,,
1763074347394,,34.39123956716284,353.7353515625,,,
1763074347397,,,,9.01395034790039,-7.062000274658203,-0.8880000710487366
1763074347398,6.0,,,,,
1763074347416,,,,,-7.065000534057617,
1763074347417,,,,9.388050079345703,,-0.8719500303268433
1763074347434,,39.66826317259986,353.7353515625,,,
1763074347435,,,,,-6.258000373840332,
1763074347437,,,,9.904950141906738,,-1.2480000257492065
1763074347455,,,,9.904950141906738,-5.251950263977051,-1.2480000257492065
1763074347473,,37.563407850201706,,,,
1763074347474,,,,10.744950294494629,-4.728000164031982,-1.2450000047683716
1763074347494,,,,11.290950775146484,-4.168050289154053,-1.2310500144958496
1763074347514,6.0,,,11.650050163269043,-3.5500502586364746,-1.225950002670288
1763074347515,,39.9049402286187,,,,
1763074347522,,,285.2294921875,,,
1763074347533,,,,11.659950256347656,-3.5620501041412354,-1.237950086593628
1763074347552,,,,,-3.5500502586364746,
1763074347553,,34.967065222111884,285.2294921875,11.248050689697266,,-1.225950002670288
1763074347572,,,,11.260050773620605,-2.845950126647949,-1.2360000610351562
1763074347591,,,,,-1.7329500913619995,
1763074347592,,,,12.081000328063965,,-2.02305006980896
1763074347594,,33.09076833516429,285.2294921875,,,
1763074347613,,,,12.103050231933594,-0.31800001859664917,-3.0859501361846924
1763074347615,6.0,,,,,
1763074347630,,,,,0.47895002365112305,
1763074347631,,,,11.205000877380371,,-3.9910502433776855
1763074347633,,36.76122416034204,,,,
1763074347650,,,,10.507950782775879,0.4810500144958496,-4.003050327301025
1763074347669,,,,,0.9019500613212585,
1763074347670,,,,10.08495044708252,,-3.9940502643585205
1763074347677,,38.297220726113856,,,,
1763074347689,,,,,0.9120000600814819,
1763074347690,,,,9.724950790405273,,-4.003050327301025
1763074347708,,,,9.409049987792969,0.6079500317573547,-4.011000156402588
1763074347713,,57.57820793507644,,,,
1763074347715,6.0,,,,,
1763074347717,,,206.7529296875,,,
1763074347732,,,,9.04995059967041,0.6199500560760498,-3.999000072479248
1763074347747,,,,,0.24900001287460327,-4.011000156402588
1763074347749,,,,9.031050682067871,,
1763074347753,,43.04286840973748,,,,
1763074347754,,,206.7529296875,,,
1763074347767,,,,,-0.0019500000635161996,
1763074347768,,,,9.84000015258789,,-3.999000072479248
1763074347786,,,,11.16195011138916,0.019050000235438347,-3.996000289916992
1763074347793,,39.808797017891266,,,,
1763074347794,,,206.7529296875,,,
1763074347803,,,191.92252604166669,,,
1763074347804,,,191.92252604166669,,,
1763074347806,,,,12.168000221252441,-0.2749500274658203,-3.5460002422332764
1763074347815,6.0,,,,,
1763074347819,3.0,,,,,
1763074347825,,,,,-0.28395000100135803,-2.842050075531006
1763074347826,,,,12.871950149536133,,
1763074347835,,38.7348467031939,191.92252604166669,,,
1763074347847,,,,13.546950340270996,0.004950000438839197,-2.8570501804351807
1763074347864,,,,,0.4140000343322754,
1763074347865,,,,13.956000328063965,,-2.8590002059936523
1763074347873,,53.30481621097257,,,,
1763074347874,,,191.92252604166669,,,
1763074347883,,,132.44481404622397,,,
1763074347884,,,,14.623950958251953,0.4210500121116638,-2.842050075531006
1763074347903,,,,,-0.5260500311851501,
1763074347904,,,,14.989951133728027,,-2.8279502391815186
1763074347913,,79.3746238295075,132.44481404622397,,,
1763074347915,3.0,,,,,
1763074347923,,,,,-1.1650500297546387,
1763074347924,,,,14.998050689697266,,-2.8350000381469727
1763074347942,,,,,-1.4740500450134277,
1763074347943,,,,15.271050453186035,,-2.482950210571289
1763074347953,,55.075288127773916,132.44481404622397,,,
1763074347964,,,,,-0.8419500589370728,-2.464050054550171
1763074347965,,,,15.723000526428223,,
1763074347982,,,,16.018051147460938,-0.16005000472068787,-2.4760501384735107
1763074347993,,62.73028960589227,132.44481404622397,,,
1763074348001,,,,15.429000854492188,-0.15000000596046448,-2.4850502014160156
1763074348015,3.0,,,,,
1763074348020,,,,,-0.17205001413822174,
1763074348021,,,,14.242950439453125,,-2.464050054550171
1763074348037,,63.78228152207943,,,,
1763074348040,,,,13.338000297546387,-1.2439500093460083,-2.116950035095215
1763074348060,,,,12.721050262451172,-2.2360501289367676,-1.5490500926971436
1763074348073,,43.624912048859265,,,,
1763074348077,,,72.10709635416666,,,
1763074348081,,,,11.836950302124023,-3.069000244140625,-1.53000009059906
1763074348098,,,,,-3.3420002460479736,
1763074348099,,,,10.710000038146973,,-1.1470500230789185
1763074348114,,37.66094527113114,72.10709635416666,,,
1763074348116,3.0,,,,,
1763074348118,,,,9.970050811767578,-3.3490500450134277,-1.1350500583648682
1763074348138,,,,9.057000160217285,-3.3540000915527344,-1.1299500465393066
1763074348152,,39.21493690088821,,,,
1763074348153,,,72.10709635416666,,,
1763074348157,,,,8.49000072479248,-3.3490500450134277,-0.22800001502037048
1763074348159,,,88.00160435267857,,,
1763074348177,,,,,-3.95205020904541,0.24495001137256622
1763074348178,,,,8.160000801086426,,
1763074348194,,38.09558302330432,88.00160435267857,,,
1763074348197,,,,7.686000347137451,-3.967050075531006,0.2530499994754791
1763074348216,3.0,,,7.696950435638428,-4.642050266265869,0.612000048160553
1763074348235,,,,7.944000244140625,-5.389050483703613,0.6289500594139099
1763074348237,,38.42168051105063,,,,
1763074348238,,,88.00160435267857,,,
1763074348253,5.0,,,,-6.279000282287598,
1763074348254,,,,8.289000511169434,,0.6330000162124634
1763074348273,,38.24964240512654,88.00160435267857,,,
1763074348274,,,,8.634000778198242,-6.667050361633301,0.6139500141143799
1763074348294,,,,,-7.486050128936768,
1763074348298,,,,9.229950904846191,,0.6190500259399414
1763074348313,,35.05704033414957,,,,
1763074348314,,,,9.473999977111816,-8.29800033569336,0.6169500350952148
1763074348316,5.0,,,,,
1763074348333,,,,9.108000755310059,-8.314949989318848,0.6330000162124634
1763074348352,,,,9.108000755310059,-8.317049980163574,0.612000048160553
1763074348354,,35.97074271848671,,,,
1763074348359,,,118.25032552083334,,,
1763074348372,,,,8.47605037689209,-8.3100004196167,0.6289500594139099
1763074348391,,,,7.9800004959106445,-9.00195026397705,0.625950038433075
1763074348393,,35.794347614720074,118.25032552083334,,,
1763074348412,,,,7.018050193786621,-9.490050315856934,0.612000048160553
1763074348416,5.0,,,,,
1763074348430,,,,,-9.499950408935547,0.6210000514984131
1763074348431,,,,7.027050495147705,,
1763074348433,,35.66071012674124,118.25032552083334,,,
1763074348450,,,,,-8.104050636291504,
1763074348451,,,,8.016000747680664,,0.6139500141143799
1763074348469,6.0,,,,,
1763074348470,,,,9.883050918579102,-6.193050384521484,0.6190500259399414
1763074348478,,38.350829883759026,,,,
1763074348489,,,,,-4.41195011138916,-0.004950000438839197
1763074348490,,,,11.370000839233398,,
1763074348508,,,,10.831950187683105,-3.3990001678466797,-0.32100000977516174
1763074348514,,33.6862099610775,,,,
1763074348516,6.0,,,,,
1763074348519,,,180.7275390625,,,
1763074348531,,,,9.164999961853027,-2.7739500999450684,-0.817050039768219
1763074348547,,,,,-2.785950183868408,-2.0380501747131348
1763074348548,,,,7.176000118255615,,
1763074348557,,35.69075913627957,180.7275390625,,,
1763074348566,,,,,-2.7910501956939697,
1763074348567,,,,6.579000473022461,,-2.5260000228881836
1763074348586,,,,7.4410505294799805,-2.7810001373291016,-2.5069501399993896
1763074348593,,42.81968494816984,180.7275390625,,,
1763074348606,,,,7.458000183105469,-2.013000011444092,-2.509050130844116
1763074348616,6.0,,,,,
1763074348625,,,,7.82205057144165,-1.1370000839233398,-2.0380501747131348
1763074348637,,42.565346942627286,180.7275390625,,,
1763074348647,,,,7.82205057144165,-0.22395001351833344,-2.0380501747131348
1763074348664,,,,8.346000671386719,0.04005000367760658,-2.5260000228881836
1763074348673,,35.92437360153103,,,,
1763074348684,,,,,0.05205000191926956,
1763074348685,,,,9.072000503540039,,-3.151050090789795
1763074348687,5.0,,,,,
1763074348703,,,,,0.4069500267505646,
1763074348705,,,,10.213950157165527,,-3.160950183868408
1763074348713,,39.97325821242396,,,,
1763074348716,5.0,,,,,
1763074348718,,,123.21478949652777,,,
1763074348722,,,,,0.41895002126693726,
1763074348723,,,,11.040000915527344,,-3.172950267791748
1763074348742,,,,,0.42600002884864807,
1763074348743,,,,11.773050308227539,,-3.1560001373291016
1763074348757,,38.70302029454285,123.21478949652777,,,
1763074348762,,,,12.748950958251953,0.9529500603675842,-3.1560001373291016
1763074348781,,,,13.195050239562988,1.2400500774383545,-3.1560001373291016
1763074348793,,34.243125078948424,,,,
1763074348794,,,123.21478949652777,,,
1763074348798,,,88.14784458705357,,,
1763074348801,,,,13.18005084991455,1.2499500513076782,-3.1650002002716064
1763074348817,5.0,,,,,
1763074348820,,,,13.195050239562988,1.258950114250183,-3.430950164794922
1763074348834,,32.33897183608704,88.14784458705357,,,
1763074348840,,,,13.19205093383789,0.9019500613212585,-3.433950185775757
1763074348859,,,,12.915000915527344,0.5149500370025635,-3.453000068664551
1763074348874,,80.48110268140749,88.14784458705357,,,
1763074348880,,,,,-0.6409500241279602,
1763074348881,,,,12.541050910949707,,-3.421950101852417
1763074348898,,,,,-1.582050085067749,-3.4140002727508545
1763074348899,,,,12.016950607299805,,
1763074348904,3.0,,,,,
1763074348914,,74.09252653345109,88.14784458705357,,,
1763074348918,3.0,,128.80859375,12.369000434875488,-2.4940500259399414,-3.412050247192383
1763074348937,,,,,-3.118950128555298,
1763074348938,,,,13.669050216674805,,-3.4099502563476562
1763074348953,,44.9461884065179,128.80859375,,,
1763074348956,,,,,-2.428950071334839,
1763074348958,,,,15.148950576782227,,-3.42900013923645
1763074348976,,,,15.486001014709473,-1.5460500717163086,-3.151050090789795
1763074348997,,77.76920017921786,,,,
1763074348998,,,128.80859375,14.904000282287598,-0.6910500526428223,-2.6770501136779785
1763074349015,,,,13.747950553894043,-0.700950026512146,-2.116950035095215
1763074349030,3.0,,,,,
1763074349033,,71.45747179334444,,,,
1763074349034,,,,,-0.700950026512146,
1763074349036,,,,,,-2.095050096511841
1763074349054,,,,11.434950828552246,-0.9930000305175781,-1.8439500331878662
1763074349073,,51.57592265922012,,,,
1763074349074,,,,10.099050521850586,-1.002000093460083,-1.225950002670288
1763074349076,,,1571.611328125,,,
1763074349093,,,,,-1.27305006980896,
1763074349094,,,,9.151050567626953,,-0.8449500203132629
1763074349113,,36.63887323476934,1571.611328125,,,
1763074349114,,,,8.194950103759766,-1.2799500226974487,-0.843000054359436
1763074349121,4.0,,,,,
1763074349131,4.0,,,,,
1763074349132,,,,7.4920501708984375,-1.76895010471344,-0.8329500555992126
1763074349152,,,,7.089000225067139,-2.2789502143859863,-0.8260500431060791
1763074349153,,34.717492664186,1571.611328125,,,
1763074349171,,,,7.099050521850586,-2.7960002422332764,-0.8359500169754028
1763074349191,,,,,-3.43500018119812,-0.843000054359436
1763074349192,,,,7.092000484466553,,
1763074349193,,37.470111869472404,1571.611328125,,,
1763074349210,,,,,-4.168050289154053,
1763074349213,,,,7.4410505294799805,,-0.8290500640869141
1763074349232,4.0,,,7.993950366973877,-4.785000324249268,-0.22800001502037048
1763074349233,,42.63367394136082,,,,
1763074349249,,,,8.986050605773926,-5.48205041885376,-0.21300001442432404
1763074349269,,,,9.667950630187988,-6.20805025100708,-0.20595000684261322
1763074349273,,40.24407752090199,,,,
1763074349279,,,203.76461791992188,,,
1763074349288,,,,10.329000473022461,-7.213050365447998,-0.20595000684261322
1763074349308,,,,10.882050514221191,-7.4569501876831055,-0.22500000894069672
1763074349318,,41.55428722240288,203.76461791992188,,,
1763074349327,,,,,-6.969000339508057,
1763074349328,,,,11.254950523376465,,-0.21105000376701355
1763074349331,4.0,,,,,
1763074349338,9.0,,,,,
1763074349347,,,,10.092000007629395,-6.667050361633301,-0.22500000894069672
1763074349357,,43.712958138506444,203.76461791992188,,,
1763074349361,,,201.39225260416669,,,
1763074349362,,,201.39225260416669,,,
1763074349366,,,,9.172050476074219,-7.018950462341309,-0.20805001258850098
1763074349386,,,,8.325000762939453,-7.579950332641602,-0.6010500192642212
1763074349393,,40.57891224648796,201.39225260416669,,,
1763074349405,,,,7.147050380706787,-7.327950477600098,-0.8530500531196594
1763074349425,,,,7.165950298309326,-6.445050239562988,-0.8329500555992126
1763074349432,9.0,,,,,
1763074349434,,41.01091347853681,201.39225260416669,,,
1763074349444,,,,,-5.38200044631958,-1.1759999990463257
1763074349445,,,,8.374950408935547,,
1763074349464,,,,9.409049987792969,-4.591950416564941,-1.165950059890747
1763074349473,,38.93226209246518,201.39225260416669,,,
1763074349479,,,116.58979143415178,,,
1763074349483,,,,,-3.9810001850128174,-1.4560500383377075
1763074349484,,,,9.430950164794922,,
1763074349503,,,,8.89905071258545,-3.2989501953125,-2.02305006980896
1763074349513,,39.81069970120625,116.58979143415178,,,
1763074349522,,,,,-3.3130502700805664,-2.2680001258850098
1763074349523,,,,8.605050086975098,,
1763074349534,9.0,,,,,
1763074349542,,,,8.617050170898438,-2.845950126647949,-2.25600004196167
1763074349553,,44.98470905041554,116.58979143415178,,,
1763074349559,,,125.60176595052083,,,
1763074349565,,,,9.424050331115723,-2.1780002117156982,-2.253000020980835
1763074349581,,,,8.935050010681152,-1.1370000839233398,-2.265000104904175
1763074349593,,41.998957861625726,125.60176595052083,,,
1763074349600,,,,7.635000228881836,-0.41805002093315125,-2.02305006980896
1763074349620,,,,,0.08400000631809235,
1763074349621,,,,6.988950252532959,,-1.4770500659942627
1763074349634,9.0,,,,,
1763074349639,,,,,0.3850500285625458,
1763074349640,,,,6.976950168609619,,-1.489050030708313
1763074349653,,47.14726851575779,125.60176595052083,,,
1763074349659,,,,7.894050598144531,0.4039500057697296,-1.4850000143051147
1763074349673,,43.440391190980925,,,,
1763074349680,,,,,0.9100500345230103,
1763074349681,,,,9.164999961853027,,-1.4869500398635864
1763074349698,,,,,1.3840500116348267,
1763074349699,,,,10.006050109863281,,-1.4820001125335693
1763074349713,,41.34888602626639,,,,
1763074349717,,,,,1.8430501222610474,
1763074349719,,,,10.36500072479248,,-1.4869500398635864
1763074349734,9.0,,,,,
1763074349737,,,,11.119050979614258,1.8600001335144043,-1.4800500869750977
1763074349753,,43.7328576156385,,,,
1763074349756,,,,,1.8460501432418823,
1763074349757,,,218.81551106770831,,,
1763074349758,,,,12.570000648498535,,-1.489050030708313
1763074349772,4.0,,,,,
1763074349776,,,,13.258950233459473,0.7369500398635864,-1.4820001125335693
1763074349793,,41.181487178267986,218.81551106770831,,,
1763074349798,,,,13.255050659179688,0.23400001227855682,-1.4820001125335693
1763074349817,,,,13.732950210571289,-0.16695000231266022,-1.4629501104354858
1763074349833,,50.74830688020611,218.81551106770831,,,
1763074349834,4.0,,,,-0.17595000565052032,
1763074349835,,,,13.732950210571289,,-1.4770500659942627
1763074349839,,,135.60897391183036,,,
1763074349854,,,,14.005950927734375,-1.065000057220459,-1.4749500751495361
1763074349873,,78.99092587578099,135.60897391183036,13.044000625610352,-2.1130499839782715,-1.4560500383377075
1763074349893,,,,12.66300106048584,-3.406050205230713,-1.4560500383377075
1763074349913,,72.63193170883547,135.60897391183036,,,
1763074349915,,,,13.603950500488281,-3.406050205230713,-1.204050064086914
1763074349932,,,,,-2.5440001487731934,
1763074349933,,,,15.249000549316406,,-0.831000030040741
1763074349934,4.0,,,,,
1763074349951,,,,,-2.013000011444092,-0.814050018787384
1763074349953,,41.91244770140281,,15.265951156616211,,
1763074349971,,,,,-1.6750500202178955,
1763074349972,,,,14.416050910949707,,-0.817050039768219
1763074349989,,,,,-1.6920000314712524,
1763074349990,,,,13.38900089263916,,-0.8239500522613525
1763074349993,,66.4039274151346,,,,
1763074350010,,,,11.859000205993652,-1.696950078010559,-0.8190000653266907
1763074350029,,,,,-1.2160500288009644,-0.8209500312805176
1763074350030,,,,10.1850004196167,,
1763074350034,,56.86892734578761,,,,
1763074350040,,,476.84596470424106,,,
1763074350048,4.0,,,,,
1763074350049,,,,8.368050575256348,-1.2160500288009644,-0.8209500312805176
1763074350068,,,,7.591950416564941,-1.218000054359436,-0.8190000653266907
1763074350077,,33.96509901203274,476.84596470424106,,,
1763074350088,,,,6.607950210571289,-1.218000054359436,-0.8190000653266907
1763074350107,,,,5.659950256347656,-1.696950078010559,0.10905000567436218
1763074350113,,39.6764999873307,476.84596470424106,,,
1763074350127,,,,5.14995002746582,-1.711050033569336,0.11100000888109207
1763074350148,4.0,,,5.623950481414795,-1.7160000801086426,0.44700002670288086
1763074350153,,53.83529944210909,,,,
1763074350166,,,,6.414000511169434,-1.7059500217437744,0.46800002455711365
1763074350185,,,,7.513050556182861,-2.0059502124786377,0.45600003004074097
1763074350193,,49.704462300216086,,,,
1763074350196,,,220.33203125,,,
1763074350205,10.0,,,9.100950241088867,-2.6740500926971436,0.4540500342845917
1763074350224,,,,,-3.643050193786621,
1763074350226,,,,10.67400074005127,,0.46605002880096436
1763074350233,,40.47312557332254,220.33203125,,,
1763074350244,,,,11.413050651550293,-5.224050045013428,0.46605002880096436
1763074350249,10.0,,,,,
1763074350266,,,,12.160050392150879,-6.157050132751465,0.1879500150680542
1763074350273,,42.401757004887315,220.33203125,,,
1763074350283,,,,13.057950973510742,-6.172050476074219,-0.5509500503540039
1763074350302,,,,13.07295036315918,-5.698050498962402,-0.5359500050544739
1763074350313,,38.295522712115314,,,,
1763074350314,,,220.33203125,,,
1763074350321,,,,,-6.057000160217285,
1763074350323,,,,11.326950073242188,,-0.5359500050544739
1763074350341,,,,9.60300064086914,-6.445050239562988,-0.8880000710487366
1763074350349,10.0,,,,,
1763074350353,,38.57011977951392,,,,
1763074350361,,,,8.986050605773926,-7.198950290679932,-0.8809500336647034
1763074350381,,,,7.362000465393066,-7.206000328063965,-0.8740500211715698
1763074350397,,45.448533548643056,,,,
1763074350400,,,,6.9310503005981445,-7.219950199127197,-1.1539500951766968
1763074350403,,,79.31367710658482,,,
1763074350419,,,,7.591950416564941,-6.250950336456299,-1.1370000839233398
1763074350423,9.0,,,,,
1763074350433,,40.58212032834674,79.31367710658482,,,
1763074350438,,,,,-5.137050151824951,
1763074350439,,,,9.01395034790039,,-1.1490000486373901
1763074350449,9.0,,,,,
1763074350458,,,,,-4.038000106811523,
1763074350459,,,,,,-1.1470500230789185
1763074350460,,,,9.294000625610352,,
1763074350473,,47.775771625202836,79.31367710658482,,,
1763074350478,,,,,-3.1690502166748047,
1763074350480,,,,8.54699993133545,,-1.6639500856399536
1763074350499,,,,7.858050346374512,-2.8030500411987305,-1.6470000743865967
1763074350514,,40.16317969374042,,,,
1763074350517,,,,7.26900053024292,-2.307000160217285,-1.6639500856399536
1763074350536,,,,7.285950183868408,-1.7260501384735107,-1.9800001382827759
1763074350551,9.0,,,,,
1763074350553,,40.51723328121121,,,,
1763074350556,,,,,-1.7449500560760498,
1763074350558,,,,6.7950005531311035,,-1.968000054359436
1763074350575,,,,,-1.2370500564575195,
1763074350576,,,,6.22005033493042,,-1.9729501008987427
1763074350593,,42.30234646705668,,,,
1763074350599,,,,5.63100004196167,-0.9280500411987305,-1.6639500856399536
1763074350602,,,162.20228794642858,,,
1763074350620,,,,5.380050182342529,-0.9280500411987305,-1.0750499963760376
1763074350637,,45.44105246895369,162.20228794642858,,,
1763074350641,,,,6.1120500564575195,-0.934950053691864,-1.0579500198364258
1763074350642,12.0,,,,,
1763074350660,12.0,,,7.6210503578186035,-0.39705002307891846,-1.0699501037597656
1763074350672,,,,,-0.41100001335144043,
1763074350673,,,,9.072000503540039,,-0.5359500050544739
1763074350675,,43.30180247494514,,,,
1763074350676,,,162.20228794642858,,,
1763074350692,,,,9.790050506591797,0.34200000762939453,-0.5530500411987305
1763074350712,,,,10.422000885009766,0.35895001888275146,-0.5460000038146973
1763074350713,,45.3190540609007,,,,
1763074350739,,,,11.241000175476074,0.361050009727478,-0.547950029373169
1763074350750,,,,,-0.23895001411437988,
1763074350751,,,,12.642000198364258,,-0.5220000147819519
1763074350755,,38.33510943077892,,,,
1763074350759,,,1106.4599609375,,,
1763074350760,,,1106.4599609375,,,
1763074350761,12.0,,,,,
1763074350773,,,,,-0.24795001745224,
1763074350774,,,,13.798050880432129,,0.016050001606345177
1763074350789,,,,,0.0690000057220459,
1763074350790,,,,15.06195068359375,,0.00795000046491623
1763074350793,,46.6890764477793,1106.4599609375,,,
1763074350809,,,,15.508050918579102,0.08595000207424164,0.016050001606345177
1763074350837,,77.38846166552013,1106.4599609375,,,
1763074350838,,,,15.510001182556152,-1.065000057220459,0.018000001087784767
1763074350848,,,,15.916951179504395,-1.76895010471344,-0.37800002098083496
1763074350857,3.0,,,,,
1763074350861,3.0,,,,,
1763074350869,,,,15.928950309753418,-2.63100004196167,-0.3660000264644623
1763074350873,,66.4692072677192,,,,
1763074350875,,,1106.4599609375,,,
1763074350878,,,1179.326171875,,,
1763074350891,,,,,-2.6449501514434814,-0.37605002522468567
1763074350892,,,,17.052000045776367,,
1763074350915,,,,17.497051239013672,-1.158000111579895,-0.37800002098083496
1763074350916,,53.84184950271234,1179.326171875,,,
1763074350926,,,,16.555950164794922,-0.2749500274658203,-0.37605002522468567
1763074350955,,55.097493723899575,1179.326171875,,,
1763074350956,,,,14.782051086425781,-0.27900001406669617,-0.37095001339912415
1763074350961,3.0,,,,,
1763074350972,,,,,-1.366050124168396,
1763074350973,,,,12.915000915527344,,-0.36195001006126404
1763074350989,,,,11.952000617980957,-2.1349501609802246,-0.35895001888275146
1763074350993,,45.10202256082089,,,,
1763074351004,,,,11.004000663757324,-2.401050090789795,-0.3570000231266022
1763074351023,,,,,-2.098950147628784,
1763074351024,,,,10.069950103759766,,-0.37095001339912415
1763074351035,,35.37183151632714,,,,
1763074351042,,,84.60191514756943,,,
1763074351043,,,,9.079050064086914,-1.8330000638961792,-0.3739500045776367
1763074351062,3.0,,,,,
1763074351069,,,,8.131050109863281,-1.8360000848770142,-0.37095001339912415
1763074351074,6.0,,,,,
1763074351077,,36.875217319117375,84.60191514756943,,,
1763074351094,,,,,-1.8450000286102295,
1763074351095,,,,7.240050315856934,,-0.36195001006126404
1763074351110,,,,6.543000221252441,-2.580000162124634,-0.36900001764297485
1763074351113,,35.23548504493257,84.60191514756943,,,
1763074351121,,,,6.0259504318237305,-3.306000232696533,-0.8530500531196594
1763074351140,,,,,-4.390050411224365,
1763074351141,,,,6.0259504318237305,,-0.8530500531196594
1763074351157,,36.806552997469204,84.60191514756943,,,
1763074351160,,,,6.043050289154053,-4.741950035095215,-0.8359500169754028
1763074351162,,,98.02821180555556,,,
1763074351168,6.0,,,,,
1763074351182,,,,6.508050441741943,-5.511000156402588,-0.8329500555992126
1763074351193,,35.40844554599743,98.02821180555556,,,
1763074351199,,,,6.988950252532959,-6.330000400543213,-0.8530500531196594
1763074351218,,,,,-7.05495023727417,
1763074351219,,,,7.908000469207764,,-1.2120000123977661
1763074351233,,37.849356979605936,98.02821180555556,,,
1763074351238,,,,,-7.32105016708374,-1.2019500732421875
1763074351239,,,,8.72700023651123,,
1763074351240,,,95.32198079427083,,,
1763074351257,,,,,-7.327950477600098,
1763074351259,,,,9.35205078125,,-1.1950500011444092
1763074351268,6.0,,,,,
1763074351273,,37.676340278258536,95.32198079427083,,,
1763074351277,,,,9.724950790405273,-6.9120001792907715,-1.204050064086914
1763074351291,21.0,,,,,
1763074351299,,,,,-6.933000564575195,-1.207050085067749
1763074351300,,,,9.730050086975098,,
1763074351313,,37.233777564262176,95.32198079427083,,,
1763074351321,,,,10.257000923156738,-7.156050205230713,-1.4700000286102295
1763074351337,,,,,-7.5360002517700195,
1763074351338,,,,9.868950843811035,,-1.4610000848770142
1763074351353,,39.54129297999997,,,,
1763074351355,,,,,-7.539000511169434,-1.4580000638961792
1763074351368,21.0,,,,,
1763074351374,,,,,-7.069950103759766,-1.4490001201629639
1763074351375,,,,8.397000312805176,,
1763074351393,,40.09756609338834,,,,
1763074351394,,,,8.74905014038086,-6.409050464630127,-1.4629501104354858
1763074351398,,,78.46807570684524,,,
1763074351417,,,,9.724950790405273,-5.596950054168701,-1.4610000848770142
1763074351434,,35.66103509035736,78.46807570684524,,,
1763074351435,,,,9.735000610351562,-4.591950416564941,-1.4610000848770142
1763074351452,,,,,-4.303950309753418,-1.4610000848770142
1763074351453,,,,8.44694995880127,,
1763074351468,21.0,,,,,
1763074351472,,,,7.756950378417969,-4.311000347137451,-1.4530500173568726
1763074351473,,37.270327481846536,78.46807570684524,,,
1763074351491,,,,,-3.765000104904175,
1763074351493,,,,8.059050559997559,,-1.4490001201629639
1763074351508,15.0,,,,,
1763074351511,,,,8.068950653076172,-3.0829501152038574,-1.7860500812530518
1763074351514,,36.67037340131326,,,,
1763074351515,,,78.46807570684524,,,
1763074351520,,,69.73981584821428,,,
1763074351534,,,,7.707000255584717,-2.5440001487731934,-1.7650500535964966
1763074351550,,,,7.2330002784729,-2.070000171661377,-2.1889500617980957
1763074351553,,40.054179368789406,69.73981584821428,,,
1763074351568,15.0,,,,,
1763074351569,,,,,-1.5600000619888306,
1763074351570,,,,7.252050399780273,,-2.1690001487731934
1763074351589,,,,7.24500036239624,-1.194000005722046,-2.176950216293335
1763074351593,,41.973409859290534,69.73981584821428,,,
1763074351608,,,,,-0.7339500188827515,
1763074351610,,,,7.527000427246094,,-2.180999994277954
1763074351628,,,,7.8510003089904785,-0.7489500641822815,-2.1670501232147217
1763074351637,,41.46630939332725,,,,
1763074351648,,,,7.852950572967529,-0.753000020980835,-2.1859500408172607
1763074351667,15.0,,,8.289000511169434,-0.361050009727478,-1.8870000839233398
1763074351677,,40.89848341918372,,,,
1763074351683,,,97.86669921875,,,
1763074351686,,,,9.782999992370605,0.3559500277042389,-1.894050121307373
1763074351706,,,,11.205000877380371,1.081950068473816,-1.390950083732605
1763074351713,,36.24375302152743,97.86669921875,,,
1763074351725,4.0,,,12.64905071258545,1.1040000915527344,-1.4029500484466553
1763074351745,,,,,0.7369500398635864,
1763074351746,,,,14.041950225830078,,-1.3960500955581665
1763074351753,,37.33450398251006,97.86669921875,,,
1763074351767,,,,,1.1749500036239624,
1763074351768,4.0,,,14.896950721740723,,-1.4029500484466553
1763074351785,,,,15.939001083374023,1.4839500188827515,-1.4010000228881836
1763074351793,,36.598930880246286,97.86669921875,,,
1763074351798,,,64.435546875,,,
1763074351804,,,,16.6429500579834,1.4869500398635864,-1.4029500484466553
1763074351824,,,,16.621049880981445,0.8020500540733337,-1.4130001068115234
1763074351833,,36.688253649837755,64.435546875,,,
1763074351842,,,,16.65195083618164,-1.0000500679016113,-1.714050054550171
1763074351862,,,,16.327051162719727,-1.6110000610351562,-1.6930500268936157
1763074351868,4.0,,,,,
1763074351877,,36.74296077830308,64.435546875,,,
1763074351884,,,,16.336050033569336,-1.3590000867843628,-1.7050501108169556
1763074351909,,,,,-0.7270500063896179,
1763074351910,,,,16.327051162719727,,-1.714050054550171
1763074351917,,41.99756109823254,,,,
1763074351934,,,,15.730051040649414,-0.7300500273704529,-1.7119500637054443
1763074351940,,,,14.710050582885742,-0.7320000529289246,-1.7100000381469727
1763074351942,3.0,,,,,
1763074351956,,76.04261610827665,,,,
1763074351959,,,,,-1.180050015449524,-1.9590001106262207
1763074351960,,,,13.252050399780273,,
1763074351961,,,3566.2451171875,,,
1763074351970,3.0,,,,,
1763074351979,,,,11.758050918579102,-1.7040001153945923,-1.9399501085281372
1763074351993,,56.476744197843246,3566.2451171875,,,
1763074351999,,,,10.67400074005127,-2.401050090789795,-2.260050058364868
1763074352019,,,,9.754050254821777,-2.4079501628875732,-2.25600004196167
1763074352033,,34.88949167702535,3566.2451171875,,,
1763074352037,,,,8.79900074005127,-2.4220499992370605,-1.9590001106262207
1763074352057,,,,7.707000255584717,-2.4150002002716064,-1.6570501327514648
1763074352074,,36.5020556177518,3566.2451171875,,,
1763074352077,,,,6.6220502853393555,-2.401050090789795,-1.6350001096725464
1763074352078,3.0,,,,,
1763074352097,,,,6.6250505447387695,-2.9320502281188965,-1.6549500226974487
1763074352113,,37.21471317154512,,,,
1763074352117,,,,6.630000114440918,-3.2479500770568848,-1.6500000953674316
1763074352136,,,,6.019050121307373,-3.6070501804351807,-1.6500000953674316
1763074352158,,38.68040081713201,,,-3.95205020904541,-1.6399500370025635
1763074352159,16.0,,,5.587950229644775,,
1763074352167,,,100.76499720982143,,,
1763074352179,,,,5.607000350952148,-4.504950046539307,-1.3410000801086426
1763074352180,16.0,,,,,
1763074352193,,37.448619281143905,,,-5.3460001945495605,
1763074352194,,,100.76499720982143,6.213000297546387,,-1.3189500570297241
1763074352217,,,,6.916950225830078,-5.94195032119751,-1.321950078010559
1763074352233,,35.986995835751046,100.76499720982143,,,
1763074352238,,,,7.354950428009033,-6.652950286865234,-1.3290001153945923
1763074352252,,,,,-7.291950225830078,-1.336050033569336
1763074352254,,,,7.678050518035889,,
1763074352271,,,,,-7.98900032043457,
1763074352272,,,,8.381999969482422,,-1.3339500427246094
1763074352273,,36.71268162064925,,,,
1763074352285,16.0,,,,,
1763074352290,,,,,-7.98900032043457,
1763074352291,,,,8.878050804138184,,-1.3339500427246094
1763074352310,,,,8.880000114440918,-7.528950214385986,-1.339050054550171
1763074352313,,36.74377999959761,,,,
1763074352338,,,,9.438000679016113,-7.012050151824951,-1.3290001153945923
1763074352355,,,,10.279050827026367,-7.030950546264648,-1.3339500427246094
1763074352357,,35.909899203367885,,,,
1763074352364,,,47.671671549479164,,,
1763074352373,,,,10.300050735473633,-7.0219502449035645,-1.3189500570297241
1763074352376,27.0,,,,,
1763074352391,27.0,,,9.790050506591797,-6.445050239562988,-1.321950078010559
1763074352393,,35.6566105555092,47.671671549479164,,,
1763074352408,,,,10.041000366210938,-5.985000133514404,-1.3270500898361206
1763074352427,,,,10.67400074005127,-5.452950477600098,-1.3309500217437744
1763074352438,,33.176304961688146,47.671671549479164,,,
1763074352449,,,,,-4.548000335693359,
1763074352450,,,,11.254950523376465,,-1.3270500898361206
1763074352466,,,,11.260050773620605,-3.3420002460479736,-1.7929500341415405
1763074352473,,32.69644759637179,,,,
1763074352485,,,,,-2.7460501194000244,
1763074352486,,,,10.42905044555664,,-1.7860500812530518
1763074352491,27.0,,,,,
1763074352505,,,,,-2.2639501094818115,
1763074352506,,,,9.77595043182373,,-1.7890501022338867
1763074352517,,32.89635965352713,,,,
1763074352524,,,120.20088316902282,,,
1763074352525,,,,,-1.5600000619888306,
1763074352526,,,,,,-1.7740501165390015
1763074352527,,,,9.3589506149292,,
1763074352544,,,,8.497050285339355,-1.0290000438690186,-1.7790000438690186
1763074352557,,31.951357650700185,,,,
1763074352558,,,120.20088316902282,,,
1763074352564,,,,7.26900053024292,-1.0429500341415405,-1.7890501022338867
1763074352583,,,,6.499950408935547,-1.0459500551223755,-1.7860500812530518
1763074352593,10.0,,,,,
1763074352597,,34.85205792857754,120.20088316902282,,,
1763074352601,10.0,,,,,
1763074352602,,,,,-1.048050045967102,
1763074352603,,,,5.962050437927246,,-1.4490001201629639
1763074352622,,,,5.971050262451172,-1.048050045967102,-1.4389500617980957
1763074352633,,34.134086862103395,,,,
1763074352634,,,120.20088316902282,,,
1763074352641,,,,,-1.0360500812530518,
1763074352643,,,,6.241950511932373,,-1.4269500970840454
1763074352661,,,,,-1.0380001068115234,
1763074352662,,,,6.514950275421143,,-1.4490001201629639
1763074352673,,31.631694913413703,,,,
1763074352682,,,,7.3909502029418945,-1.0339500904083252,-1.4299501180648804
1763074352700,10.0,,,8.713050842285156,-1.3450500965118408,-1.1899501085281372
1763074352713,,32.592909678491004,,,,
1763074352720,,,68.84684244791666,,,
1763074352721,,,,10.249950408935547,-1.3570500612258911,-1.1830500364303589
1763074352739,,,,11.686050415039062,-1.350000023841858,-1.1899501085281372
1763074352754,,30.99067843566317,68.84684244791666,,,
1763074352758,,,,,-1.76895010471344,
1763074352760,,,,12.62700080871582,,-1.1779500246047974
1763074352778,,,,,-1.7850000858306885,
1763074352780,,,,13.603950500488281,,-1.1850000619888306
1763074352793,,31.130623937962305,68.84684244791666,,,
1763074352802,10.0,,,14.725050926208496,-1.7730001211166382,-1.1730000972747803
1763074352810,3.0,,,,,
1763074352820,,,,15.205950736999512,-1.7830500602722168,-1.1880000829696655
1763074352833,,64.79933326898197,,,,
1763074352838,,,,15.508050918579102,-1.7779500484466553,-1.168950080871582
1763074352856,,,,,-2.968050241470337,-1.1759999990463257
1763074352857,,,,15.522000312805176,,
1763074352874,,72.04978284988901,,,,
1763074352876,,,,15.802050590515137,-3.8230502605438232,-1.1830500364303589
1763074352895,,,,,-3.2479500770568848,
1763074352896,,,,16.585050582885742,,-1.1830500364303589
1763074352902,3.0,,,,,
1763074352914,,56.246171254433705,,,,
1763074352916,,,,17.53995132446289,-2.1780002117156982,-1.5280500650405884
1763074352918,,,478.1025041852679,,,
1763074352934,,,,,-1.3450500965118408,
1763074352935,,,,17.13105010986328,,-1.5090000629425049
1763074352953,,41.12726032355573,478.1025041852679,,-1.3470001220703125,
1763074352954,,,,15.838050842285156,,-1.9440001249313354
1763074352973,,,,14.041950225830078,-2.530050039291382,-1.9369500875473022
1763074352993,,42.37521311827072,478.1025041852679,12.598950386047363,-3.3990001678466797,-2.1889500617980957
1763074353001,3.0,,,,,
1763074353012,,,,,-4.311000347137451,
1763074353013,,,,,,-2.1720001697540283
1763074353014,,,,10.981950759887695,,
1763074353033,,38.47089470326629,,,,
1763074353041,,,,,-5.0370001792907715,
1763074353042,,,,8.914050102233887,,-2.1889500617980957
1763074353060,,,,7.153950214385986,-5.041950225830078,-2.184000015258789
1763074353073,,37.9084527379993,,,,
1763074353077,,,,6.463950157165527,-4.555950164794922,-2.1670501232147217
1763074353082,,,118.4326171875,,,
1763074353098,,,,5.868000507354736,-4.570050239562988,-2.176950216293335
1763074353114,,58.19691302602064,118.4326171875,,,
1763074353122,,,,5.028000354766846,-4.572000026702881,-2.1739501953125
1763074353124,3.0,,,,,
1763074353143,,,,4.531949996948242,-4.254000186920166,-2.180999994277954
1763074353155,,52.909676672127404,118.4326171875,,,
1763074353162,,,,4.551000118255615,-4.003050327301025,-1.8510000705718994
1763074353168,,,,,-4.024050235748291,
1763074353169,,,,5.092950344085693,,-1.8340500593185425
1763074353188,,,,5.860950469970703,-4.009950160980225,-1.420050024986267
1763074353193,,40.13835285118258,118.4326171875,,,
1763074353196,,,113.1201171875,,,
1763074353208,,,,6.364050388336182,-4.009950160980225,-1.4179500341415405
1763074353225,3.0,,,,,
1763074353227,,,,,-5.109000205993652,
1763074353228,,,,,,-1.420050024986267
1763074353229,,,,6.091050148010254,,
1763074353234,,40.75955686398891,113.1201171875,,,
1763074353244,30.0,,,,,
1763074353247,,,,6.100050449371338,-5.884050369262695,-1.4100000858306885
1763074353266,,,,,-6.4519500732421875,
1763074353267,,,,7.089000225067139,,-1.4179500341415405
1763074353273,,35.022704691125625,113.1201171875,,,
1763074353277,,,105.634765625,,,
1763074353285,,,,,-6.9120001792907715,
1763074353286,,,,7.951050281524658,,-1.4130001068115234
1763074353305,,,,8.77695083618164,-7.5010504722595215,-1.3980001211166382
1763074353317,,33.63028064667364,105.634765625,,,
1763074353324,30.0,,,,-8.017950057983398,-1.4080500602722168
1763074353325,,,,9.280050277709961,,
1763074353344,,,,10.113000869750977,-7.659000396728516,-1.111050009727478
1763074353357,,33.33727427911234,105.634765625,,,
1763074353365,,,100.28048270089286,,,
1763074353366,,,100.28048270089286,,,
1763074353369,,,,11.728950500488281,-7.660950183868408,-1.0969500541687012
1763074353389,,,,11.743950843811035,-7.134000301361084,-1.0969500541687012
1763074353393,,32.56017301002038,100.28048270089286,,,
1763074353410,,,,10.932000160217285,-6.567000389099121,-1.4700000286102295
1763074353422,,,,10.9350004196167,-5.877000331878662,-1.9590001106262207
1763074353424,30.0,,,,,
1763074353433,,31.579170544496563,,,,
1763074353434,,,100.28048270089286,,,
1763074353441,,,,,-5.475000381469727,
1763074353442,,,,11.614950180053711,,-1.9519500732421875
1763074353460,39.0,,,,,
1763074353461,,,,11.06100082397461,-5.215950012207031,-1.9470001459121704
1763074353473,,31.42214005246798,100.28048270089286,,,
1763074353487,,,,,-5.2260003089904785,-1.9369500875473022
1763074353488,,,,9.94800090789795,,
1763074353500,,,,9.115050315856934,-5.52495002746582,-1.9489500522613525
1763074353513,,32.56583311050639,,,,
1763074353519,,,,,-5.535000324249268,
1763074353521,,,,8.317950248718262,,-1.9399501085281372
1763074353534,39.0,,,,,
1763074353539,,,,,-4.483950138092041,
1763074353541,,,,7.6710004806518555,,-1.9369500875473022
1763074353553,,32.20504198240334,,,,
1763074353559,,,109.43796115451389,7.3690505027771,-3.378000259399414,-1.9420500993728638
1763074353579,,,,7.075050354003906,-2.0850000381469727,-1.9420500993728638
1763074353593,,31.699298858333353,109.43796115451389,,,
1763074353597,,,,,-1.180050015449524,
1763074353598,,,,6.543000221252441,,-1.420050024986267
1763074353617,,,,,-0.5400000214576721,
1763074353618,,,,6.019050121307373,,-1.4149500131607056
1763074353633,,30.861492999578303,109.43796115451389,,,
1763074353636,39.0,,,,,
1763074353637,,,,6.03795051574707,-0.5550000071525574,-1.4010000228881836
1763074353656,,,,,-0.2670000195503235,
1763074353657,,,,6.270000457763672,,-1.4010000228881836
1763074353673,,36.01038790486068,,,,
1763074353675,,,,,-0.28395000100135803,
1763074353676,,,,7.2109503746032715,,-1.4080500602722168
1763074353678,13.0,,,,,
1763074353695,,,,8.160000801086426,-0.26295000314712524,-1.4059500694274902
1763074353714,,32.54944663587121,,,,
1763074353716,,,,9.345000267028809,-0.27900001406669617,-1.4130001068115234
1763074353736,,,,10.437000274658203,-0.583050012588501,-1.420050024986267
1763074353737,13.0,,,,,
1763074353753,,,,,-0.8280000686645508,
1763074353754,,,,11.491950988769531,,-1.8439500331878662
1763074353757,,31.115842439793624,,,,
1763074353761,,,107.45731026785714,,,
1763074353773,,,,,-0.8320500254631042,-2.180999994277954
1763074353774,,,,12.57705020904541,,
1763074353793,,29.58879574470355,107.45731026785714,13.603950500488281,-0.8470500111579895,-2.180999994277954
1763074353812,,,,14.041950225830078,-0.8350500464439392,-2.1690001487731934
1763074353832,,,,14.059050559997559,-1.078950047492981,-2.164950132369995
1763074353833,,30.05492527779905,107.45731026785714,,,
1763074353837,13.0,,,,,
1763074353851,,,,14.041950225830078,-1.0860000848770142,-2.180999994277954
1763074353870,,,,,-2.3430001735687256,
1763074353871,,,,13.546950340270996,,-1.8439500331878662
1763074353873,,74.08929445851867,,,,
1763074353890,,,,12.828001022338867,-3.535950183868408,-1.8370500802993774
1763074353895,9.0,,,,,
1763074353909,,,,,-4.375950336456299,
1763074353910,,,,13.309950828552246,,-1.8340500593185425
1763074353913,,62.93413637871717,,,,
1763074353918,,,578.0443638392858,,,
1763074353929,,,,14.52405071258545,-4.381050109863281,-1.828950047492981
1763074353940,9.0,,,,,
1763074353949,,,,15.795001029968262,-4.378050327301025,-1.831950068473816
1763074353953,,52.14520404207403,578.0443638392858,,,
1763074353968,,,,16.485000610351562,-3.9090001583099365,-1.8220500946044922
1763074353987,,,,,-3.198000192642212,
1763074353988,,,,15.78795051574707,,-1.8390001058578491
1763074353993,,77.49864079661342,578.0443638392858,,,
1763074353999,,,509.48769705636164,,,
1763074354007,,,,14.725050926208496,-3.205050230026245,-1.831950068473816
1763074354026,,,,,-3.2119500637054443,
1763074354027,,,,,,-1.8250501155853271
1763074354028,,,,13.69800090789795,,
1763074354033,,71.46405605580168,509.48769705636164,,,
1763074354040,9.0,,,,,
1763074354046,,,,,-3.457050085067749,
1763074354048,,,,12.211050987243652,,-1.8439500331878662
1763074354072,,,,10.221000671386719,-3.844050168991089,-1.8390001058578491
1763074354073,,62.53483920302774,509.48769705636164,,,
1763074354085,,,,8.79900074005127,-3.8520002365112305,-1.831950068473816
1763074354104,,,,,-3.8610002994537354,
1763074354105,,,,8.059050559997559,,-1.585050106048584
1763074354112,3.0,,,,,
1763074354113,,51.94241479050057,509.48769705636164,,,
1763074354120,,,519.026140485491,,,
1763074354124,,,,7.326000213623047,-3.847050189971924,-1.5780000686645508
1763074354140,3.0,,,,,
1763074354143,,,,,-3.8520002365112305,
1763074354145,,,,6.579000473022461,,-1.5730500221252441
1763074354153,,56.009919759742814,519.026140485491,,,
1763074354163,,,,5.832000255584717,-3.8560502529144287,-1.5679501295089722
1763074354184,,,,5.836950302124023,-4.204050064086914,-1.5799500942230225
1763074354197,,37.875379017214854,,,,
1763074354198,,,519.026140485491,,,
1763074354204,,,,5.85105037689209,-4.5769500732421875,-1.5660001039505005
1763074354226,,,,5.842050075531006,-5.094000339508057,-1.0609500408172607
1763074354236,,37.233049946432615,,,,
1763074354246,,,,,-5.619000434875488,
1763074354247,,,,5.293950080871582,,-1.054050087928772
1763074354248,3.0,,,,,
1763074354260,,,,,-6.544950485229492,
1763074354261,,,,5.293950080871582,,-1.0609500408172607
1763074354273,,32.38269332302449,,,,
1763074354277,,,111.16994222005209,,,
1763074354287,,,,5.7460503578186035,-7.350000381469727,-1.377000093460083
1763074354305,,,,,-7.716000556945801,
1763074354306,,,,6.414000511169434,,-1.3549500703811646
1763074354313,,32.14936613010388,111.16994222005209,,,
1763074354319,,,,7.147050380706787,-7.732950210571289,-1.363050103187561
1763074354329,24.0,,,,,
1763074354338,,,,,-7.717950344085693,
1763074354339,,,,7.642050266265869,,-1.377000093460083
1763074354348,24.0,,,,,
1763074354357,,33.3765934359702,,,,
1763074354358,,,111.16994222005209,8.302950859069824,-7.378050327301025,-1.3579500913619995
1763074354377,,,,,-7.73805046081543,
1763074354378,,,,9.567000389099121,,-1.3579500913619995
1763074354393,,32.52191504569768,111.16994222005209,,,
1763074354401,,,,,-8.592000007629395,
1763074354402,,,,9.84795093536377,,-1.3650000095367432
1763074354418,,,,9.86205005645752,-8.595000267028809,-1.363050103187561
1763074354436,,,,10.630050659179688,-8.002950668334961,-1.3549500703811646
1763074354437,,32.202446623402025,,,,
1763074354450,24.0,,,,,
1763074354455,,,,,-6.696000099182129,
1763074354456,,,,11.851950645446777,,-1.3699500560760498
1763074354475,,,,12.655950546264648,-5.439000129699707,-1.3579500913619995
1763074354477,,31.097401624312244,,,,
1763074354478,,,0.0,,,
1763074354494,,,,,-4.756950378417969,
1763074354496,,,,12.289950370788574,,-0.7950000166893005
1763074354514,,30.08387230114159,,,,
1763074354515,,,,11.032950401306152,-4.7659502029418945,-0.7780500650405884
1763074354533,,,,,-4.102950096130371,
1763074354534,,,,9.961950302124023,,-0.7950000166893005
1763074354546,19.0,,,,,
1763074354551,19.0,,,,,
1763074354553,,30.577667706888143,0.0,,-3.2479500770568848,-1.390950083732605
1763074354554,,,,9.388050079345703,,
1763074354573,,,,,-2.53695011138916,
1763074354574,,,,8.719950675964355,,-1.377000093460083
1763074354592,,,,7.915050506591797,-1.8619500398635864,-1.3819500207901
1763074354593,,31.51934853433286,,,,
1763074354611,,,,,-1.4310001134872437,
1763074354612,,,,7.189950466156006,,-1.3819500207901
1763074354634,,30.845894488577237,,,,
1763074354642,,,,6.694050312042236,-0.9640500545501709,-1.3699500560760498
1763074354661,,,,,-0.9760500192642212,
1763074354662,19.0,,,6.349950313568115,,-1.3819500207901
1763074354673,,28.908311562210486,0.0,,,
1763074354681,,,,6.369000434875488,-0.6270000338554382,-1.7359501123428345
1763074354689,,,,,-0.6340500116348267,
1763074354690,,,,6.988950252532959,,-1.7340000867843628
1763074354709,,,,7.426950454711914,-0.6480000019073486,-1.7190001010894775
1763074354713,,33.636276467986555,,,,
1763074354728,,,,,-0.6360000371932983,
1763074354729,,,,8.44694995880127,,-2.095050096511841
1763074354749,,,,9.31605052947998,-0.6409500241279602,-2.086050033569336
1763074354755,,33.33248556411776,,,,
1763074354760,,,92.14176722935268,,,
1763074354769,5.0,,,10.342950820922852,-0.6310500502586365,-2.095050096511841
1763074354770,5.0,,,,,
1763074354788,,,,11.205000877380371,-1.0930500030517578,-2.0880000591278076
1763074354793,,31.210621372724848,,,,
1763074354794,,,92.14176722935268,,,
1763074354819,,,,12.225000381469727,-1.3950001001358032,-2.074050188064575
1763074354834,,29.267928965550777,92.14176722935268,,,
1763074354835,,,0.0,,,
1763074354843,,,,,-1.4050500392913818,-2.0880000591278076
1763074354844,,,,13.590001106262207,,
1763074354845,,,,,-0.9430500268936157,
1763074354846,,,,14.322000503540039,,-2.095050096511841
1763074354865,,,,14.326951026916504,-0.5400000214576721,-2.0899500846862793
1763074354873,,56.438738591430564,,,,
1763074354874,5.0,,,,,
1763074354893,,,,14.926051139831543,-1.9410001039505005,-2.5480501651763916
1763074354911,,,,14.128951072692871,-3.306000232696533,-2.5309500694274902
1763074354913,,69.600671042638,,,,
1763074354923,,,,,-4.125,-2.5260000228881836
1763074354924,,,,14.682001113891602,,
1763074354943,,,,15.852001190185547,-4.129050254821777,-2.5450501441955566
1763074354957,,60.63901889475973,,,,
1763074354962,,,520.0898960658483,,,
1763074354963,,,,16.98000144958496,-4.138950347900391,-2.5360500812530518
1763074354974,5.0,,,,,
1763074354980,11.0,,,,,
1763074354985,,,,16.555950164794922,-3.68595027923584,-2.533050060272217
1763074354993,,63.88920947615265,520.0898960658483,,,
1763074355001,,,,,-3.6910502910614014,
1763074355002,,,,15.535950660705566,,-2.5290000438690186
1763074355021,,,,14.236050605773926,-4.405050277709961,-3.489000082015991
1763074355037,,70.61174414632193,520.0898960658483,,,
1763074355041,,,,12.951000213623047,-4.957950115203857,-3.472050189971924
1763074355065,,,,11.542950630187988,-5.251950263977051,-3.489000082015991
1763074355074,,69.54610300440775,,,,
1763074355090,,,,10.630050659179688,-4.648950099945068,-2.7559502124786377
1763074355091,11.0,,,,,
1763074355113,,64.248958835266,,,,
1763074355116,,,142.7783203125,9.294000625610352,-4.110000133514404,-2.7490501403808594
1763074355119,,,,7.219050407409668,-4.132050037384033,-2.454000234603882
1763074355139,,,,,-4.120050430297852,-2.0880000591278076
1763074355140,,,,5.479950428009033,,
1763074355153,,58.18491302235712,142.7783203125,,,
1763074355171,,,,4.554000377655029,-3.865950107574463,-1.225950002670288
1763074355193,,43.25214570649656,142.7783203125,5.344050407409668,-3.8680500984191895,-1.221000075340271
1763074355195,11.0,,,,,
1763074355196,3.0,,,,-3.6220502853393555,-0.9460500478744507
1763074355197,,,,5.782050132751465,,
1763074355218,,,,5.800950050354004,-3.643050193786621,-0.9270000457763672
1763074355233,,41.29769187236887,142.7783203125,,,
1763074355236,,,128.96484375,5.48805046081543,-4.303950309753418,-0.9360000491142273
1763074355261,,,,5.4970502853393555,-5.022000312805176,-0.9360000491142273
1763074355274,,52.91557576869355,128.96484375,,,
1763074355283,,,,5.868000507354736,-6.013950347900391,-0.9270000457763672
1763074355294,,,,6.450000286102295,-6.76800012588501,-0.9390000700950623
1763074355295,3.0,,,,,
1763074355317,,43.47292834957627,128.96484375,,,
1763074355322,,,141.67633056640625,,,
1763074355323,,,141.67633056640625,,,
1763074355333,,,,7.153950214385986,-7.492950439453125,-0.931950032711029
1763074355354,,,,,-7.498050212860107,
1763074355355,,34.17271487061332,141.67633056640625,8.72700023651123,,-0.9270000457763672
1763074355380,,,,,-7.495950222015381,-0.9289500713348389
1763074355381,,,,9.072000503540039,,
1763074355393,,34.148276875547424,141.67633056640625,,,
1763074355402,,,,9.940950393676758,-7.492950439453125,-0.931950032711029
1763074355404,3.0,,,,,
1763074355425,,,,,-7.795050144195557,
1763074355426,18.0,,,11.040000915527344,,-0.9409500360488892
1763074355435,,32.934846971872524,,,,
1763074355451,,,,,-6.889950275421143,
1763074355452,,,,11.04900074005127,,-0.9360000491142273
1763074355473,,32.469165265994356,,,,
1763074355481,,,,10.221000671386719,-6.588000297546387,-1.3579500913619995
1763074355506,,,,10.609050750732422,-6.592950344085693,-1.6570501327514648
1763074355508,,,,,-6.064050197601318,
1763074355509,,,,11.017950057983398,,-1.6350001096725464
1763074355510,18.0,,,,,
1763074355513,,34.4672811398527,,,,
1763074355521,,,91.15809849330357,,,
1763074355522,,,91.15809849330357,,,
1763074355528,,,,11.032950401306152,-5.122950077056885,-1.6429500579833984
1763074355548,,,,10.020000457763672,-4.024050235748291,-1.6399500370025635
1763074355553,,33.97459951449664,,,,
1763074355554,,,91.15809849330357,,,
1763074355569,,,,8.47605037689209,-3.205050230026245,-1.390950083732605
1763074355593,,,,7.6210503578186035,-2.5009500980377197,-1.9369500875473022
1763074355594,,31.763296780604605,,,,
1763074355595,,,91.15809849330357,,,
1763074355618,18.0,,,7.096950531005859,-1.8690000772476196,-1.9200000762939453
1763074355625,,,,,-1.3950001001358032,
1763074355626,,,,6.823950290679932,,-1.915950059890747
1763074355635,,30.789676161538523,,,,
1763074355644,6.0,,,,,
1763074355647,,,,6.529050350189209,-1.065000057220459,-1.9350000619888306
1763074355673,,32.47774314515543,0.0,6.541050434112549,-0.6910500526428223,-1.924950122833252
1763074355697,,,,,-0.7060500383377075,
1763074355698,,,,6.531000137329102,,-1.4770500659942627
1763074355713,,35.95326786585977,,,,
1763074355720,,,,6.535950183868408,-0.7099500298500061,-1.4700000286102295
1763074355722,6.0,,,,,
1763074355723,,,,6.8520002365112305,-0.700950026512146,-1.4560500383377075
1763074355743,,,,7.807950496673584,-0.6910500526428223,-1.4650501012802124
1763074355756,,45.35416800099634,,,,
1763074355767,,,,8.914050102233887,-0.33900001645088196,-1.4580000638961792
1763074355793,,,,9.747000694274902,-0.06599999964237213,-1.111050009727478
1763074355795,,40.77105371968878,,,,
1763074355801,,,,10.695000648498535,-0.3540000021457672,-1.1020500659942627
1763074355803,,,623.525390625,,,
1763074355821,,,,,-0.7560000419616699,
1763074355822,6.0,,,11.406000137329102,,-1.1059499979019165
1763074355835,,57.49713184542733,623.525390625,,,
1763074355842,,,,11.866050720214844,-0.7729500532150269,-1.0900501012802124
1763074355861,,,,13.258950233459473,-0.76500004529953,-1.0969500541687012
1763074355873,,57.74079620033376,623.525390625,,,
1763074355882,,,,,-0.7770000100135803,-1.1089500188827515
1763074355883,,,,14.265000343322754,,
1763074355904,,,,15.034050941467285,-1.6390501260757446,-2.7559502124786377
1763074355913,,64.97500010701341,,,,
1763074355924,,,,15.370950698852539,-3.3490500450134277,-3.6180002689361572
1763074355926,6.0,,,,,
1763074355942,,,,,-4.354050159454346,
1763074355943,,,,15.92400074005127,,-3.6060001850128174
1763074355953,,72.85703036065752,,,,
1763074355957,,,160.28340657552081,,,
1763074355958,,,160.28340657552081,,,
1763074355966,,,,16.86495018005371,-4.35705041885376,-3.6040501594543457
1763074355976,,,,18.08595085144043,-3.744000196456909,-3.6180002689361572
1763074355993,,52.02403646731857,160.28340657552081,,,
1763074355996,,,,17.476051330566406,-2.473050117492676,-3.595950126647949
1763074356029,6.0,,,16.045949935913086,-2.4940500259399414,-3.999000072479248
1763074356033,,67.92691895695813,160.28340657552081,,,
1763074356035,,,,14.481000900268555,-2.997000217437744,-3.9790501594543457
1763074356054,,,,,-3.484950065612793,-3.9940502643585205
1763074356073,,54.38159180752672,160.28340657552081,,,
1763074356074,,,,11.737051010131836,-4.1170501708984375,-3.690000057220459
1763074356093,,,,10.422000885009766,-4.125,-3.66795015335083
1763074356113,,31.95402893866695,,9.532050132751465,-4.122000217437744,-2.8999500274658203
1763074356130,6.0,,,,,
1763074356149,,,,8.647950172424316,-4.132050037384033,-2.8950002193450928
1763074356153,,,,7.5199503898620605,-4.138950347900391,-2.8879501819610596
1763074356157,,37.233694241209776,,,,
1763074356161,,,222.18680245535714,,,
1763074356173,,,,6.594000339508057,-4.126950263977051,-2.5480501651763916
1763074356193,,36.4081956089735,222.18680245535714,,,
1763074356194,,,,5.911050319671631,-4.122000217437744,-1.9590001106262207
1763074356213,,,,5.443950176239014,-4.125,-1.9369500875473022
1763074356233,6.0,38.83961983176682,222.18680245535714,4.942050457000732,-4.375950336456299,-1.9489500522613525
1763074356238,,,133.47462972005206,,,
1763074356253,,,,4.237950325012207,-4.378050327301025,-1.9470001459121704
1763074356271,,,,3.9790501594543457,-4.821000099182129,-1.9590001106262207
1763074356273,,36.94214238551676,133.47462972005206,,,
1763074356291,2.0,,,,,
1763074356292,,,,3.988950252532959,-4.831050395965576,-1.6639500856399536
1763074356308,,,,4.374000072479248,-4.8259501457214355,-1.297950029373169
1763074356313,,35.66158600191971,133.47462972005206,,,
1763074356327,,,,4.762050151824951,-5.611050128936768,-1.297950029373169
1763074356338,2.0,,,,,
1763074356347,,,,5.6670002937316895,-6.415950298309326,-1.284000039100647
1763074356353,,35.35154489305996,133.47462972005206,,,
1763074356376,,,,,-6.421050071716309,
1763074356377,,,,6.651000499725342,,-1.2790501117706299
1763074356385,,,,,-6.435000419616699,
1763074356386,,,,7.483950138092041,,-0.9670500755310059
1763074356393,,32.54401182491037,,,,
1763074356405,,,,,-6.426000118255615,
1763074356406,,,,8.160000801086426,,-0.9670500755310059
1763074356424,,,,,-6.933000564575195,
1763074356425,,,,,,-0.9630000591278076
1763074356426,,,,9.934050559997559,,
1763074356433,,39.63263803905044,,,,
1763074356440,,,101.05678013392857,,,
1763074356442,2.0,,,,,
1763074356444,,,,11.263050079345703,-8.161050796508789,-0.9550500512123108
1763074356464,,,,11.278950691223145,-8.166000366210938,-0.9510000348091125
1763074356473,,39.12655625849609,101.05678013392857,,,
1763074356483,,,,,-8.170949935913086,
1763074356484,,,,10.954050064086914,,-1.225950002670288
1763074356501,9.0,,,,,
1763074356502,,,,,-8.166000366210938,
1763074356503,,,,11.442000389099121,,-1.2090001106262207
1763074356513,,38.17605051827225,101.05678013392857,,,
1763074356517,,,107.935546875,,,
1763074356522,,,,12.541050910949707,-6.76800012588501,-1.2190500497817993
1763074356542,9.0,,,13.705050468444824,-5.317050457000732,-1.2090001106262207
1763074356553,,50.18898006969452,107.935546875,,,
1763074356561,,,,13.224000930786133,-4.146000385284424,-1.207050085067749
1763074356580,,,,,-3.643050193786621,
1763074356581,,,,11.362950325012207,,-1.207050085067749
1763074356593,,45.495037027646354,107.935546875,,,
1763074356604,,,,10.458000183105469,-3.118950128555298,-1.204050064086914
1763074356622,,,,10.47195053100586,-2.25,-1.492050051689148
1763074356634,,42.52167466384599,107.935546875,,,
1763074356641,,,,9.424050331115723,-1.4239500761032104,-1.489050030708313
1763074356643,9.0,,,,,
1763074356658,,,,,-0.6190500259399414,
1763074356660,,,,8.863950729370117,,-1.4800500869750977
1763074356673,,44.87405406911472,,,,
1763074356678,,,,,0.09795000404119492,
1763074356679,,,,7.908000469207764,,-1.5040500164031982
1763074356698,,,,6.844950199127197,0.11700000613927841,-1.4989501237869263
1763074356713,,47.9121130739916,,,,
1763074356718,,,321.201171875,,,
1763074356723,2.0,,,6.177000522613525,0.1099500060081482,-1.492050051689148
1763074356742,,,,6.172050476074219,0.11505000293254852,-2.0380501747131348
1763074356743,2.0,,,,,
1763074356753,,55.3713509417738,321.201171875,,,
1763074356761,,,,7.125000476837158,0.11505000293254852,-2.041949987411499
1763074356775,,,,,0.1099500060081482,
1763074356776,,,,8.131050109863281,,-2.4690001010894775
1763074356793,,54.28816833026086,321.201171875,,,
1763074356795,,,,8.461050033569336,0.10005000233650208,-2.9359500408172607
1763074356814,,,,,-0.2749500274658203,
1763074356815,,,,9.1360502243042,,-2.932950258255005
1763074356833,,48.313174958555656,,,,
1763074356834,,,,10.092000007629395,-1.2160500288009644,-3.280050039291382
1763074356844,2.0,,,,,
1763074356853,,,,,-1.8619500398635864,
1763074356855,,,,,,-3.271050214767456
1763074356856,,,,11.46405029296875,,
1763074356873,,67.78833792257677,,12.879000663757324,-1.8720000982284546,-3.261000156402588
1763074356878,,,126.21846516927084,,,
1763074356892,,,,,-1.2799500226974487,
1763074356893,,,,13.69800090789795,,-3.2779500484466553
1763074356912,,,,,-1.6680001020431519,
1763074356913,,72.37480247594877,,,,-3.2730002403259277
1763074356914,,,126.21846516927084,14.587950706481934,,
1763074356933,8.0,,,15.177000999450684,-3.1330502033233643,-3.268050193786621
1763074356953,,74.57340375614632,,,,
1763074356954,,,126.21846516927084,16.46295166015625,-4.3470001220703125,-3.2760002613067627
1763074356955,8.0,,,,,
1763074356974,,,,17.971050262451172,-4.771050453186035,-3.259050130844116
1763074356993,,64.61557817825965,126.21846516927084,18.32295036315918,-3.6070501804351807,-3.2730002403259277
1763074357011,,,,,-2.25,
1763074357012,,,,17.381999969482422,,-3.2659502029418945
1763074357029,,,,16.003049850463867,-2.257050037384033,-3.259050130844116
1763074357034,,55.43107772316726,,,,
1763074357052,,,,14.725050926208496,-3.0180001258850098,-3.264000177383423
1763074357055,8.0,,,,,
1763074357072,,,,13.76205062866211,-3.967050075531006,-3.2730002403259277
1763074357073,,66.8127102557431,,,,
1763074357077,,,377.5341796875,,,
1763074357078,,,377.5341796875,,,
1763074357087,,,,,-4.879050254821777,-3.271050214767456
1763074357088,,,,12.232050895690918,,
1763074357107,,,,10.321950912475586,-5.122950077056885,-3.2659502029418945
1763074357113,,56.370282243436314,,,,
1763074357114,,,377.5341796875,,,
1763074357126,,,,,-4.720950126647949,
1763074357127,,,,8.855999946594238,,-3.261000156402588
1763074357146,,,,7.483950138092041,-4.240050315856934,-2.791950225830078
1763074357154,,53.6830846549957,377.5341796875,,,
1763074357158,,,336.6552734375,,,
1763074357161,7.0,,,,,
1763074357162,7.0,,,,,
1763074357166,,,,6.6660003662109375,-4.258950233459473,-1.9009500741958618
1763074357185,,,,,-4.252050399780273,-0.8740500211715698
1763074357186,,,,6.670050144195557,,
1763074357193,,53.981525944993095,336.6552734375,,,
1763074357204,,,,,-3.95205020904541,
1763074357205,,,,5.775000095367432,,-0.856950044631958
1763074357224,,,,4.948950290679932,-3.967050075531006,-0.5650500059127808
1763074357233,,55.847405406181764,336.6552734375,,,
1763074357243,,,,,-3.970950126647949,
1763074357244,,,,4.410000324249268,,-0.5530500411987305
1763074357270,,,,4.4320502281188965,-4.267950057983398,-0.5440500378608704
1763074357271,7.0,,,,,
1763074357276,,63.41154177231054,336.6552734375,,,
1763074357292,,,,4.683000087738037,-4.648950099945068,-0.5460000038146973
1763074357313,,59.18975469385938,,,,
1763074357319,,,,5.136000156402588,-4.659000396728516,-0.559950053691864
1763074357345,,,,5.145000457763672,-5.310000419616699,-0.5560500025749207
1763074357357,,58.82123327942209,,,,
1763074357361,,,349.53125,,,
1763074357362,,,,,-6.897000312805176,
1763074357363,,,,6.4069504737854,,-0.547950029373169
1763074357368,2.0,,,,,
1763074357371,2.0,,,,,
1763074357380,,,,7.354950428009033,-6.919050216674805,-0.5509500503540039
1763074357393,,58.12310228504654,349.53125,,,
1763074357403,,,,,-7.299000263214111,-0.5530500411987305
1763074357404,,,,8.03700065612793,,
1763074357421,,,,8.49000072479248,-7.314000129699707,-0.5629500150680542
1763074357433,,42.28105999156536,349.53125,,,
1763074357437,,,292.87141927083337,,,
1763074357440,,,,9.675000190734863,-6.588000297546387,-0.5460000038146973
1763074357458,,,,10.975050926208496,-6.265050411224365,-0.5580000281333923
1763074357471,2.0,,,,,
1763074357473,,39.84896454447107,292.87141927083337,,,
1763074357477,,,,10.717050552368164,-6.268050193786621,-0.5560500025749207
1763074357497,,,,10.729050636291504,-6.508950233459473,-0.5530500411987305
1763074357513,,37.78570242500001,292.87141927083337,,,
1763074357527,,,,11.248050689697266,-5.725950241088867,-1.1329500675201416
1763074357536,,,,12.261000633239746,-5.152050018310547,-1.5280500650405884
1763074357553,,36.76481049276369,292.87141927083337,,,
1763074357555,,,,,-4.684950351715088,-1.1329500675201416
1763074357556,,,,11.844000816345215,,
1763074357574,2.0,,,,,
1763074357575,,,,11.0110502243042,-4.246950149536133,-0.6439500451087952
1763074357593,,35.2918306673909,,,,
1763074357594,,,,,-3.744000196456909,-0.6439500451087952
1763074357595,,,,10.120950698852539,,
1763074357614,,,,9.697050094604492,-2.5159502029418945,-0.9100500345230103
1763074357635,,,,9.280050277709961,-1.3230000734329224,-0.8880000710487366
1763074357637,,34.64625721100739,,,,
1763074357648,,,124.99611990792411,,,
1763074357655,,,,8.554950714111328,-0.6910500526428223,-1.6930500268936157
1763074357673,,39.10710505402744,124.99611990792411,8.152050018310547,-0.11700000613927841,-1.7050501108169556
1763074357676,2.0,,,,,
1763074357696,,,,7.707000255584717,-0.09495000541210175,-1.702950119972229
1763074357711,,,,,-0.10005000233650208,
1763074357712,,,,7.70205020904541,,-1.6980000734329224
1763074357713,,59.95742745236467,124.99611990792411,,,
1763074357731,,,,7.993950366973877,-0.12600000202655792,-1.6950000524520874
1763074357753,,58.43619931118595,,,,
1763074357761,,,,8.670000076293945,-0.6049500107765198,-0.9100500345230103
1763074357770,,,,9.409049987792969,-0.6049500107765198,-0.8880000710487366
1763074357776,2.0,,,,,
1763074357789,,,,,-0.6190500259399414,
1763074357790,,,,9.87600040435791,,-0.89805006980896
1763074357793,,60.39358303808968,,,,
1763074357804,4.0,,,,,
1763074357809,,,,,-0.6240000128746033,
1763074357810,,,,10.314000129699707,,-1.1759999990463257
1763074357828,,,,,-1.1650500297546387,-1.5280500650405884
1763074357829,,,,11.0110502243042,,
1763074357834,,57.38702699707338,,,,
1763074357837,,,228.9111328125,,,
1763074357848,,,,11.967000961303711,-1.5240000486373901,-1.5210000276565552
1763074357870,,,,12.871950149536133,-1.527000069618225,-1.5180001258850098
1763074357873,,55.59441047844126,228.9111328125,,,
1763074357876,4.0,,,,,
1763074357887,,,,13.690051078796387,-1.543950080871582,-1.5250500440597534
1763074357908,,,,13.710000991821289,-1.5360000133514404,-1.5090000629425049
1763074357913,,56.58039770805114,,,,
1763074357914,,,228.9111328125,,,
1763074357917,,,194.189453125,,,
1763074357930,,,,13.707000732421875,-1.8690000772476196,-1.5109500885009766
1763074357948,,,,12.778050422668457,-3.0180001258850098,-1.5109500885009766
1763074357954,,68.33709970144935,194.189453125,,,
1763074357965,,,,13.080000877380371,-3.8370001316070557,-1.50600004196167
1763074357993,,63.84121930264377,194.189453125,,,
1763074357994,,,,,-3.847050189971924,
1763074357995,4.0,,,14.896950721740723,,-1.5210000276565552
1763074357998,,,266.1785888671875,,,
1763074358013,,,,16.492050170898438,-3.306000232696533,-1.5109500885009766
1763074358018,5.0,,,,,
1763074358023,,,,,-3.325050115585327,
1763074358024,,,,16.504051208496094,,-1.8510000705718994
1763074358038,,70.35863446983964,266.1785888671875,,,
1763074358043,,,,15.952950477600098,-4.038000106811523,-2.203050136566162
1763074358062,,,,,-4.957950115203857,
1763074358063,,,,15.673050880432129,,-2.490000009536743
1763074358078,,78.07525654903789,266.1785888671875,,,
1763074358083,,,,15.682050704956055,-5.884050369262695,-3.1080000400543213
1763074358095,5.0,,,,,
1763074358102,,,,14.551950454711914,-6.343950271606445,-3.094050168991089
1763074358113,,63.29149470888766,266.1785888671875,,,
1763074358121,,,,12.958050727844238,-6.355950355529785,-3.1060502529144287
1763074358140,,,,,-6.0859503746032715,
1763074358141,,,,10.408050537109375,,-3.0889501571655273
1763074358157,,40.579830283387146,,,,
1763074358160,,,,7.65000057220459,-5.452950477600098,-3.0979502201080322
1763074358180,,,,5.875050067901611,-4.79295015335083,-3.0889501571655273
1763074358193,,44.38447670811776,,,,
1763074358195,5.0,,,,,
1763074358197,,,194.2109375,,,
1763074358198,,,194.2109375,,,
1763074358204,,,,5.53095006942749,-4.44795036315918,-1.8439500331878662
1763074358223,,,,,-4.052999973297119,
1763074358224,,,,5.551950454711914,,-1.8220500946044922
1763074358237,,40.31921056473315,194.2109375,,,
1763074358244,2.0,,,5.236050128936768,-3.6510002613067627,-1.3270500898361206
1763074358263,,,,4.654050350189209,-3.655050277709961,-1.3189500570297241
1763074358277,,37.07332167102333,194.2109375,,,
1763074358280,,,,4.6620001792907715,-4.254000186920166,-1.3189500570297241
1763074358284,,,149.06895228794644,,,
1763074358296,2.0,,,,,
1763074358297,,,,4.671000003814697,-4.263000011444092,-1.3099501132965088
1763074358313,,33.12948262347221,149.06895228794644,,,
1763074358324,,,,4.969950199127197,-4.584000110626221,-0.9240000247955322
1763074358343,,,,,-5.086950302124023,
1763074358344,,,,5.278950214385986,,-0.9220500588417053
1763074358355,,,,,-5.640000343322754,
1763074358356,,,,5.284050464630127,,-0.9199500679969788
1763074358357,,33.61391591157658,149.06895228794644,,,
1763074358375,,,,5.860950469970703,-6.415950298309326,-0.9100500345230103
1763074358393,,32.983390955292165,149.06895228794644,,,
1763074358394,,,,6.39300012588501,-7.594050407409668,-0.9049500226974487
1763074358396,2.0,,,,,
1763074358398,,,92.30392020089286,,,
1763074358414,,,,,-8.032050132751465,
1763074358415,,,,7.06095027923584,,-0.9220500588417053
1763074358433,,,,,-8.03700065612793,
1763074358434,,,,7.836000442504883,,-0.5509500503540039
1763074358453,,37.79861012925695,92.30392020089286,8.784000396728516,-8.434050559997559,-0.5290500521659851
1763074358472,,,,,-8.929950714111328,
1763074358473,,35.32168449798422,92.30392020089286,,,
1763074358474,,,,10.041000366210938,,-0.5359500050544739
1763074358492,,,,10.623000144958496,-10.32300090789795,-0.5320500135421753
1763074358504,2.0,,,,,
1763074358511,,,,,-10.747050285339355,
1763074358512,,,,10.342950820922852,,-0.5389500260353088
1763074358513,,33.98637765800319,,,,
1763074358531,,,,9.667950630187988,-9.540000915527344,-0.547950029373169
1763074358553,,35.17301249228537,,,,
1763074358559,,,28.23652705439815,,-6.9910502433776855,
1763074358560,,,,10.069950103759766,,-0.5359500050544739
1763074358581,,,,11.71500015258789,-4.527000427246094,-0.534000039100647
1763074358589,,,,,-3.205050230026245,-0.5389500260353088
1763074358590,,,,12.238950729370117,,
1763074358593,,31.050739527088894,28.23652705439815,,,
1763074358605,2.0,,,,,
1763074358609,,,,11.248050689697266,-2.680950164794922,-0.5359500050544739
1763074358628,,,,9.424050331115723,-2.371950149536133,-0.817050039768219
1763074358634,,29.574902794211102,28.23652705439815,,,
1763074358648,,,,,-2.3740501403808594,
1763074358649,,,,8.260050773620605,,-1.9009500741958618
1763074358667,,,,8.275050163269043,-2.1060001850128174,-2.281949996948242
1763074358674,,28.786126450370308,28.23652705439815,,,
1763074358686,,,,,-2.1130499839782715,
1763074358687,,,,9.301950454711914,,-2.260050058364868
1763074358706,2.0,,,,-2.121000051498413,-2.2770001888275146
1763074358707,,,,9.306000709533691,,
1763074358713,,29.006856765172778,,,,
1763074358726,,,,,-2.1160500049591064,
1763074358727,,,,9.301950454711914,,-1.284000039100647
1763074358745,,,,9.301950454711914,-1.7329500913619995,-1.284000039100647
1763074358753,,29.60956700802346,0.0,,,
1763074358765,,,,9.898050308227539,-1.194000005722046,-1.815000057220459
1763074358793,,29.894505744242885,,,-0.7630500197410583,
1763074358794,,,,10.687950134277344,,-1.8030000925064087
1763074358813,2.0,,,11.169000625610352,-0.76500004529953,-1.801050066947937
1763074358824,,,,11.694000244140625,-0.7699500322341919,-1.7959500551223755
1763074358837,,30.306887390214968,0.0,,,
1763074358843,,,,12.088950157165527,-0.7750500440597534,-1.815000057220459
1763074358865,,,,12.64905071258545,-0.7800000309944153,-1.810050129890442
1763074358874,,29.239752415180796,,,,
1763074358887,3.0,,,14.17905044555664,-1.1149500608444214,-1.810050129890442
1763074358906,,,,15.594000816345215,-0.16695000231266022,-1.801050066947937
1763074358913,3.0,46.19133584613587,,,,
1763074358926,,,,16.29104995727539,0.6649500131607056,-1.8199501037597656
1763074358947,,,,,1.1470500230789185,-1.8220500946044922
1763074358948,,,,16.822050094604492,,
1763074358953,,45.26719626977734,,,,
1763074358957,,,450.634765625,,,
1763074358959,,,,,0.3850500285625458,
1763074358960,,,,15.795001029968262,,-2.203050136566162
1763074358979,,,,,-1.065000057220459,
1763074358980,,,,14.278950691223145,,-3.1440000534057617
1763074358993,,41.18837130979748,450.634765625,,,
1763074358999,,,,13.044000625610352,-2.299950122833252,-3.1270501613616943
1763074359020,,,,13.045950889587402,-2.9320502281188965,-3.1410000324249268
1763074359022,3.0,,,,,
1763074359037,,72.3473190878083,450.634765625,,,
1763074359041,,,,13.0489501953125,-3.198000192642212,-3.139050245285034
1763074359042,,,512.2099958147321,,,
1763074359065,,,,14.041950225830078,-2.6670000553131104,-3.1440000534057617
1763074359077,,,,,-2.4150002002716064,
1763074359078,,50.51568545527692,512.2099958147321,14.566950798034668,,-3.132000207901001
1763074359096,,,,,-2.431950092315674,
1763074359097,,,,14.983050346374512,,-3.7830002307891846
1763074359115,,48.570484270410226,512.2099958147321,,,
1763074359117,,,,14.200050354003906,-2.7019500732421875,-4.3720502853393555
1763074359121,,,546.5799851190476,,,
1763074359135,,,,13.317000389099121,-3.3199501037597656,-4.365000247955322
1763074359136,3.0,,,,,
1763074359153,,65.78566904879546,546.5799851190476,,,
1763074359154,,,,,-3.9240002632141113,
1763074359155,,,,12.706050872802734,,-4.360050201416016
1763074359174,,,,11.658000946044922,-4.771050453186035,-3.223050117492676
1763074359193,,43.30640803524324,546.5799851190476,,,
1763074359194,,,,10.615950584411621,-5.188050270080566,-3.2160000801086426
1763074359213,,,,9.502950668334961,-5.209050178527832,-3.2179501056671143
1763074359232,,,,,-5.2069501876831055,
1763074359233,,41.185399950947684,546.5799851190476,,,
1763074359237,,,479.7542027064732,,,
1763074359239,,,,,,-3.220050096511841
1763074359240,,,,8.217000007629395,,
1763074359241,3.0,,,,,
1763074359260,,,,,-4.9360504150390625,
1763074359261,,,,6.903000354766846,,-3.204000234603882
1763074359273,,34.594692470934504,479.7542027064732,,,
1763074359287,,,,,-4.671000003814697,-2.842050075531006
1763074359288,,,,6.156000137329102,,
1763074359296,,,,5.73900032043457,-4.671000003814697,-2.0590500831604004
1763074359313,,,,,-4.915050029754639,-2.0380501747131348
1763074359314,,,,6.12000036239624,,
1763074359317,,33.34313760078737,,,,
1763074359318,,,479.7542027064732,,,
1763074359336,2.0,,,6.141000270843506,-4.915050029754639,-2.0380501747131348
1763074359342,2.0,,,,,
1763074359351,,,,6.139050483703613,-4.648950099945068,-2.0400002002716064
1763074359353,,32.60873092945493,,,,
1763074359384,,,,6.124050140380859,-4.3470001220703125,-1.7929500341415405
1763074359395,,32.796969420119495,,,,
1763074359401,,,56.79574148995536,,,
1763074359412,,,,,-4.363950252532959,-1.771950125694275
1763074359413,,,,6.141000270843506,,-1.7910001277923584
1763074359434,,31.436500240197297,,,,
1763074359435,,,56.79574148995536,,,
1763074359438,,,,6.607950210571289,-6.150000095367432,-1.7820000648498535
1763074359442,2.0,,,,,
1763074359447,,,,7.405050277709961,-6.154950141906738,-1.7770501375198364
1763074359474,,30.630664375715106,56.79574148995536,,,
1763074359482,,,,,-6.6820502281188965,
1763074359483,,,,7.422000408172607,,-2.0590500831604004
1763074359486,,,,,-7.0909504890441895,
1763074359487,,,,7.425000190734863,,-2.0400002002716064
1763074359505,,,,,-7.587000370025635,
1763074359507,,,,7.807950496673584,,-2.0470499992370605
1763074359513,,32.63686915367278,,,,
1763074359525,,,,9.100950241088867,-7.600950241088867,-2.056950092315674
1763074359545,3.0,,,9.366000175476074,-7.062000274658203,-2.044950008392334
1763074359548,3.0,,,,,
1763074359553,,31.28136320743041,,,,
1763074359565,,,,,-7.077000141143799,
1763074359566,,,,9.955050468444824,,-2.053950071334839
1763074359586,,,,9.958050727844238,-6.667050361633301,-2.056950092315674
1763074359597,,31.180781150262295,0.0,,,
1763074359607,,,,10.896000862121582,-5.949000358581543,-2.056950092315674
1763074359627,,,,11.398950576782227,-4.972050189971924,-2.052000045776367
1763074359638,,32.01658264147603,,,,
1763074359642,,,,10.996950149536133,-3.736950159072876,-2.041949987411499
1763074359648,3.0,,,,,
1763074359661,,,,,-2.8819501399993896,
1763074359662,,,,10.458000183105469,,-2.0590500831604004
1763074359673,,29.012843720599406,0.0,,,
1763074359681,,,,9.718050003051758,-2.8819501399993896,-2.0590500831604004
1763074359713,,30.228275299144357,,,,
1763074359714,,,,9.451950073242188,-3.378000259399414,-2.041949987411499
1763074359720,,,,,-3.397050142288208,-2.0470499992370605
1763074359721,,,,9.463950157165527,,
1763074359739,,,,,-3.0040502548217773,
1763074359740,,,,9.022050857543945,,-2.056950092315674
1763074359753,,29.743537104486354,0.0,,,
1763074359756,3.0,,,,,
1763074359759,,,,,-2.53695011138916,
1763074359761,,,,8.539950370788574,,-2.044950008392334
1763074359778,,,,,-2.0850000381469727,-2.041949987411499
1763074359779,,,,8.557050704956055,,
1763074359793,,28.22199594622556,,,,
1763074359798,,,,8.551950454711914,-2.1040501594543457,-2.0470499992370605
1763074359817,,,,,-2.089050054550171,
1763074359819,,,,8.562000274658203,,-1.4700000286102295
1763074359833,,29.614372379425127,,,,
1763074359837,,,,8.539950370788574,-1.8049501180648804,-0.8530500531196594
1763074359856,3.0,,,,,
1763074359857,,,,8.964000701904297,-1.812000036239624,-0.8449500203132629
1763074359876,,,,,-1.5319501161575317,
1763074359877,,30.11875268172318,,9.59595012664795,,-0.8380500674247742
1763074359878,,,0.0,,,
1763074359898,,,,11.097000122070312,-0.4039500057697296,-0.8410500288009644
1763074359915,,,,,0.39195001125335693,-0.6010500192642212
1763074359916,,,,12.124950408935547,,
1763074359918,,27.120428465753786,,,,
1763074359939,,,,,0.4020000100135803,
1763074359940,,,,12.778050422668457,,-0.6060000061988831
1763074359953,,27.827414906426778,,,,
1763074359954,,,0.0,,,
1763074359961,,,,13.432050704956055,0.39705002307891846,-0.6010500192642212
1763074359962,3.0,,,,,
1763074359984,,,,14.113950729370117,0.4120500087738037,-0.6150000095367432
1763074359993,,28.34302454540751,,,1.3189500570297241,-0.6130500435829163
1763074359995,,,,14.695950508117676,,
1763074360012,,,,,1.815000057220459,
1763074360014,,,,14.691000938415527,,-0.6060000061988831
1763074360032,,,,14.694000244140625,0.831000030040741,-0.6040500402450562
1763074360033,,63.987226315709634,,,,
1763074360038,,,516.9456845238095,,,
1763074360066,3.0,,,14.710050582885742,-0.598050057888031,-1.9230000972747803
1763074360071,,,,14.718000411987305,-1.3950001001358032,-2.662950038909912
1763074360073,,71.43252001726388,516.9456845238095,,,
1763074360091,,,,15.249000549316406,-1.4050500392913818,-2.6550002098083496
1763074360110,,,,15.493050575256348,-1.4070000648498535,-2.653050184249878
1763074360113,,58.732533194347134,516.9456845238095,,,
1763074360133,,,,,-1.4070000648498535,-2.653050184249878
1763074360134,,,,15.502950668334961,,
1763074360152,,,,15.82395076751709,-1.3950001001358032,-2.641050100326538
1763074360153,,69.43125458422533,516.9456845238095,,,
1763074360163,,,476.0518101283482,,,
1763074360173,3.0,,,14.962050437927246,-1.6819500923156738,-2.641050100326538
1763074360193,,62.95988763064793,476.0518101283482,13.48905086517334,-2.2860000133514404,-3.0360002517700195
1763074360212,,,,13.492050170898438,-3.14805006980896,-3.034050226211548
1763074360227,,,,13.188000679016113,-3.6150002479553223,-3.022050142288208
1763074360233,,61.7027339220876,476.0518101283482,,,
1763074360239,,,497.4414498465402,,,
1763074360246,,,,,-3.6310501098632812,
1763074360247,,,,12.441000938415527,,-2.7270002365112305
1763074360266,,,,,-3.6190502643585205,
1763074360268,,,,11.083050727844238,,-2.454000234603882
1763074360277,,39.050488433427915,497.4414498465402,,,
1763074360283,3.0,,,,,
1763074360303,,,,9.667950630187988,-3.6310501098632812,-2.1529500484466553
1763074360305,,,,8.302950859069824,-4.06695032119751,-2.1409502029418945
1763074360319,,32.73068101658173,497.4414498465402,,,
1763074360324,,,,7.305000305175781,-4.311000347137451,-2.136000156402588
1763074360344,,,,6.745050430297852,-4.785000324249268,-2.1409502029418945
1763074360354,,31.750224273940862,,,,
1763074360363,,,,,-4.788000106811523,-2.1379501819610596
1763074360364,,,,6.478950500488281,,
1763074360383,,,,6.478950500488281,-4.797000408172607,-1.3270500898361206
1763074360393,3.0,30.063952088708426,,,,
1763074360412,,,,5.904000282287598,-4.800000190734863,-1.3240500688552856
1763074360433,,28.41074510208445,0.0,,,
1763074360436,,,,5.9160003662109375,-4.785000324249268,-1.3150500059127808
1763074360441,,,,5.904000282287598,-4.797000408172607,-1.3270500898361206
1763074360461,,,,,-5.224050045013428,
1763074360462,,,,5.923050403594971,,-1.3069500923156738
1763074360473,,27.534201985417145,,,,
1763074360480,,,,6.463950157165527,-5.8560004234313965,-1.321950078010559
1763074360496,3.0,,,,,
1763074360500,,,,,-6.2440505027771,
1763074360501,,,,7.032000541687012,,-1.3170000314712524
1763074360513,,28.061049538426552,0.0,,,
1763074360522,,,,7.5420002937316895,-6.247950077056885,-1.6000500917434692
1763074360542,,,,7.549050331115723,-6.265050411224365,-1.5919500589370728
1763074360558,,25.29416094398115,,,,
1763074360563,,,,7.554000377655029,-6.246000289916992,-1.588050127029419
1763074360581,,,,,-6.258000373840332,
1763074360582,,,,8.13794994354248,,-1.6000500917434692
1763074360593,,25.83160846144192,0.0,,,
1763074360596,3.0,,,,,
1763074360597,,,,8.433000564575195,-6.256050109863281,-1.9230000972747803
1763074360623,,,,8.449049949645996,-6.250950336456299,-1.9060500860214233
1763074360633,,26.433849665695895,,,,
1763074360642,,,,,-6.246000289916992,-1.91100013256073
1763074360643,,,,8.770050048828125,,
1763074360664,,,,8.325000762939453,-5.389050483703613,-2.5759501457214355
1763074360673,,24.83068717012062,,,,
1763074360675,,,,8.338950157165527,-4.978950023651123,-2.562000036239624
1763074360695,,,,8.986050605773926,-4.491000175476074,-1.9590001106262207
1763074360697,3.0,,,,,
1763074360713,,25.62242272738758,0.0,,,
1763074360714,,,,9.796950340270996,-4.2109503746032715,-1.9470001459121704
1763074360748,,,,10.257000923156738,-4.231950283050537,-1.6000500917434692
1763074360753,,25.166028203530338,,,-4.671000003814697,-1.5829501152038574
1763074360754,,,,10.566000938415527,,
1763074360773,,,,,-4.672950267791748,
1763074360774,,,,10.585050582885742,,-1.5799500942230225
1763074360792,,,,,-4.204050064086914,-1.5949500799179077
1763074360793,,24.76205250942368,0.0,,,
1763074360813,,,,11.362950325012207,-3.4710001945495605,-0.9460500478744507
1763074360814,3.0,,,,,
1763074360833,,56.0070383134402,,,,
1763074360836,,,,11.365950584411621,-2.5159502029418945,-0.9289500713348389
1763074360840,2.0,,,,,
1763074360858,,,,10.954050064086914,-1.3300501108169556,-0.9409500360488892
1763074360877,,45.911592506386896,,,,
1763074360879,,,,10.422000885009766,-0.5620500445365906,-0.9439500570297241
1763074360882,,,250.7568359375,,,
1763074360899,,,,9.991050720214844,0.07605000585317612,-0.9600000381469727
1763074360909,,,,9.991050720214844,0.08595000207424164,-0.9460500478744507
1763074360913,2.0,57.981717332730405,250.7568359375,,,
1763074360928,,,,,-0.23895001411437988,
1763074360929,,,,10.006050109863281,,-1.606950044631958
1763074360948,,,,9.55305004119873,-0.49695003032684326,-2.2390501499176025
1763074360954,,35.67957785791744,250.7568359375,,,
1763074360983,,,,9.201000213623047,-0.7699500322341919,-2.2200000286102295
1763074360987,,,,,-0.7870500087738037,
1763074360988,,,,9.213000297546387,,-2.2270500659942627
1763074360997,,31.882050613583168,250.7568359375,,,
1763074361002,,,163.6083984375,,,
1763074361007,,,,,-1.6249500513076782,
1763074361008,,,,9.213000297546387,,-2.2270500659942627
1763074361027,,,,,-2.3359501361846924,
1763074361028,2.0,,,9.868950843811035,,-2.233950138092041
1763074361033,,30.34402204078797,163.6083984375,,,
1763074361045,,,,,-2.817000150680542,
1763074361046,,,,10.573050498962402,,-2.2320001125335693
1763074361057,3.0,,,,,
1763074361065,,,,10.860000610351562,-2.8219501972198486,-2.2270500659942627
1763074361078,,30.274196473866613,163.6083984375,,,
1763074361086,,,,,-2.170950174331665,
1763074361087,,,,11.47800064086914,,-2.2320001125335693
1763074361105,,,,12.046051025390625,-1.7970000505447388,-2.221950054168701
1763074361113,,72.7092288518809,,,,
1763074361125,,,,12.994050979614258,-1.8000000715255737,-2.2200000286102295
1763074361128,3.0,,,,,
1763074361143,,,,13.567950248718262,-2.6020500659942627,-2.2320001125335693
1763074361153,,67.74665660579564,,,,
1763074361160,,,411.4728190104167,,,
1763074361162,,,,,-3.1330502033233643,
1763074361163,,,,14.035050392150879,,-2.2270500659942627
1763074361182,,,,14.52405071258545,-3.1410000324249268,-2.713050127029419
1763074361194,,46.06301678398942,411.4728190104167,,,
1763074361218,,,,15.429000854492188,-2.680950164794922,-3.015000104904175
1763074361221,,,,15.880950927734375,-2.200050115585327,-3.003000259399414
1763074361229,3.0,,,,,
1763074361237,,69.84276214802209,411.4728190104167,,,
1763074361240,,,,15.880950927734375,-1.8049501180648804,-3.015000104904175
1763074361260,,,,,-1.821000099182129,
1763074361261,,,,15.457050323486328,,-2.9980502128601074
1763074361273,,58.52080782308644,411.4728190104167,,,
1763074361280,,,,,-2.7019500732421875,-3.430950164794922
1763074361281,,,,14.422950744628906,,
1763074361299,,,,13.768950462341309,-3.6000001430511475,-3.430950164794922
1763074361313,,31.160528779643304,,,,
1763074361331,,,,13.101000785827637,-4.750050067901611,-3.430950164794922
1763074361332,3.0,,,,,
1763074361352,,,,12.268050193786621,-5.539950370788574,-3.430950164794922
1763074361353,,45.81737794606486,,,,
1763074361358,,,122.0263671875,11.305950164794922,-5.784000396728516,-3.049950122833252
1763074361377,,,,10.156050682067871,-5.805000305175781,-3.0480000972747803
1763074361393,,42.82286307809332,122.0263671875,,,
1763074361397,,,,8.835000038146973,-5.359950065612793,-3.0390000343322754
1763074361416,,,,7.930050373077393,-5.094000339508057,-1.9230000972747803
1763074361434,,54.575948826524964,122.0263671875,,,
1763074361437,3.0,,,7.204050540924072,-5.094000339508057,-1.1899501085281372
1763074361438,,,99.2919921875,,,
1763074361460,,,,6.594000339508057,-4.741950035095215,-1.1730000972747803
1763074361477,,33.980775627116735,99.2919921875,,,
1763074361479,,,,,-4.750050067901611,-0.7740000486373901
1763074361480,,,,6.019050121307373,,
1763074361499,2.0,,,,-4.744950294494629,-0.7540500164031982
1763074361500,,,,5.710050106048584,,
1763074361513,,37.024848530762505,99.2919921875,,,
1763074361514,,,,5.710050106048584,-4.750050067901611,-0.7740000486373901
1763074361533,,,,,-4.753950119018555,
1763074361535,,,,5.715000152587891,,-0.7690500617027283
1763074361551,2.0,,,,,
1763074361556,,28.23042242526441,99.2919921875,,,
1763074361559,,,142.50244140625,,,
1763074361571,,,,5.4370503425598145,-4.744950294494629,-0.7540500164031982
1763074361572,,,,5.4559502601623535,-4.744950294494629,-0.7540500164031982
1763074361593,,28.337814866857517,142.50244140625,6.01200008392334,-5.797950267791748,-0.7540500164031982
1763074361615,,,,,-6.214950084686279,
1763074361616,,,,7.032000541687012,,-0.7690500617027283
1763074361630,,,,,-6.23205041885376,-1.0750499963760376
1763074361631,,,,8.116050720214844,,
1763074361633,,27.611237541610343,142.50244140625,,,
1763074361650,,,,8.425050735473633,-6.217050075531006,-1.434000015258789
1763074361658,2.0,,,,,
1763074361675,,28.634176194130184,,,,
1763074361682,,,,,-6.466050148010254,
1763074361683,,,,8.704950332641602,,-1.4179500341415405
1763074361704,,,,,-6.745950222015381,
1763074361705,,,,9.424050331115723,,-1.4250000715255737
1763074361707,3.0,,,,-6.763050556182861,
1763074361708,,,,10.141950607299805,,-1.432050108909607
1763074361713,,31.012111053956883,0.0,,,
1763074361728,,,,10.141950607299805,-7.192050457000732,-1.434000015258789
1763074361747,,,,,-6.9120001792907715,
1763074361748,,,,9.517050743103027,,-1.4269500970840454
1763074361756,,28.05223748086901,,,,
1763074361768,3.0,,,9.144000053405762,-5.683050155639648,-1.434000015258789
1763074361789,,,,9.160050392150879,-4.383000373840332,-0.8670000433921814
1763074361793,,25.659555172436672,,,,
1763074361810,,,,9.718050003051758,-3.6720001697540283,-0.8670000433921814
1763074361830,,,,9.991050720214844,-3.4140002727508545,-0.8620500564575195
1763074361833,,27.00940042807176,0.0,,,
1763074361849,,,,9.631950378417969,-3.4300501346588135,-0.8449500203132629
1763074361864,,,,8.842050552368164,-3.4210500717163086,-0.8550000190734863
1763074361870,3.0,,,,,
1763074361877,,27.082257281691412,,,,
1763074361884,,,,9.229950904846191,-3.95205020904541,-0.8500500321388245
1763074361912,,,,,-3.6790502071380615,
1763074361913,,29.736029666154558,0.0,9.84000015258789,,-1.828950047492981
1763074361937,2.0,,,9.843000411987305,-3.076050043106079,-1.8270001411437988
1763074361942,,,,9.59595012664795,-2.350050210952759,-1.810050129890442
1763074361953,,51.74102487212473,,,,
1763074361962,,,,9.618000030517578,-1.467000126838684,-1.8079501390457153
1763074361980,2.0,,,,,
1763074361982,,,,,-0.598050057888031,
1763074361983,,,,9.28695011138916,,-2.410950183868408
1763074361993,,37.552089178300314,,,,
1763074361997,,,704.8291015625,,,
1763074362004,,,,9.301950454711914,-0.16695000231266022,-2.3970000743865967
1763074362029,,,,9.285000801086426,-0.15000000596046448,-2.413950204849243
1763074362033,,30.06335282574485,704.8291015625,,,
1763074362052,,,,9.631950378417969,-0.1789500117301941,-2.4090001583099365
1763074362072,,,,9.898050308227539,-0.17205001413822174,-2.39205002784729
1763074362073,,30.130761868013636,704.8291015625,,,
1763074362094,,,,9.916950225830078,-0.697950005531311,-1.9800001382827759
1763074362097,2.0,,,,,
1763074362113,,28.615875756841234,704.8291015625,9.915000915527344,-0.7200000286102295,-1.963050127029419
1763074362119,,,,10.249950408935547,-1.3450500965118408,-1.606950044631958
1763074362137,,,,10.88895034790039,-2.070000171661377,-1.603950023651123
1763074362141,3.0,,,,,
1763074362153,,28.157489995743514,,,,
1763074362156,,,,,-2.0820000171661377,
1763074362157,,,,11.46405029296875,,-1.9800001382827759
1763074362176,,,,,-2.092050075531006,-1.9800001382827759
1763074362177,,,,11.859000205993652,,
1763074362193,,29.024429259000023,0.0,,,
1763074362196,,,,12.325950622558594,-1.5600000619888306,-1.9609501361846924
1763074362197,3.0,,,,,
1763074362215,,,,12.843000411987305,-1.5750000476837158,-1.971000075340271
1763074362238,,69.07861703613251,,,,
1763074362245,,,,,-1.9410001039505005,-1.6789500713348389
1763074362246,,,,14.22900104522705,,
1763074362267,,,,,-2.5440001487731934,-1.6570501327514648
1763074362268,,,,15.586950302124023,,
1763074362273,,69.0479130835429,,,,
1763074362278,,,475.31088692801336,,,
1763074362289,,,,16.261951446533203,-2.5470001697540283,-1.6789500713348389
1763074362293,,,,15.874051094055176,-2.5639500617980957,-1.662000060081482
1763074362313,,,,15.406950950622559,-2.5660500526428223,-1.659000039100647
1763074362314,,63.19195050485157,475.31088692801336,,,
1763074362315,3.0,,,,,
1763074362336,,,,15.417000770568848,-2.556000232696533,-1.9230000972747803
1763074362355,,70.70147850732697,475.31088692801336,,,
1763074362358,,,,15.4120512008667,-2.9830501079559326,-1.9180500507354736
1763074362359,2.0,,,,,
1763074362361,,,459.6808636377728,,,
1763074362380,,,,14.545050621032715,-3.2340002059936523,-1.9060500860214233
1763074362393,,64.94586199823422,459.6808636377728,,,
1763074362405,,,,13.410000801086426,-3.235950231552124,-1.9039500951766968
1763074362410,,,,12.484050750732422,-3.8230502605438232,-2.302950143814087
1763074362415,2.0,,,,,
1763074362430,,,,,-4.5199503898620605,
1763074362431,,,,11.607000350952148,,-2.293950080871582
1763074362433,,60.464366540297604,459.6808636377728,,,
1763074362451,,,,10.759950637817383,-5.014950275421143,-2.3010001182556152
1763074362473,,62.38672040496795,459.6808636377728,9.855000495910645,-5.014950275421143,-2.3010001182556152
1763074362482,,,482.9506138392857,,,
1763074362494,,,,8.784000396728516,-5.014950275421143,-2.3010001182556152
1763074362513,,41.472239417578066,482.9506138392857,7.879050254821777,-4.540950298309326,-2.2960500717163086
1763074362515,2.0,,,,,
1763074362527,,,,7.183050155639648,-4.138950347900391,-1.908000111579895
1763074362546,,,,,-4.1579999923706055,
1763074362548,,,,6.658050537109375,,-1.4770500659942627
1763074362553,,34.76702843729078,482.9506138392857,,,
1763074362566,,,,,-4.156050205230713,
1763074362567,,,,6.663000106811523,,-1.4730000495910645
1763074362593,,28.501956211017262,,,,
1763074362603,,,,6.040950298309326,-3.888000249862671,-1.4770500659942627
1763074362623,,,,,-3.90405011177063,
1763074362624,,,,5.710050106048584,,-1.4610000848770142
1763074362626,,,,5.719950199127197,-3.8970000743865967,-1.4680501222610474
1763074362627,2.0,,,,,
1763074362638,,28.90532538506481,0.0,,,
1763074362644,,,,6.1120500564575195,-4.813950061798096,-1.4610000848770142
1763074362664,,,,,-5.38200044631958,
1763074362665,,,,6.78795051574707,,-1.4680501222610474
1763074362673,,27.50569612234685,,,,
1763074362687,,,,7.555950164794922,-5.791050434112549,-1.4650501012802124
1763074362709,,,,,-6.660000324249268,-1.4580000638961792
1763074362710,,,,8.374950408935547,,
1763074362713,,27.54972053299056,,,,
1763074362729,,,,8.719950675964355,-7.026000499725342,-1.4749500751495361
1763074362730,2.0,,,,,
1763074362752,,,,,-7.029000282287598,-1.4730000495910645
1763074362753,,26.3420985377503,0.0,9.208050727844238,,
1763074362761,,,,9.754050254821777,-7.048050403594971,-1.4770500659942627
1763074362780,,,,,-7.515000343322754,
1763074362781,,,,10.401000022888184,,-1.4650501012802124
1763074362793,,26.237818080852758,,,,
1763074362795,3.0,,,,,
1763074362800,,,,,-7.953000545501709,
1763074362801,,,,10.420050621032715,,-1.4580000638961792
1763074362833,,26.61654424433941,,,,
1763074362834,3.0,,0.0,9.63900089263916,-7.954950332641602,-1.4560500383377075
1763074362854,,,,8.956950187683105,-7.228050231933594,-1.4650501012802124
1763074362873,,25.287250892144307,,8.976000785827637,-5.511000156402588,-1.0030500888824463
1763074362896,,,,9.55305004119873,-4.017000198364258,-0.9940500259399414
1763074362898,,,,9.961950302124023,-3.586050271987915,-0.9940500259399414
1763074362913,,32.633117971351496,0.0,,,
1763074362920,,,,9.381000518798828,-3.595050096511841,-0.984000027179718
1763074362934,3.0,,,,,
1763074362945,,,,8.670000076293945,-3.6070501804351807,-0.9960000514984131
1763074362953,,25.098917887316574,,,,
1763074362965,,,,8.690999984741211,-3.598050117492676,-0.9820500612258911
1763074362984,,,,9.237000465393066,-3.3199501037597656,-0.9960000514984131
1763074362995,,,,9.241950035095215,-3.05400013923645,-2.3899500370025635
1763074362997,,23.930436858334595,,,,
1763074363010,2.0,,,,,
1763074363014,,,,9.238950729370117,-2.428950071334839,-2.3869500160217285
1763074363032,,25.381229905793656,,,,
1763074363033,,,0.0,,,
1763074363034,2.0,,,8.482950210571289,-1.4959501028060913,-2.3869500160217285
1763074363064,,,,,-0.8059500455856323,
1763074363065,,,,8.044950485229492,,-2.641050100326538
1763074363077,,24.314886692325434,,,,
1763074363085,,,,7.686000347137451,-0.8179500102996826,-2.622000217437744
1763074363092,,,,7.930050373077393,-0.8130000233650208,-2.6269500255584717
1763074363112,,,,,-0.8160000443458557,
1763074363113,,23.05977384007948,0.0,8.410950660705566,,-2.623950242996216
1763074363133,,,,,-0.8179500102996826,
1763074363134,,,,8.72700023651123,,-2.622000217437744
1763074363136,2.0,,,,,
1763074363153,,21.92898857567291,,,-0.8130000233650208,-2.3899500370025635
1763074363174,,,,,-0.8250000476837158,-2.1450002193450928
1763074363175,,,,9.760950088500977,,
1763074363193,,42.02472655205077,,,,
1763074363195,,,,10.329000473022461,-0.8250000476837158,-2.143050193786621
1763074363202,,,67.76907784598214,,,
1763074363214,,,,,-1.5319501161575317,
1763074363215,,,,11.485050201416016,,-2.1310501098632812
1763074363226,3.0,,,,,
1763074363229,,,,12.261000633239746,-2.0779500007629395,-2.490000009536743
1763074363233,,29.926489312560413,67.76907784598214,,,
1763074363238,3.0,,,,,
1763074363248,,,,,-2.0779500007629395,
1763074363249,,,,12.66300106048584,,-2.4810001850128174
1763074363268,,,,12.667950630187988,-1.4020500183105469,-2.4850502014160156
1763074363277,,28.326218597678743,67.76907784598214,,,
1763074363301,,,,13.21605110168457,-1.4239500761032104,-2.4880502223968506
1763074363307,,,,13.863000869750977,-1.4170501232147217,-2.470950126647949
1763074363317,,71.52902376819837,67.76907784598214,,,
1763074363322,,,98.9595947265625,,,
1763074363326,,,,14.200050354003906,-2.401050090789795,-2.4690001010894775
1763074363343,3.0,,,,,
1763074363346,,,,,-2.845950126647949,-2.4780001640319824
1763074363347,,,,14.646000862121582,,
1763074363353,,70.39485081127631,98.9595947265625,,,
1763074363365,,,,15.09795093536377,-2.8630502223968506,-2.4850502014160156
1763074363387,,,,,-2.149049997329712,
1763074363388,,,,15.61500072479248,,-2.4810001850128174
1763074363393,,56.20242020247452,98.9595947265625,,,
1763074363409,,,,15.895950317382812,-1.8330000638961792,-2.4850502014160156
1763074363432,,,,15.898050308227539,-1.4959501028060913,-2.4880502223968506
1763074363433,,62.045261863398416,,,,
1763074363454,2.0,,,14.551950454711914,-1.7400001287460327,-2.482950210571289
1763074363462,,,,,-2.386050224304199,
1763074363463,,,,13.38900089263916,,-2.482950210571289
1763074363473,,73.48265647314038,,,,
1763074363482,,,,12.61305046081543,-3.0109500885009766,-2.4810001850128174
1763074363483,,,588.4362211681548,,,
1763074363513,,70.45582700299687,588.4362211681548,,,
1763074363517,,,,12.196050643920898,-3.586050271987915,-2.4810001850128174
1763074363537,,,,11.218950271606445,-3.865950107574463,-2.4880502223968506
1763074363541,,,,10.120950698852539,-3.8830502033233643,-2.470950126647949
1763074363556,2.0,,,,,
1763074363557,,50.67009909683115,,,,
1763074363558,,,588.4362211681548,,,
1763074363560,,,,9.223050117492676,-3.8680500984191895,-2.4850502014160156
1763074363580,,,,,-3.8779501914978027,
1763074363581,,,,8.51205062866211,,-2.074050188064575
1763074363597,,52.544325922430566,588.4362211681548,,,
1763074363600,,,,8.016000747680664,-3.8779501914978027,-1.6570501327514648
1763074363619,,,,7.6210503578186035,-4.125,-1.3980001211166382
1763074363633,,34.27892294124791,,,,
1763074363640,,,,7.197000503540039,-4.13700008392334,-1.3890000581741333
1763074363662,2.0,,,7.216050148010254,-4.648950099945068,-1.3789501190185547
1763074363673,,32.84269171879873,,,,
1763074363676,,,175.859375,,,
1763074363684,,,,6.844950199127197,-4.951050281524658,-1.3890000581741333
1763074363706,,,,6.8520002365112305,-5.260050296783447,-1.390950083732605
1763074363713,,34.974399360142705,175.859375,,,
1763074363716,,,,6.859050273895264,-5.2669501304626465,-1.3840500116348267
1763074363752,,,,7.140000343322754,-5.841000080108643,-1.3840500116348267
1763074363753,,26.238087388253742,175.859375,,,
1763074363772,,,,,-6.394050121307373,
1763074363773,,,,7.7500505447387695,,-1.3819500207901
1763074363774,2.0,,,,,
1763074363776,,,,8.1739501953125,-6.969000339508057,-1.3819500207901
1763074363793,,26.593712042698222,,,,
1763074363795,,,,8.17905044555664,-6.9810004234313965,-1.39395010471344
1763074363816,,,,8.181000709533691,-6.982950210571289,-1.390950083732605
1763074363833,,27.72805101572324,,,-7.249050140380859,
1763074363834,,,,,,-1.3890000581741333
1763074363835,,,,8.184000015258789,,
1763074363867,,,,8.590950012207031,-7.659000396728516,-1.3860000371932983
1763074363874,,36.33628569717648,0.0,,,
1763074363889,3.0,,,8.878050804138184,-8.26200008392334,-1.3819500207901
1763074363890,3.0,,,,,
1763074363892,,,,8.54699993133545,-8.937000274658203,-1.377000093460083
1763074363911,,,,,-8.571000099182129,-1.3840500116348267
1763074363912,,,,8.562000274658203,,
1763074363913,,25.88804439831163,,,,
1763074363932,,,,8.160000801086426,-7.16295051574707,-1.3789501190185547
1763074363953,,,,,-5.245050430297852,
1763074363954,,26.904863969315436,0.0,9.388050079345703,,-1.3819500207901
1763074363973,,,,10.207050323486328,-4.0819501876831055,-1.3960500955581665
1763074363991,,,,9.904950141906738,-3.736950159072876,-1.3819500207901
1763074363992,3.0,,,,,
1763074363993,,25.98654052807513,,,,
1763074364009,,,,,-3.7579500675201416,
1763074364010,,,,9.532050132751465,,-1.3840500116348267
1763074364028,,,,9.079050064086914,-3.7510502338409424,-1.6930500268936157
1763074364033,,26.582780750978067,0.0,,,
1763074364047,,,,,-3.736950159072876,
1763074364048,,,,9.096000671386719,,-1.675950050354004
1763074364067,,,,9.091050148010254,-3.4210500717163086,-1.6810500621795654
1763074364078,,24.6970933416601,,,,
1763074364089,,,,8.677050590515137,-3.424950122833252,-1.675950050354004
1763074364105,3.0,,,,,
1763074364106,,,,,-2.9830501079559326,
1763074364108,,,,8.374950408935547,,-1.6879501342773438
1763074364113,,44.872949119842154,,,,
1763074364125,,,,,-2.3430001735687256,
1763074364127,,,,8.386950492858887,,-1.3549500703811646
1763074364145,,,,8.385000228881836,-1.8619500398635864,-1.3459500074386597
1763074364153,,30.141627604537042,,,,
1763074364157,,,76.66451590401785,,,
1763074364164,,,,,-1.4959501028060913,
1763074364165,,,,8.377050399780273,,-1.3530000448226929
1763074364184,,,,9.388050079345703,-1.5150001049041748,-1.3339500427246094
1763074364194,,29.75898943900933,76.66451590401785,,,
1763074364206,,,,,-1.5079500675201416,
1763074364207,3.0,,,9.91200065612793,,-1.3410000801086426
1763074364223,,,,10.450950622558594,-0.9709500670433044,-1.3510500192642212
1763074364234,,34.53648935308688,76.66451590401785,,,
1763074364243,,,,10.70205020904541,-0.6550500392913818,-1.3549500703811646
1763074364262,,,,11.356050491333008,-0.9139500260353088,-1.336050033569336
1763074364273,,29.667686209438692,,,,
1763074364281,,,,,-1.76895010471344,
1763074364282,,,,11.686050415039062,,-1.3429501056671143
1763074364301,,,,12.405000686645508,-2.2639501094818115,-1.3510500192642212
1763074364307,3.0,,,,,
1763074364314,,26.34589216154882,,,,
1763074364315,,,0.0,,,
1763074364322,,,,13.065000534057617,-2.281050205230713,-1.3339500427246094
1763074364340,,,,,-2.2789502143859863,
1763074364341,,,,13.08495044708252,,-1.8510000705718994
1763074364355,,47.43816578096333,,,,
1763074364359,,,,,-2.2789502143859863,
1763074364361,,,,13.338000297546387,,-1.831950068473816
1763074364379,,,,13.62600040435791,-2.968050241470337,-1.8370500802993774
1763074364393,,78.84617606698349,,,,
1763074364398,,,,,-3.255000114440918,
1763074364400,,,,13.6399507522583,,-2.3389501571655273
1763074364407,3.0,,,,,
1763074364418,,,,13.6399507522583,-3.255000114440918,-2.325000047683716
1763074364433,,48.0971632601371,,,,
1763074364439,,,520.3577386765253,14.373001098632812,-2.8530001640319824,-2.320050001144409
1763074364457,,,,15.36405086517334,-2.013000011444092,-2.323050022125244
1763074364474,,52.43837980609135,520.3577386765253,,,
1763074364476,,,,,-0.9930000305175781,-2.3370001316070557
1763074364477,,,,15.36600112915039,,
1763074364496,,,,14.350950241088867,-0.5620500445365906,-2.3370001316070557
1763074364508,3.0,,,,,
1763074364513,,67.18758093679773,520.3577386765253,,,
1763074364515,,,,13.834051132202148,-0.8350500464439392,-2.3269500732421875
1763074364517,,,262.2265625,,,
1763074364529,2.0,,,,,
1763074364535,,,,13.855950355529785,-1.8259501457214355,-2.3179500102996826
1763074364553,,76.34180128732953,262.2265625,,,
1763074364560,,,,13.195050239562988,-2.76705002784729,-2.335050106048584
1763074364574,,,,12.283050537109375,-3.68595027923584,-2.325000047683716
1763074364593,,54.965417629416216,262.2265625,,-4.110000133514404,
1763074364594,,,,11.119050979614258,,-1.908000111579895
1763074364608,2.0,,,,,
1763074364613,,,,,-4.5199503898620605,
1763074364614,,,,10.077000617980957,,-1.6350001096725464
1763074364632,,,,,-4.836000442504883,-1.6210501194000244
1763074364633,,49.64864307144339,,9.754050254821777,,
1763074364652,,,,,-4.849950313568115,
1763074364653,,,,8.89905071258545,,-1.6309500932693481
1763074364672,,,,8.008950233459473,-4.836000442504883,-1.1470500230789185
1763074364673,,59.02585043190017,,,,
1763074364691,,,,7.3690505027771,-5.122950077056885,-0.5290500521659851
1763074364709,2.0,,,,,
1763074364710,,,,7.378950119018555,-5.812950134277344,-0.520050048828125
1763074364713,,63.50779998780192,,,,
1763074364715,,,151.591796875,,,
1763074364729,,,,,-6.057000160217285,
1763074364730,,,,7.384050369262695,,-0.5149500370025635
1763074364749,,,,7.3909502029418945,-6.064050197601318,-0.5080500245094299
1763074364754,,42.58455622309757,151.591796875,,,
1763074364769,,,,6.94605016708374,-6.567000389099121,-0.2850000262260437
1763074364794,,33.47788753693734,151.591796875,,,
1763074364797,,,130.60546875,,,
1763074364800,,,,6.961950302124023,-7.113000392913818,-0.26805001497268677
1763074364808,,,,7.261950492858887,-7.579950332641602,-0.28005000948905945
1763074364809,2.0,,,,,
1763074364827,,,,,-8.197050094604492,
1763074364828,,,,7.261950492858887,,-0.2850000262260437
1763074364834,,31.23602223773727,130.60546875,,,
1763074364847,,,,,-8.203949928283691,
1763074364848,,,,7.26900053024292,,-0.2779500186443329
1763074364866,,,,,-8.209050178527832,-0.27300000190734863
1763074364869,,,,6.967050552368164,,
1763074364874,,31.48855599240786,130.60546875,,,
1763074364878,,,131.93359375,,,
1763074364886,,,,6.979050159454346,-8.209050178527832,-0.27300000190734863
1763074364913,,27.71684949625715,131.93359375,,,
1763074364920,,,,,-8.212050437927246,-0.27105000615119934
1763074364921,,,,7.663950443267822,,
1763074364922,2.0,,,,,
1763074364937,,,,8.23905086517334,-8.772000312805176,-0.2850000262260437
1763074364953,,30.902246518252035,131.93359375,,,
1763074364957,,,,8.241000175476074,-9.03795051574707,-0.5509500503540039
1763074364975,3.0,,,8.611950874328613,-8.664000511169434,-0.5389500260353088
1763074364983,,,,8.353950500488281,-7.795050144195557,-0.5460000038146973
1763074364993,,28.79669855232322,,,,
1763074365015,,,,,-6.394050121307373,-0.534000039100647
1763074365016,,,,9.35205078125,,
1763074365023,3.0,,,10.594950675964355,-5.461050033569336,-0.534000039100647
1763074365033,,28.43228539362503,,,,
1763074365041,,,,,-4.6780500411987305,
1763074365042,,,,10.594950675964355,,-0.5509500503540039
1763074365061,,,,9.91200065612793,-3.9880502223968506,-1.2120000123977661
1763074365073,,26.15271730660488,0.0,,,
1763074365080,,,,,-3.43500018119812,
1763074365081,,,,9.121950149536133,,-1.2090001106262207
1763074365100,,,,,-3.1050002574920654,
1763074365101,,,,8.79900074005127,,-1.815000057220459
1763074365113,,27.480860184286374,,,,
1763074365122,,,,8.812950134277344,-3.1120500564575195,-1.801050066947937
1763074365124,3.0,,,,,
1763074365139,,,,,-3.106950044631958,-1.8049501180648804
1763074365140,,,,8.368050575256348,,
1763074365154,,27.799149604693014,0.0,,,
1763074365160,,,,7.384050369262695,-3.643050193786621,-1.3410000801086426
1763074365181,2.0,,,7.386000156402588,-3.6510002613067627,-1.339050054550171
1763074365194,,30.469238648518076,,,,
1763074365205,,,,8.152050018310547,-3.046950101852417,-1.3189500570297241
1763074365217,,,,8.677050590515137,-2.6670000553131104,-1.3410000801086426
1763074365229,2.0,,,,,
1763074365233,,26.50874456389755,0.0,,,
1763074365246,,,,8.679000854492188,-2.668950080871582,-1.339050054550171
1763074365263,,,,9.157950401306152,-2.098950147628784,-1.3339500427246094
1763074365273,,24.761156006310777,,,,
1763074365275,,,,,-1.7470500469207764,
1763074365276,,,,9.517050743103027,,-1.3270500898361206
1763074365295,,,,10.200000762939453,-1.3950001001358032,-1.3189500570297241
1763074365313,,30.171303875520014,,,,
1763074365315,,,,11.241000175476074,-0.9430500268936157,-1.3410000801086426
1763074365329,2.0,,,,,
1763074365334,,,,12.217950820922852,-0.9589500427246094,-1.3240500688552856
1763074365353,,,,,-1.258950114250183,
1763074365354,,47.53329991057632,,,,
1763074365356,,,,12.642000198364258,,-1.336050033569336
1763074365363,,,107.666015625,,,
1763074365373,,,,,-1.2630000114440918,
1763074365374,,,,13.044000625610352,,-1.3309500217437744
1763074365392,,,,13.582950592041016,-0.7560000419616699,-1.714050054550171
1763074365393,,59.843511491207444,107.666015625,,,
1763074365412,,,,14.085000991821289,-0.20295001566410065,-1.7119500637054443
1763074365429,2.0,,,,,
1763074365431,,,,,-0.22200001776218414,
1763074365432,,,,14.107050895690918,,-2.5260000228881836
1763074365433,,74.07893091683046,107.666015625,,,
1763074365437,,,152.8580322265625,,,
1763074365451,,,,14.089950561523438,-1.1149500608444214,-2.521050214767456
1763074365473,,69.70537103866089,152.8580322265625,,,
1763074365480,,,,,-1.8330000638961792,
1763074365481,,,,14.089950561523438,,-2.521050214767456
1763074365490,,,,14.623950958251953,-2.710050106048584,-2.5069501399993896
1763074365509,,,,,-3.175950050354004,-2.5189502239227295
1763074365510,,,,15.493050575256348,,
1763074365513,,52.00608667695171,152.8580322265625,,,
1763074365529,2.0,,,16.77195167541504,-3.186000108718872,-2.509050130844116
1763074365548,,,,,-2.401050090789795,-2.505000114440918
1763074365553,,55.589916828947466,,,,
1763074365568,,,,16.801050186157227,-2.401050090789795,-1.908000111579895
1763074365589,,,,15.673050880432129,-3.1120500564575195,-1.5490500926971436
1763074365593,,65.20834791856531,,,,
1763074365607,,,,,-4.038000106811523,
1763074365608,,,,14.674050331115723,,-1.5420000553131104
1763074365626,,,,,-5.044050216674805,
1763074365628,,,,13.87695026397705,,-1.2619500160217285
1763074365638,,71.96890957660858,,,,
1763074365639,2.0,,,,,
1763074365642,,,223.5986328125,,,
1763074365646,,,,,-5.820000171661377,
1763074365647,,,,13.224000930786133,,-1.2450000047683716
1763074365665,,,,,-5.83905029296875,
1763074365666,,,,12.016950607299805,,-0.8740500211715698
1763074365677,,70.5468493128676,223.5986328125,,,
1763074365685,,,,10.558950424194336,-5.418000221252441,-0.8530500531196594
1763074365705,,,,,-5.044050216674805,
1763074365706,,,,9.093000411987305,,-0.8670000433921814
1763074365713,,67.24072758783771,223.5986328125,,,
1763074365724,,,,8.433000564575195,-5.044050216674805,-0.8670000433921814
1763074365740,2.0,,,,,
1763074365743,,,,7.693050384521484,-5.38200044631958,-0.8650500178337097
1763074365753,,69.23599348054196,,,,
1763074365762,,,,,-5.3959503173828125,
1763074365763,,,,7.147050380706787,,-0.8740500211715698
1763074365782,,,,6.643950462341309,-5.398050308227539,-0.8719500303268433
1763074365797,,51.02127648351539,,,,
1763074365800,,,178.5791015625,,,
1763074365801,,,,,-5.383950233459473,
1763074365802,,,,6.262950420379639,,-0.8620500564575195
1763074365823,,,,5.926050186157227,-5.403000354766846,-0.5359500050544739
1763074365830,3.0,,,,,
1763074365837,,41.264729863622506,178.5791015625,,,
1763074365841,3.0,,,5.94195032119751,-5.748000144958496,-0.520050048828125
1763074365860,,,,,-6.49500036239624,
1763074365861,,,,5.947050094604492,,-0.5149500370025635
1763074365873,,32.77233582668549,178.5791015625,,,
1763074365880,,,,5.932950496673584,-7.414050579071045,-0.5290500521659851
1763074365899,,,,6.378000259399414,-8.290950775146484,-0.5149500370025635
1763074365913,,31.065100478012546,178.5791015625,,,
1763074365916,,,168.4375,,,
1763074365918,,,,,-8.722050666809082,
1763074365919,,,,6.745050430297852,,-0.5149500370025635
1763074365947,,,,,-8.731050491333008,-0.5290500521659851
1763074365948,3.0,,,6.751950263977051,,
1763074365953,,28.04514559013466,,,,
1763074365954,,,168.4375,,,
1763074365968,,,,6.759000301361084,-8.737950325012207,-0.5220000147819519
1763074365977,,,,7.944000244140625,-8.728950500488281,-0.5320500135421753
1763074365993,,26.8272819097402,168.4375,,,
1763074365996,,,,,-8.725950241088867,
1763074365997,,,,8.72700023651123,,-0.534000039100647
1763074366016,,,,8.73705005645752,-8.398050308227539,-0.5269500017166138
1763074366033,,26.022390639483678,,,,
1763074366036,,,,8.746050834655762,-7.881000518798828,-0.51705002784729
1763074366048,3.0,,,,,
1763074366055,,,,9.610950469970703,-6.552000522613525,-0.5290500521659851
1763074366073,,26.436937723560433,0.0,,,
1763074366074,,,,,-5.295000076293945,
1763074366075,,,,11.119050979614258,,-0.1770000010728836
1763074366094,,,,11.563950538635254,-4.51200008392334,-0.17505000531673431
1763074366113,,26.95985198328369,,,-4.045950412750244,
1763074366114,,,,,,-0.16305001080036163
1763074366115,,,,11.578950881958008,,
1763074366133,,,,,-3.787050247192383,
1763074366134,,,,,,-1.1470500230789185
1763074366135,,,,10.687950134277344,,
1763074366148,3.0,,,,,
1763074366152,,,,,-3.793950080871582,
1763074366153,,,,10.270950317382812,,-1.6930500268936157
1763074366154,,24.059179625504783,,,,
1763074366178,,,,10.273950576782227,-3.793950080871582,-1.6909500360488892
1763074366194,,,,,-3.514050245285034,
1763074366195,,,,10.281000137329102,,-1.683000087738037
1763074366197,,24.584237104276006,0.0,,,
1763074366212,,,,9.610950469970703,-3.0040502548217773,-1.6909500360488892
1763074366230,,,,,-2.608950138092041,-1.3050000667572021
1763074366231,,,,8.907000541687012,,
1763074366233,,28.246172149707718,,,,
1763074366247,3.0,,,,,
1763074366250,,,,8.920950889587402,-2.1060001850128174,-1.2910500764846802
1763074366264,2.0,,,,,
1763074366269,,,,,-1.6750500202178955,-1.2910500764846802
1763074366270,,,,8.920950889587402,,
1763074366273,,23.139460923973868,,,,
1763074366274,,,0.0,,,
1763074366293,,,,,-1.078950047492981,
1763074366294,,,,9.214950561523438,,-1.2880500555038452
1763074366309,,,,9.690000534057617,-0.4900500178337097,-1.0180500745773315
1763074366313,,23.549073049989264,,,,
1763074366328,,,,10.507950782775879,-0.4900500178337097,-1.0150500535964966
1763074366347,,,,,-0.20295001566410065,
1763074366348,2.0,,,11.851950645446777,,-1.0150500535964966
1763074366358,,24.070920870450216,0.0,,,
1763074366367,,,,,-0.18105000257492065,
1763074366368,,,,12.843000411987305,,-1.01295006275177
1763074366386,,,,,0.24195000529289246,
1763074366390,,,,12.831000328063965,,-1.0300500392913818
1763074366397,,25.984592215032777,,,,
1763074366407,,,,12.828001022338867,0.2440500110387802,-1.0320000648498535
1763074366425,,,,,0.26295000314712524,
1763074366426,,,,12.34005069732666,,-1.0270500183105469
1763074366433,,57.697206835338704,,,,
1763074366445,,,,12.922050476074219,0.8380500674247742,-1.0270500183105469
1763074366448,2.0,,,,,
1763074366464,,,,,0.856950044631958,
1763074366465,,,,13.863000869750977,,-1.0230000019073486
1763074366474,,63.812978458468706,,,,
1763074366479,,,179.7041974748884,,,
1763074366482,1.0,,,,,
1763074366484,,,,,0.8500500321388245,-2.713050127029419
1763074366485,,,,14.293951034545898,,
1763074366506,,,,14.710050582885742,-0.1879500150680542,-3.9559502601623535
1763074366513,,74.97789871297171,179.7041974748884,,,
1763074366523,,,,15.205950736999512,-0.1960500031709671,-3.936000108718872
1763074366544,,,,15.2160005569458,-0.9280500411987305,-3.9460501670837402
1763074366549,1.0,,,,,
1763074366555,,61.769468288818985,179.7041974748884,,,
1763074366560,,,121.4013671875,,,
1763074366564,,,,16.261951446533203,-1.3230000734329224,-4.615950107574463
1763074366581,,,,18.48900032043457,-1.5679501295089722,-4.61400032043457
1763074366593,,52.135453966248804,121.4013671875,,,
1763074366601,,,,19.200000762939453,-1.5679501295089722,-4.61400032043457
1763074366626,,,,17.497051239013672,-3.14805006980896,-3.9910502433776855
1763074366634,,64.33799814539785,121.4013671875,,,
1763074366638,,,155.185546875,,,
1763074366651,,,,16.836000442504883,-4.684950351715088,-3.9840002059936523
1763074366653,1.0,,,,,
1763074366659,,,,16.84800148010254,-4.69005012512207,-3.697050094604492
1763074366674,,60.40630092635655,155.185546875,,,
1763074366679,,,,15.643950462341309,-5.310000419616699,-2.1100502014160156
1763074366698,3.0,,,14.610000610351562,-5.554050445556641,0.00795000046491623
1763074366714,,57.17119823553338,155.185546875,,,
1763074366717,,,,,-5.559000492095947,
1763074366718,,,,13.381950378417969,,0.028050001710653305
1763074366740,,,,12.8860502243042,-5.251950263977051,1.0279500484466553
1763074366753,,41.90738862826364,155.185546875,,,
1763074366759,,,,11.047050476074219,-5.269050121307373,1.045050024986267
1763074366760,3.0,,,,,
1763074366777,,,,8.920950889587402,-5.511000156402588,1.048050045967102
1763074366794,,49.252289022949824,,,,
1763074366796,,,,7.398000240325928,-5.520000457763672,1.0330500602722168
1763074366815,,,,,-5.511000156402588,1.048050045967102
1763074366816,,,,6.759000301361084,,
1763074366833,,39.84420554595967,,,,
1763074366835,,,,5.8969502449035645,-5.511000156402588,0.15900000929832458
1763074366836,,,132.87109375,,,
1763074366861,,,,,-5.520000457763672,
1763074366862,3.0,,,4.906050205230713,,0.16395001113414764
1763074366873,,32.09646148734117,132.87109375,,,
1763074366874,,,,4.273950099945068,-5.962950229644775,-0.364050030708313
1763074366893,,,,4.273950099945068,-5.971050262451172,-0.364050030708313
1763074366913,,33.9998180193134,132.87109375,,-6.423000335693359,
1763074366914,,,,4.294950008392334,,-0.3430500030517578
1763074366932,,,,4.611000061035156,-7.033950328826904,-0.3550500273704529
1763074366951,,,,,-7.666050434112549,
1763074366952,,,,5.538000106811523,,-0.3450000286102295
1763074366958,,25.656637996965763,,,,
1763074366964,3.0,,,,,
1763074366982,,,,6.256050109863281,-7.335000514984131,-0.364050030708313
1763074366990,,,,,-7.033950328826904,-0.3550500273704529
1763074366991,,,,6.2659502029418945,,
1763074366993,,27.006232782529406,,,,
1763074367010,,,,,-7.04295015335083,
1763074367011,,,,6.2749505043029785,,-0.3450000286102295
1763074367029,,,,,-7.378050327301025,
1763074367030,,,,7.075050354003906,,-0.3450000286102295
1763074367033,,25.605721399515975,0.0,,,
1763074367049,,,,7.915050506591797,-7.395000457763672,-0.3520500063896179
1763074367065,3.0,,,,,
1763074367068,,,,,-7.666050434112549,-0.3450000286102295
1763074367069,,,,7.935000419616699,,
1763074367075,,51.31508062690234,,,,
1763074367090,,,,7.305000305175781,-7.314000129699707,-0.36195001006126404
1763074367111,,,,7.3120503425598145,-7.05495023727417,-0.3570000231266022
1763074367113,,45.4026835361745,,,,
1763074367115,,,143.6376953125,,,
1763074367132,,,,8.683950424194336,-7.065000534057617,-0.3469500243663788
1763074367146,,,,,-6.660000324249268,
1763074367148,,,,9.796950340270996,,-0.3450000286102295
1763074367154,,31.872490179620883,143.6376953125,,,
1763074367165,3.0,,,,,
1763074367166,,,,,-6.315000534057617,
1763074367168,,,,10.36500072479248,,-0.3550500273704529
1763074367185,,,,,-5.791050434112549,
1763074367186,,,,10.37700080871582,,-0.7950000166893005
1763074367197,,30.291971327857926,143.6376953125,,,
1763074367198,,,0.0,,,
1763074367214,,,,10.374000549316406,-5.310000419616699,-1.0390501022338867
1763074367237,,,,10.816950798034668,-4.671000003814697,-1.4130001068115234
1763074367244,,,,11.218950271606445,-4.419000148773193,-1.4080500602722168
1763074367253,,26.750484819890573,,,,
1763074367263,,,,11.2339506149292,-4.429050445556641,-1.3980001211166382
1763074367265,3.0,,,,,
1763074367277,,35.43252008805706,,,,
1763074367283,,,,10.939050674438477,-4.43595027923584,-1.054050087928772
1763074367302,,,,10.951050758361816,-4.426050186157227,-1.0420500040054321
1763074367313,,30.204991602138488,,,,
1763074367318,,,84.79925537109375,,,
1763074367322,,,,10.551000595092773,-4.441050052642822,-0.5149500370025635
1763074367341,,,,10.816950798034668,-4.426050186157227,-0.5029500126838684
1763074367353,,29.431129927776894,84.79925537109375,,,
1763074367360,,,,,-3.95205020904541,
1763074367361,,,,11.967000961303711,,-0.49800002574920654
1763074367365,3.0,,,,,
1763074367380,,,,,-2.809950113296509,-0.5149500370025635
1763074367381,,,,13.91295051574707,,
1763074367397,,48.05804651216225,84.79925537109375,,,
1763074367399,,,,,-1.4599500894546509,
1763074367401,,,,14.50200080871582,,-0.5010000467300415
1763074367402,,,61.60563151041667,,,
1763074367419,,,,15.156001091003418,0.04005000367760658,-0.51705002784729
1763074367433,,71.86527553583011,61.60563151041667,,,
1763074367438,,,,,0.7800000309944153,
1763074367440,,,,15.478950500488281,,-0.5149500370025635
1763074367458,,,,15.477001190185547,0.32805001735687256,-0.51705002784729
1763074367465,3.0,,,,,
1763074367473,,80.80728226238021,61.60563151041667,,,
1763074367477,,,89.06380208333334,,,
1763074367478,,,,14.932950973510742,0.33000001311302185,-0.520050048828125
1763074367497,,,,14.631000518798828,0.33000001311302185,-1.2400500774383545
1763074367513,,58.904326457505235,89.06380208333334,,,
1763074367516,,,,,0.6289500594139099,
1763074367517,,,,14.614951133728027,,-2.943000078201294
1763074367536,,,,14.619000434875488,0.6490500569343567,-3.7900502681732178
1763074367553,,64.31579508087736,89.06380208333334,,,
1763074367559,,,,,0.032999999821186066,
1763074367560,,,,14.308051109313965,,-4.767000198364258
1763074367565,3.0,,,,,
1763074367566,2.0,,,,,
1763074367581,,,,14.329950332641602,-0.6049500107765198,-4.746000289916992
1763074367594,,,,,-0.6150000095367432,
1763074367595,,,,15.32805061340332,,-4.759950160980225
1763074367597,,63.87263920647764,89.06380208333334,,,
1763074367601,,,129.19921875,,,
1763074367614,,,,16.211999893188477,-1.0360500812530518,-4.746000289916992
1763074367633,,52.405799781681296,129.19921875,,-1.0429500341415405,
1763074367634,,,,16.836000442504883,,-4.762050151824951
1763074367653,,,,,-1.0459500551223755,
1763074367655,,,,16.843950271606445,,-4.759950160980225
1763074367666,2.0,,,,,
1763074367672,,,,,-2.1640501022338867,
1763074367674,,60.5664394231711,129.19921875,15.40005111694336,,-3.970050096511841
1763074367680,,,144.1845703125,,,
1763074367692,,,,14.380050659179688,-3.4780502319335938,-2.410950183868408
1763074367711,,,,,-4.942950248718262,
1763074367712,,,,13.963050842285156,,-2.4090001583099365
1763074367713,,76.89528019740303,144.1845703125,,,
1763074367731,,,,12.951000213623047,-6.258000373840332,-2.1450002193450928
1763074367751,,,,11.908950805664062,-7.134000301361084,-1.699950098991394
1763074367757,,54.908539840730796,144.1845703125,,,
1763074367763,,,176.71875,,,
1763074367766,2.0,,,,,
1763074367770,,,,10.615950584411621,-7.138950347900391,-1.204050064086914
1763074367783,3.0,,,,,
1763074367790,,,,,-6.853950500488281,-0.8089500665664673
1763074367791,,,,9.760950088500977,,
1763074367797,,46.99040820076106,176.71875,,,
1763074367810,,,,8.928000450134277,-6.193050384521484,-0.8020500540733337
1763074367829,,,,8.943000793457031,-5.913000106811523,-0.11295000463724136
1763074367833,,53.043451118719474,176.71875,,,
1763074367838,,,119.15826416015625,,,
1763074367848,,,,7.8510003089904785,-6.330000400543213,-0.11295000463724136
1763074367867,,,,,-6.660000324249268,
1763074367868,3.0,,,7.470000267028809,,0.23805001378059387
1763074367873,,50.11581935913577,119.15826416015625,,,
1763074367887,,,,,-7.249050140380859,0.24795001745224
1763074367913,,45.67547027698868,119.15826416015625,,,
1763074367917,,,,6.630000114440918,-7.254000186920166,1.0069500207901
1763074367936,,,,5.8470001220703125,-7.564950466156006,1.0210500955581665
1763074367945,,,,,-7.582050323486328,1.4020500183105469
1763074367946,,,,4.72605037689209,,
1763074367953,,45.680469772617236,119.15826416015625,,,
1763074367965,,,,3.879000186920166,-8.599950790405273,1.071000099182129
1763074367968,3.0,,,,,
1763074367984,,,,4.639950275421143,-9.792000770568848,0.5260500311851501
1763074367997,,37.958520876670825,,,,
1763074368000,4.0,,,,,
1763074368004,,,,,-9.801000595092773,
1763074368007,,,,5.416050434112549,,0.7840500473976135
1763074368026,,,,5.422950267791748,-9.354000091552734,0.7909500598907471
1763074368033,,31.07141490239735,,,,
1763074368036,,,252.6318359375,,,
1763074368044,,,,,-9.363000869750977,
1763074368045,,,,5.832000255584717,,0.8010000586509705
1763074368064,,,,,-9.366000175476074,
1763074368065,,,,6.960000514984131,,0.8029500246047974
1763074368068,4.0,,,,,
1763074368073,,30.754706124002556,252.6318359375,,,
1763074368082,,,,8.611950874328613,-9.355950355529785,0.5260500311851501
1763074368101,,,,,-8.836950302124023,0.23805001378059387
1763074368102,,,,10.056000709533691,,
1763074368113,,31.48386827621995,252.6318359375,,,
1763074368131,,,,10.069950103759766,-8.499000549316406,0.2530499994754791
1763074368140,,,,,-7.780950546264648,-0.9100500345230103
1763074368141,,,,9.77595043182373,,
1763074368153,,44.47449599753955,,,,
1763074368160,,,,,-6.969000339508057,
1763074368161,,,,10.36500072479248,,-1.204050064086914
1763074368168,4.0,,,,,
1763074368179,,,,,-5.748000144958496,
1763074368180,,,,11.50005054473877,,-1.1880000829696655
1763074368193,,31.420920811848518,,,,
1763074368199,,,,,-4.785000324249268,
1763074368200,,,,12.511950492858887,,-1.1929500102996826
1763074368217,3.0,,,12.016950607299805,-4.182000160217285,-1.1970000267028809
1763074368234,,32.801035203176816,,,,
1763074368238,,,66.20339529854911,,,
1763074368239,,,66.20339529854911,,,
1763074368248,,,,11.75100040435791,-3.715050220489502,-1.1850000619888306
1763074368267,,,,11.449050903320312,-3.306000232696533,-1.1880000829696655
1763074368268,3.0,,,,,
1763074368276,,35.89000668786815,66.20339529854911,,-3.0040502548217773,
1763074368277,,,,10.91100025177002,,-1.2019500732421875
1763074368296,,,,,-2.5729501247406006,
1763074368297,,,,10.200000762939453,,-1.2019500732421875
1763074368313,,52.59964712686067,66.20339529854911,,,
1763074368315,,,,,-2.0340001583099365,
1763074368316,,,,9.868950843811035,,-0.9100500345230103
1763074368335,,,,9.164999961853027,-1.1370000839233398,-0.4930500090122223
1763074368353,,38.059232359820435,,,,
1763074368358,,,,8.397000312805176,-0.5329500436782837,-0.4720500111579895
1763074368368,3.0,,,,,
1763074368376,,,,,-0.544950008392334,-0.48405003547668457
1763074368377,,,,7.707000255584717,,
1763074368398,,32.93435343235535,,,,
1763074368402,,,75.06905691964286,7.197000503540039,-1.1010000705718994,-0.47895002365112305
1763074368427,,,,,-1.5240000486373901,
1763074368428,,,,7.204050540924072,,-0.7810500264167786
1763074368432,,,,,-1.5390000343322754,
1763074368433,,,,,,-0.7590000629425049
1763074368434,,,,7.219050407409668,,
1763074368437,,54.12219797448862,75.06905691964286,,,
1763074368456,,,,8.3100004196167,-1.5240000486373901,-0.7740000486373901
1763074368477,,64.67717019115987,,,,
1763074368478,,,75.06905691964286,,,
1763074368479,,,,9.523950576782227,-1.543950080871582,-0.7780500650405884
1763074368482,3.0,,,,,
1763074368499,,,,10.810050964355469,-1.5390000343322754,-0.7590000629425049
1763074368516,,68.38258120808541,,,,
1763074368517,,,75.06905691964286,,,
1763074368523,,,,,-1.9339500665664673,
1763074368524,,,,11.895000457763672,,-0.7710000276565552
1763074368530,,,,,-1.9530000686645508,-0.775950014591217
1763074368531,,,,12.964950561523438,,
1763074368551,,,,14.380050659179688,-1.5600000619888306,-0.7620000243186951
1763074368553,,71.99876570246039,,,,
1763074368574,,,,14.847001075744629,-1.180050015449524,-1.492050051689148
1763074368583,3.0,,,,,
1763074368593,,71.71959366499313,,,-1.1959500312805176,
1763074368594,,,,14.373001098632812,,-1.4770500659942627
1763074368596,,,156.4990234375,,,
1763074368597,,,156.4990234375,,,
1763074368614,,,,14.128951072692871,-1.711050033569336,-1.489050030708313
1763074368633,,73.92319637484411,156.4990234375,,,
1763074368635,,,,13.396050453186035,-2.7960002422332764,-1.7500500679016113
1763074368647,,,,13.410000801086426,-3.3990001678466797,-1.7359501123428345
1763074368651,2.0,,,,,
1763074368666,,,,,-3.4020001888275146,
1763074368667,,,,13.41300106048584,,-1.7340000867843628
1763074368673,,55.47123781822364,156.4990234375,,,
1763074368684,2.0,,,,,
1763074368687,,,,,-3.05400013923645,-1.746000051498413
1763074368688,,,,14.236050605773926,,
1763074368705,,,,,-2.8030500411987305,
1763074368707,,,,14.725050926208496,,-1.7340000867843628
1763074368713,,74.2740044074551,,,,
1763074368725,,,,14.22900104522705,-2.8030500411987305,-1.7340000867843628
1763074368745,,,,12.943050384521484,-3.385050058364868,-1.7500500679016113
1763074368758,,74.39918850229843,,,,
1763074368764,,,,12.031050682067871,-3.8520002365112305,-1.738050103187561
1763074368783,2.0,,,,-4.5769500732421875,
1763074368784,,,,11.083050727844238,,-1.7310000658035278
1763074368793,,62.06305932615685,,,,
1763074368799,,,474.04296875,,,
1763074368803,,,,,-5.044050216674805,
1763074368804,,,,10.027050018310547,,-1.7430000305175781
1763074368823,,,,9.301950454711914,-5.062950134277344,-1.0180500745773315
1763074368834,,62.82365598282273,474.04296875,,,
1763074368845,,,,8.77695083618164,-4.642050266265869,-1.0060499906539917
1763074368866,,,,9.3589506149292,-3.7009501457214355,-0.7159500122070312
1763074368868,3.0,,,,,
1763074368873,,52.730388646477515,474.04296875,,,
1763074368886,,,,,-2.7960002422332764,
1763074368887,3.0,,,10.645050048828125,,0.1660500019788742
1763074368900,,,,,-2.805000066757202,
1763074368901,,,,11.0110502243042,,0.1860000044107437
1763074368913,,36.43959326317222,,,,
1763074368920,,,,9.883050918579102,-3.643050193786621,0.1860000044107437
1763074368953,,36.33589305141958,,,,
1763074368957,,,131.15234375,8.878050804138184,-4.354050159454346,0.17805001139640808
1763074368959,,,,,-5.5759501457214355,
1763074368960,,,,7.483950138092041,,0.17805001139640808
1763074368978,,,,,-6.459000110626221,
1763074368979,,,,6.292050361633301,,0.17595000565052032
1763074368994,,31.354586295382493,,,,
1763074368995,,,131.15234375,,,
1763074368997,3.0,,,,,
1763074368998,,,,5.7960004806518555,-7.16295051574707,0.1860000044107437
1763074369018,,,,,-7.888050556182861,0.16905000805854797
1763074369019,,,,5.799000263214111,,
1763074369033,,28.431239707885396,131.15234375,,,
1763074369037,,,,6.6220502853393555,-8.290950775146484,0.1879500150680542
1763074369062,,,,,-8.772000312805176,
1763074369063,,,,6.903000354766846,,0.1660500019788742
1763074369073,,26.70280045989977,131.15234375,,,
1763074369083,,,,6.586950302124023,-9.223950386047363,0.1879500150680542
1763074369085,7.0,,,,,
1763074369102,,,,,-9.234000205993652,
1763074369103,7.0,,,6.844950199127197,,0.17400000989437103
1763074369113,,35.086259738984594,,,,
1763074369115,,,,6.8550004959106445,-9.235950469970703,0.17595000565052032
1763074369134,,,,,-8.872050285339355,
1763074369135,,,,7.729050159454346,,0.17100000381469727
1763074369153,,38.207559649197634,,,,
1763074369154,,,,,-8.463000297546387,0.16905000805854797
1763074369155,,,,9.330000877380371,,
1763074369157,,,487.947998046875,,,
1763074369185,,,,,-8.218950271606445,
1763074369186,,,,8.562000274658203,,0.1879500150680542
1763074369193,,,,,-7.780950546264648,
1763074369194,,36.137251164058966,487.947998046875,8.152050018310547,,0.18105000257492065
1763074369203,7.0,,,,,
1763074369212,,,,,-7.43595027923584,
1763074369214,,,,7.506000518798828,,0.17100000381469727
1763074369232,,,,,-6.409050464630127,0.17400000989437103
1763074369233,,35.71260624605122,487.947998046875,,,
1763074369234,,,,8.065950393676758,,
1763074369251,,,,,-5.5759501457214355,
1763074369252,,,,9.1360502243042,,0.17805001139640808
1763074369271,,,,9.53895092010498,-5.122950077056885,0.18105000257492065
1763074369275,,31.929555405871398,,,,
1763074369291,,,,10.012950897216797,-4.5769500732421875,-0.08400000631809235
1763074369302,6.0,,,,,
1763074369304,6.0,,,,,
1763074369310,,,,10.594950675964355,-4.174950122833252,-0.08400000631809235
1763074369313,,28.814613242323684,,,,
1763074369331,,,,,-3.2119500637054443,
1763074369332,,,,11.421000480651855,,-0.3570000231266022
1763074369354,,27.305923225055434,0.0,11.938050270080566,-2.098950147628784,-0.34995001554489136
1763074369372,,,,,-0.9709500670433044,
1763074369373,,,,12.325950622558594,,-0.3520500063896179
1763074369392,,,,11.71500015258789,-0.3679500222206116,-0.08400000631809235
1763074369397,,59.122448020435165,,,,
1763074369404,6.0,,,,,
1763074369412,,,,10.717050552368164,-0.05895000323653221,-0.10605000704526901
1763074369433,,34.8449796390975,,,,
1763074369434,,,,,0.4069500267505646,0.33900001645088196
1763074369435,,,,10.707000732421875,,
1763074369437,,,65.08984375,,,
1763074369438,,,65.08984375,,,
1763074369446,,,,,0.4140000343322754,0.06599999964237213
1763074369447,,,,8.44005012512207,,
1763074369466,,,,,0.0690000057220459,
1763074369467,,,,6.313950061798096,,-0.24900001287460327
1763074369473,,41.68945270731931,65.08984375,,,
1763074369485,,,,6.973950386047363,0.8380500674247742,-0.25905001163482666
1763074369507,,,,10.422000885009766,2.180999994277954,-0.6660000085830688
1763074369516,,51.20361467597543,65.08984375,,,
1763074369522,,,60.80596923828125,,,
1763074369533,4.0,,,,,
1763074369534,4.0,,,13.732950210571289,3.049950122833252,-0.4140000343322754
1763074369553,,76.67309698431143,60.80596923828125,,,
1763074369554,,,,14.896950721740723,2.5690500736236572,0.06599999964237213
1763074369563,,,,,1.9650001525878906,-0.4140000343322754
1763074369564,,,,14.164051055908203,,
1763074369583,,,,13.273950576782227,1.2690000534057617,-1.1539500951766968
1763074369593,,79.97706194897538,60.80596923828125,,,
1763074369602,,,,12.30405044555664,0.9739500284194946,-1.6639500856399536
1763074369633,,72.92038855961292,60.80596923828125,,,
1763074369638,,,,,-0.09495000541210175,
1763074369639,,,,12.547950744628906,,-1.6740000247955322
1763074369640,4.0,,,,,
1763074369641,,,,12.103050231933594,-1.6470000743865967,-1.6549500226974487
1763074369661,,,,12.814050674438477,-3.0180001258850098,-1.1539500951766968
1763074369673,,82.35443933277635,,,,
1763074369680,,,,13.116000175476074,-3.9240002632141113,-0.8880000710487366
1763074369700,,,,,-4.627050399780273,
1763074369701,,,,14.617051124572754,,-0.4140000343322754
1763074369713,,55.41749177637473,,,,
1763074369716,,,120.6201171875,,,
1763074369725,,,,,-4.639050006866455,
1763074369726,,,,17.317951202392578,,-0.4050000309944153
1763074369736,3.0,,,,,
1763074369747,,,,17.325000762939453,-4.6369500160217285,-0.4069500267505646
1763074369748,3.0,,,,,
1763074369753,,59.46602361506436,120.6201171875,,,
1763074369768,,,,15.486001014709473,-4.642050266265869,-0.4020000100135803
1763074369787,,,,13.237950325012207,-5.3959503173828125,-0.4140000343322754
1763074369794,,71.58074553539058,120.6201171875,,,
1763074369797,,,,,-5.82705020904541,-0.4140000343322754
1763074369798,,,,9.819000244140625,,
1763074369816,,,,,-5.194950103759766,
1763074369817,,,,8.89905071258545,,-0.40005001425743103
1763074369833,,52.336152228455646,,,,
1763074369836,,,,,-4.2900004386901855,-0.3949500322341919
1763074369837,,,,8.919000625610352,,
1763074369852,3.0,,,,,
1763074369856,,,,8.338950157165527,-5.761950492858887,0.20205001533031464
1763074369873,,48.644237322820096,,,,
1763074369875,,,,7.864950180053711,-6.6820502281188965,1.1860500574111938
1763074369895,,,,4.798050403594971,-7.033950328826904,1.1959500312805176
1763074369913,,43.86136229670452,,,,
1763074369917,,,,4.4320502281188965,-5.5759501457214355,0.20205001533031464
1763074369919,,,453.1996372767857,,,
1763074369934,,,,5.380050182342529,-4.612950325012207,-0.7380000352859497
1763074369951,3.0,,,,,
1763074369953,5.0,,,5.128050327301025,-4.635000228881836,-0.7330500483512878
1763074369954,,30.848785006861092,453.1996372767857,,,
1763074369977,,,,,-4.635000228881836,
1763074369978,,,,4.165950298309326,,-0.7330500483512878
1763074369993,,30.541647155565673,453.1996372767857,,,
1763074369997,,,,4.732950210571289,-4.267950057983398,-0.7159500122070312
1763074370021,,,,,-4.2709503173828125,
1763074370022,,,,5.926050186157227,,-0.7380000352859497
1763074370037,,28.859205769851137,,,,
1763074370055,,,,6.463950157165527,-4.915050029754639,-0.7159500122070312
1763074370059,5.0,,,,,
1763074370070,,,,6.916950225830078,-6.258000373840332,-0.7380000352859497
1763074370073,,25.95694260380137,0.0,,,
1763074370099,,,,8.44694995880127,-6.624000549316406,-0.7300500273704529
1763074370113,,25.856442206696435,,,,
1763074370120,,,,8.20305061340332,-7.594050407409668,-0.7180500626564026
1763074370141,,,,,-8.347949981689453,
1763074370142,,,,8.20995044708252,,-0.7300500273704529
1763074370148,,,,8.719950675964355,-8.370000839233398,-0.45000001788139343
1763074370157,,24.756522495510403,,,,
1763074370162,5.0,,,,,
1763074370168,,,,9.991050720214844,-7.981950283050537,-0.45000001788139343
1763074370170,8.0,,,,,
1763074370187,,,,11.421000480651855,-7.615050315856934,-0.040950000286102295
1763074370193,,23.229888626698994,,,,
1763074370194,,,0.0,,,
1763074370208,,,,,-7.335000514984131,
1763074370209,,,,11.16195011138916,,-0.040950000286102295
1763074370233,,25.74497809754382,,,,
1763074370235,,,,10.270950317382812,-7.351950168609619,-0.024000000208616257
1763074370259,,,,10.291050910949707,-6.517050266265869,-0.022050000727176666
1763074370266,,,,10.276050567626953,-5.640000343322754,0.7630500197410583
1763074370276,,21.654727949433436,0.0,,,
1763074370291,,,,11.442000389099121,-5.374050140380859,0.76500004529953
1763074370292,8.0,,,,,
1763074370312,,,,10.687950134277344,-4.79295015335083,1.2370500564575195
1763074370313,,23.6081058076779,,,,
1763074370331,,,,9.855000495910645,-3.9019501209259033,1.2510000467300415
1763074370352,,,,9.867000579833984,-2.91795015335083,0.7630500197410583
1763074370353,,23.62316173316271,0.0,,,
1763074370362,,,,10.852950096130371,-2.1349501609802246,0.08700000494718552
1763074370383,,,,10.864950180053711,-2.152050018310547,-0.8880000710487366
1763074370387,4.0,,,,,
1763074370393,,22.96607988820163,,,,
1763074370396,4.0,,,,,
1763074370401,,,,,-1.8840000629425049,
1763074370402,,,,9.237000465393066,,-0.8809500336647034
1763074370421,,,,8.425050735473633,-1.3230000734329224,-0.8670000433921814
1763074370433,,31.561802116974718,0.0,,,
1763074370441,,,,7.276050567626953,-1.3230000734329224,-0.8670000433921814
1763074370466,,,,5.95395040512085,-1.0579500198364258,-0.8689500689506531
1763074370474,,21.232588788845113,,,,
1763074370487,,,,,-1.0669500827789307,
1763074370488,,,,5.959050178527832,,-0.8839500546455383
1763074370507,4.0,,,6.213000297546387,-1.0699501037597656,-0.8809500336647034
1763074370513,,20.62942073675053,,,,
1763074370518,,,,7.125000476837158,-1.4380500316619873,-0.8719500303268433
1763074370538,,,,8.791950225830078,-1.1149500608444214,-0.8839500546455383
1763074370553,,58.96875719882153,,,,
1763074370559,,,153.935546875,,,
1763074370574,,,,10.65195083618164,-0.697950005531311,-0.8689500689506531
1763074370577,,,,11.650050163269043,-0.9570000171661377,-0.8740500211715698
1763074370593,,39.79646120582156,153.935546875,,,
1763074370597,,,,12.175050735473633,-1.3590000867843628,-0.8790000677108765
1763074370604,6.0,,,,,
1763074370618,6.0,,,12.850050926208496,-1.3780500888824463,-0.8839500546455383
1763074370633,,36.630224681461286,153.935546875,,,
1763074370636,,,146.435546875,,,
1763074370639,,,,13.201951026916504,-1.0290000438690186,-0.8740500211715698
1763074370655,,,,13.21605110168457,-1.0290000438690186,-0.8740500211715698
1763074370673,,33.3691898618393,146.435546875,,,
1763074370677,,,,13.209000587463379,-2.170950174331665,-0.8809500336647034
1763074370697,,,,12.879000663757324,-3.81600022315979,-0.8880000710487366
1763074370713,,77.70646412217982,146.435546875,,,
1763074370718,,,,13.201951026916504,-4.441050052642822,-0.8860500454902649
1763074370719,6.0,,,,,
1763074370732,,,,,-5.5759501457214355,
1763074370733,,,,13.683000564575195,,-0.8760000467300415
1763074370752,,,,,-6.013950347900391,
1763074370753,,63.807801043513436,,15.105000495910645,,-0.8689500689506531
1763074370772,,,,16.46295166015625,-5.712000370025635,-0.8839500546455383
1763074370798,,55.999560953926235,,,,
1763074370801,,,,15.508050918579102,-5.209050178527832,-0.8839500546455383
1763074370820,6.0,,,13.044000625610352,-4.656000137329102,-0.4930500090122223
1763074370821,5.0,,,,,
1763074370830,,,,10.91100025177002,-4.6780500411987305,0.25995001196861267
1763074370833,,55.524443962549626,,,,
1763074370843,,,594.8379448784722,,,
1763074370849,,,,,-5.3959503173828125,
1763074370850,,,,9.3589506149292,,0.25995001196861267
1763074370869,,,,7.642050266265869,-5.740950107574463,0.2689500153064728
1763074370873,,32.804308583704085,594.8379448784722,,,
1763074370888,,,,,-5.323950290679932,
1763074370903,,,,,,0.25995001196861267
1763074370904,,,,6.12000036239624,,
1763074370908,,,,,-4.849950313568115,
1763074370909,,,,5.386950492858887,,0.2650500237941742
1763074370913,,32.427964254021184,594.8379448784722,,,
1763074370918,,,500.7593209402902,,,
1763074370920,5.0,,,,,
1763074370927,,,,,-4.869000434875488,
1763074370928,,,,5.788950443267822,,0.25995001196861267
1763074370947,,,,4.827000141143799,-5.518050193786621,0.26205000281333923
1763074370953,,37.72621948677202,500.7593209402902,,,
1763074370966,,,,,-5.530050277709961,0.2740500271320343
1763074370967,,,,4.4239501953125,,
1763074370986,,,,,-5.523000240325928,
1763074370987,,,,3.5050501823425293,,0.2670000195503235
1763074370993,,32.84056606531226,500.7593209402902,,,
1763074371009,,,,3.9430501461029053,-5.518050193786621,0.26205000281333923
1763074371028,,,,4.611000061035156,-5.820000171661377,-0.027000000700354576
1763074371030,5.0,,,,,
1763074371038,,31.53875675481546,,,,
1763074371048,,,,4.611000061035156,-5.82705020904541,-0.027000000700354576
1763074371067,,,,5.466000080108643,-5.829000473022461,-0.40005001425743103
1763074371073,,32.49517674098881,,,,
1763074371087,,,,6.651000499725342,-5.833950042724609,-0.3930000066757202
1763074371103,,,,7.333950519561768,-6.5809502601623535,-0.11295000463724136
1763074371113,,29.593502482943286,0.0,,,
1763074371130,,,,,-7.414050579071045,-0.10605000704526901
1763074371131,5.0,,,7.341000556945801,,
1763074371149,,,,8.569050788879395,-7.852950572967529,-0.09795000404119492
1763074371153,,31.16434165583035,,,,
1763074371161,,,,,-7.852950572967529,-0.09795000404119492
1763074371162,,,,9.582000732421875,,
1763074371181,,,,9.84795093536377,-8.290950775146484,-0.09105000644922256
1763074371193,,33.544106354677396,,,,
1763074371194,,,0.0,,,
1763074371201,,,,9.856950759887695,-8.302950859069824,-0.10305000841617584
1763074371220,,,,10.645050048828125,-7.759050369262695,-0.09600000083446503
1763074371234,5.0,,,,,
1763074371237,,32.70062968964849,,,,
1763074371240,,,,11.851950645446777,-7.048050403594971,-0.11295000463724136
1763074371260,,,,12.448050498962402,-6.343950271606445,-0.09795000404119492
1763074371273,,38.95768026438358,,,,
1763074371277,,,36.41717529296875,,,
1763074371280,,,,11.952000617980957,-5.740950107574463,-0.10305000841617584
1763074371302,,,,11.326950073242188,-4.71405029296875,-0.10095000267028809
1763074371317,,30.77479349970639,36.41717529296875,,,
1763074371324,,,,10.932000160217285,-3.6510002613067627,0.22395001351833344
1763074371335,5.0,,,,,
1763074371337,,,,10.951050758361816,-3.355950117111206,0.6409500241279602
1763074371353,,31.4625990780809,36.41717529296875,,,
1763074371370,,,,9.976950645446777,-3.3610501289367676,0.6409500241279602
1763074371391,,,,,-3.367950201034546,
1763074371392,,,,9.438000679016113,,0.25995001196861267
1763074371393,,28.756907473424405,36.41717529296875,,,
1763074371395,,,,8.569050788879395,-3.367950201034546,-0.6589500308036804
1763074371415,,,,,-2.8819501399993896,
1763074371416,,,,8.059050559997559,,-0.6589500308036804
1763074371433,,31.33446574048215,,,,
1763074371434,,,,,-2.4439501762390137,
1763074371435,,,,7.6710004806518555,,-1.168950080871582
1763074371436,5.0,,,,,
1763074371456,,,,6.996000289916992,-2.451000213623047,-1.585050106048584
1763074371472,2.0,,,,-2.4439501762390137,
1763074371473,,,,6.499950408935547,,-1.168950080871582
1763074371474,,74.19859345257636,,,,
1763074371481,,,502.347891671317,,,
1763074371482,,,502.347891671317,,,
1763074371499,,,,6.01200008392334,-2.1640501022338867,-0.8880000710487366
1763074371513,,52.74936782977399,502.347891671317,,,
1763074371522,,,,5.689050197601318,-2.1660001277923584,-0.5290500521659851
1763074371542,2.0,,,5.689050197601318,-2.1640501022338867,-0.5290500521659851
1763074371551,,,,5.703000068664551,-2.1780002117156982,-0.5149500370025635
1763074371553,,58.16663991400053,502.347891671317,,,
1763074371558,,,443.6543491908482,,,
1763074371571,,,,6.235050201416016,-2.1660001277923584,-0.5269500017166138
1763074371593,,,,,-1.9120501279830933,
1763074371594,,,,7.498950481414795,,-0.2350500077009201
1763074371598,,28.686990717438015,443.6543491908482,,,
1763074371614,,,,8.404050827026367,-1.918950080871582,-0.2160000056028366
1763074371633,,31.673638922761306,443.6543491908482,,,
1763074371635,,,,,-1.918950080871582,
1763074371636,,,,9.244050025939941,,-0.2160000056028366
1763074371655,,,,10.314000129699707,-2.839050054550171,-0.22995001077651978
1763074371656,2.0,,,,,
1763074371668,,,,11.313000679016113,-3.406050205230713,-0.21300001442432404
1763074371673,,53.47413322068267,443.6543491908482,,,
1763074371678,,,467.4951171875,,,
1763074371688,4.0,,,,,
1763074371689,,,,11.758050918579102,-3.664950132369995,-0.2179500162601471
1763074371713,,71.20812455085891,467.4951171875,,,
1763074371719,,,,,-3.9379501342773438,
1763074371720,,,,12.217950820922852,,-0.47895002365112305
1763074371727,,,,13.245000839233398,-5.145000457763672,-0.46695002913475037
1763074371746,,,,,-5.892000198364258,
1763074371747,,,,14.136000633239746,,-0.8449500203132629
1763074371758,,75.85326154312685,467.4951171875,,,
1763074371761,4.0,,,,,
1763074371766,,,,,-6.847050189971924,
1763074371767,,,,15.04800033569336,,-0.831000030040741
1763074371785,,,,,-6.8610005378723145,
1763074371786,,,,16.33395004272461,,-0.8410500288009644
1763074371793,,69.4070539853515,,,,
1763074371805,,,,17.02305030822754,-5.683050155639648,-0.8449500203132629
1763074371826,,,,15.6510009765625,-4.777950286865234,-0.8410500288009644
1763074371833,,55.69928969705046,,,,
1763074371838,,,572.7892485119048,,,
1763074371844,,,,13.129950523376465,-4.405050277709961,-0.831000030040741
1763074371861,4.0,,,,,
1763074371863,,,,,-4.417050361633301,-0.843000054359436
1763074371864,,,,11.406000137329102,,
1763074371873,,68.60331667672637,,,,
1763074371874,,,572.7892485119048,,,
1763074371883,,,,9.60300064086914,-4.843050003051758,-0.8239500522613525
1763074371902,,,,,-5.877000331878662,
1763074371903,,,,8.194950103759766,,-0.843000054359436
1763074371907,3.0,,,,,
1763074371914,,53.99932943305857,,,,
1763074371915,,,572.7892485119048,,,
1763074371922,,,,6.952950477600098,-5.877000331878662,-0.843000054359436
1763074371942,,,,6.39300012588501,-5.317050457000732,-0.8290500640869141
1763074371953,,55.778618051567996,572.7892485119048,,,
1763074371957,,,550.9423828125,,,
1763074371961,,,,5.911050319671631,-5.319000244140625,-0.8260500431060791
1763074371962,3.0,,,,,
1763074371980,,,,5.473050117492676,-4.879050254821777,-0.30705001950263977
1763074371993,,50.489421265796295,550.9423828125,,,
1763074372000,,,,4.755000114440918,-4.390050411224365,-0.30705001950263977
1763074372019,,,,,-4.052999973297119,-0.2850000262260437
1763074372020,,,,3.807000160217285,,
1763074372033,,50.763857752238906,550.9423828125,,,
1763074372040,,,761.3045654296875,5.8470001220703125,-3.579000234603882,-0.3040500283241272
1763074372062,,,,8.016000747680664,-1.480950117111206,-0.2950500249862671
1763074372063,3.0,,,,,
1763074372073,,38.62559040351676,761.3045654296875,,,
1763074372079,,,,9.487950325012207,-0.33900001645088196,0.6550500392913818
1763074372098,,,,,0.08400000631809235,
1763074372099,,,,8.986050605773926,,0.6330000162124634
1763074372113,,37.33338408217479,761.3045654296875,,,
1763074372120,,,,9.510000228881836,1.0459500551223755,0.6520500183105469
1763074372124,1.0,,,,,
1763074372136,,,,10.36500072479248,0.7440000176429749,0.6430500149726868
1763074372153,,38.58724329627864,,,,
1763074372156,,,,10.006050109863281,-0.6550500392913818,0.6550500392913818
1763074372164,1.0,,,,,
1763074372179,,,,10.579950332641602,-2.4649500846862793,1.4449501037597656
1763074372193,,44.3236239153384,,,,
1763074372200,,,,,-4.741950035095215,
1763074372201,,,,10.314000129699707,,2.2139999866485596
1763074372214,,,,9.438000679016113,-6.49500036239624,0.9130500555038452
1763074372233,,44.42302736574602,,,,
1763074372234,,,,8.928000450134277,-7.314000129699707,0.6550500392913818
1763074372236,,,434.756600516183,,,
1763074372253,,,,8.944950103759766,-7.6870503425598145,0.3169500231742859
1763074372264,1.0,,,,,
1763074372273,,31.344080607826086,434.756600516183,,-8.02500057220459,0.3360000252723694
1763074372274,,,,8.947050094604492,,
1763074372292,,,,8.940000534057617,-8.736000061035156,0.06599999964237213
1763074372311,,,,,-9.655050277709961,
1763074372313,,30.205538763136445,434.756600516183,8.503950119018555,,0.08700000494718552
1763074372331,,,,7.7500505447387695,-9.993000030517578,0.06599999964237213
1763074372350,,,,,-10.00005054473877,
1763074372351,,,,7.434000492095947,,0.3169500231742859
1763074372354,,31.68977255748501,,,,
1763074372365,1.0,,,,,
1763074372370,,,,7.4410505294799805,-9.13800048828125,0.3240000009536743
1763074372389,,,,,-7.156050205230713,
1763074372390,,,,,,0.32895001769065857
1763074372393,,27.303592303107386,,,,
1763074372394,,,0.0,,,
1763074372401,,,,8.260050773620605,,
1763074372409,,,,9.582000732421875,-5.647050380706787,0.32895001769065857
1763074372428,,,,,-5.38200044631958,
1763074372429,,,,8.467950820922852,,0.06599999964237213
1763074372433,,26.684107471780862,,,,
1763074372448,,,,,-5.389050483703613,0.08295000344514847
1763074372449,,,,7.2109503746032715,,
1763074372465,1.0,,,,,
1763074372468,,,,6.442950248718262,-5.137050151824951,0.07095000147819519
1763074372473,,28.019102026881164,,,,
1763074372487,,,,7.3909502029418945,-5.145000457763672,0.07800000160932541
1763074372511,,,,7.413000583648682,-5.154000282287598,-0.21300001442432404
1763074372517,,27.379859760643157,0.0,,,
1763074372528,,,,6.730050086975098,-5.158950328826904,-0.21105000376701355
1763074372545,,,,,-4.483950138092041,
1763074372547,,,,6.751950263977051,,-0.7020000219345093
1763074372557,,29.44453295177052,,,,
1763074372563,0.0,,,,,
1763074372565,,,,,-4.089000225067139,-0.6919500231742859
1763074372566,,,,6.739950180053711,,
1763074372576,0.0,,,,,
1763074372584,,,,,-3.765000104904175,
1763074372585,,,,7.362000465393066,,-0.6799500584602356
1763074372593,,30.732610319200568,,,,
1763074372594,,,0.0,,,
1763074372604,,,,7.908000469207764,-2.9389500617980957,-0.6919500231742859
1763074372628,,,,,-2.0850000381469727,
1763074372629,,,,8.704950332641602,,-0.6850500106811523
1763074372633,,24.152005488558864,,,,
1763074372645,,,,,-1.696950078010559,
1763074372646,,,,8.992950439453125,,-0.690000057220459
1763074372662,,,,,-1.0429500341415405,-0.6970500349998474
1763074372663,,,,10.027050018310547,,
1763074372673,,26.86334748530406,0.0,,,
1763074372678,0.0,,,,,
1763074372682,,,,10.65195083618164,-0.6700500249862671,-0.687000036239624
1763074372702,,,,11.19795036315918,-0.6769500374794006,-0.6799500584602356
1763074372717,,26.892776426264405,,,,
1763074372721,,,,12.139050483703613,-0.6720000505447388,-0.9460500478744507
1763074372741,,,,13.000950813293457,-1.3020000457763672,-1.297950029373169
1763074372753,,49.3756058804859,,,,
1763074372760,,,,13.819951057434082,-1.5679501295089722,-1.6210501194000244
1763074372781,2.0,,,13.819951057434082,-1.5889500379562378,-1.6210501194000244
1763074372782,2.0,,,,,
1763074372793,,50.76817338438596,,,,
1763074372798,,,112.666015625,,,
1763074372801,,,,,-1.0720500946044922,
1763074372802,,,,13.828950881958008,,-1.6120500564575195
1763074372819,,,,13.839000701904297,-1.0810500383377075,-1.602000117301941
1763074372833,,66.70474461392732,112.666015625,,,
1763074372837,,,,,-1.0720500946044922,
1763074372838,,,,13.828950881958008,,-1.6120500564575195
1763074372857,,,,,-1.0909500122070312,-1.615950107574463
1763074372858,,,,14.81100082397461,,
1763074372873,,77.77826234412001,112.666015625,,,
1763074372876,,,,,-1.0720500946044922,-1.6120500564575195
1763074372877,,,,15.61500072479248,,
1763074372882,2.0,,,,,
1763074372898,,,,15.307050704956055,-2.5950000286102295,-1.6210501194000244
1763074372914,,64.1025578313849,,,,
1763074372916,,,,16.19700050354004,-2.242950201034546,-1.225950002670288
1763074372935,,,,17.425050735473633,-2.257050037384033,-0.831000030040741
1763074372953,,57.09480046022332,,,,
1763074372955,,,,16.16805076599121,-2.5440001487731934,-0.8089500665664673
1763074372957,,,127.63671875,,,
1763074372982,2.0,,,14.020950317382812,-3.507000207901001,-0.8290500640869141
1763074372993,,54.8101403625119,127.63671875,,,
1763074372999,,,,12.655950546264648,-4.540950298309326,-0.8239500522613525
1763074373013,,,,11.449050903320312,-5.452950477600098,-0.8209500312805176
1763074373032,,,,,-5.812950134277344,
1763074373033,,48.45663654175371,127.63671875,11.047050476074219,,-0.12000000476837158
1763074373052,,,,,-5.832000255584717,
1763074373053,,,,11.052000999450684,,-0.11505000293254852
1763074373071,,,,,-4.915050029754639,
1763074373072,,,,10.336050033569336,,-0.09795000404119492
1763074373074,,50.26587517488322,,,,
1763074373086,2.0,,,,,
1763074373100,,,,8.317950248718262,-4.924050331115723,-0.11295000463724136
1763074373113,,33.16443930415926,,,,
1763074373122,,,,6.60105037689209,-5.27400016784668,-0.09795000404119492
1763074373130,,,,5.731950283050537,-5.281050205230713,-0.11505000293254852
1763074373149,,,,,-5.293050289154053,
1763074373150,,,,5.221950054168701,,-0.10305000841617584
1763074373153,,32.32003848029558,,,,
1763074373159,,,127.16796875,,,
1763074373169,,,,3.9499502182006836,-5.281050205230713,-0.11505000293254852
1763074373186,2.0,,,,,
1763074373188,,,,,-4.978950023651123,-0.10605000704526901
1763074373190,,,,3.9649500846862793,,
1763074373193,,32.631777765581965,127.16796875,,,
1763074373209,1.0,,,4.317000389099121,-4.9960503578186035,-0.11295000463724136
1763074373227,,,,,-4.984050273895264,-0.10095000267028809
1763074373228,,,,4.732950210571289,,
1763074373237,,30.093822341819934,127.16796875,,,
1763074373247,,,,5.502000331878662,-5.323950290679932,-0.12000000476837158
1763074373266,,,,,-5.647050380706787,-0.1080000028014183
1763074373267,,,,6.7159504890441895,,
1763074373273,,32.91054065275857,,,,
1763074373286,,,,7.82895040512085,-6.106950283050537,-0.10305000841617584
1763074373287,1.0,,,,,
1763074373305,,,,,-6.616950511932373,
1763074373307,,,,8.51205062866211,,-0.12000000476837158
1763074373313,,34.27334922678388,,,,
1763074373317,,,90.33482142857143,,,
1763074373328,,,,8.513999938964844,-6.955050468444824,-0.11700000613927841
1763074373346,,,,8.217000007629395,-7.587000370025635,-0.1080000028014183
1763074373353,,35.20256510161261,90.33482142857143,,,
1763074373364,,,,8.23905086517334,-7.932000160217285,-0.09795000404119492
1763074373383,,,,,-7.932000160217285,-0.09795000404119492
1763074373384,,,,8.23905086517334,,
1763074373387,1.0,,,,,
1763074373394,,31.07042021980731,90.33482142857143,,,
1763074373403,,,,9.84795093536377,-7.941000461578369,-0.11295000463724136
1763074373422,,,,10.566000938415527,-7.953000545501709,-0.6300000548362732
1763074373433,,31.894089825364947,90.33482142857143,,,
1763074373447,,,,10.566000938415527,-7.551000595092773,-0.6300000548362732
1763074373464,,,,,-6.343950271606445,
1763074373465,,,,10.92495059967041,,-0.6150000095367432
1763074373473,,30.585136055425778,,,,
1763074373480,,,,,-5.109000205993652,
1763074373481,,,,10.92495059967041,,-0.6300000548362732
1763074373487,1.0,,,,,
1763074373500,,,,11.830050468444824,-3.8520002365112305,-0.21300001442432404
1763074373517,,29.597596441114355,0.0,,,
1763074373520,,,,13.015050888061523,-2.299950122833252,-0.1960500031709671
1763074373539,,,,,-1.4740500450134277,
1763074373540,,,,12.706050872802734,,-0.20805001258850098
1763074373553,,27.81218696300279,,,,
1763074373558,,,,,-1.4910000562667847,
1763074373560,,,,11.931000709533691,,-0.19200000166893005
1763074373578,,,,10.759950637817383,-1.480950117111206,-0.20100000500679016
1763074373594,,47.42251187410939,,,,
1763074373596,1.0,,,,,
1763074373597,,,,,-1.8840000629425049,-0.8880000710487366
1763074373598,,,,8.871000289916992,,
1763074373600,,,3513.974609375,,,
1763074373617,,,,7.858050346374512,-1.9000500440597534,-0.8880000710487366
1763074373633,,57.7185189441219,3513.974609375,,,
1763074373636,,,,,-1.5750000476837158,-1.3270500898361206
1763074373637,,,,7.8670501708984375,,
1763074373656,,,,7.872000217437744,-1.0290000438690186,-1.585050106048584
1763074373673,,40.5532022373107,3513.974609375,,,
1763074373677,,,,7.377000331878662,-0.7410000562667847,-1.5709500312805176
1763074373695,,,,7.111050128936768,-0.7609500288963318,-1.576050043106079
1763074373697,1.0,,,,,
1763074373713,,43.563714281772576,3513.974609375,,,
1763074373714,,,,,-1.0000500679016113,
1763074373715,,,,7.120050430297852,,-1.576050043106079
1763074373734,,,,7.120050430297852,-1.0000500679016113,-1.576050043106079
1763074373753,,37.25813511960932,,,-1.0069500207901,
1763074373754,,,,7.483950138092041,,-1.5679501295089722
1763074373773,,,,8.289000511169434,-1.002000093460083,-1.5730500221252441
1763074373794,,33.68549768715642,,,,
1763074373795,,,,9.057000160217285,-1.0069500207901,-1.5679501295089722
1763074373797,1.0,,,,,
1763074373799,,,107.93619791666666,,,
1763074373812,,,,,-1.0170000791549683,-1.5829501152038574
1763074373813,,,,9.855000495910645,,
1763074373831,,,,,-1.4100000858306885,
1763074373832,,,,10.437000274658203,,-1.5730500221252441
1763074373833,,47.89400518099497,107.93619791666666,,,
1763074373851,,,,,-1.6819500923156738,
1763074373852,,,,11.29800033569336,,-1.5640500783920288
1763074373867,3.0,,,,,
1763074373870,,,,,-1.7040001153945923,
1763074373871,,,,12.153000831604004,,-1.2480000257492065
1763074373874,,40.554714477785446,107.93619791666666,,,
1763074373890,,,,12.915000915527344,-1.3020000457763672,-1.2480000257492065
1763074373897,3.0,,,,,
1763074373911,,,,13.804950714111328,-1.311000108718872,-1.237950086593628
1763074373915,,57.945937541964476,,,,
1763074373931,,,,14.752950668334961,-1.3189500570297241,-1.2310500144958496
1763074373949,,,,,-1.8400501012802124,
1763074373950,,,,14.7649507522583,,-1.2360000610351562
1763074373953,,79.63440847724951,,,,
1763074373968,,,,15.607951164245605,-2.25,-1.2330000400543213
1763074373987,,,,16.570951461791992,-2.259000062942505,-1.2480000257492065
1763074373993,,54.477362869740276,,,,
1763074373997,3.0,,,,,
1763074374002,,,541.6270810081845,,,
1763074374007,,,,,-1.8400501012802124,
1763074374012,,,,17.45400047302246,,-0.9820500612258911
1763074374030,,,,17.45895004272461,-1.8570001125335693,-0.9769500494003296
1763074374033,,53.29122216572206,541.6270810081845,,,
1763074374047,,,,,-2.242950201034546,
1763074374048,,,,16.650001525878906,,-0.9750000238418579
1763074374065,,,,15.2920503616333,-3.198000192642212,-0.9769500494003296
1763074374073,,63.39122442376191,541.6270810081845,,,
1763074374077,,,595.6200590587798,,,
1763074374084,,,,,-4.003050327301025,
1763074374085,,,,14.308051109313965,,-0.9630000591278076
1763074374099,3.0,,,,,
1763074374104,,,,12.964950561523438,-5.022000312805176,-0.9720000624656677
1763074374118,,47.73373015785982,595.6200590587798,,,
1763074374124,,,,,-5.38200044631958,
1763074374126,,,,,,-0.9720000624656677
1763074374127,,,,12.268050193786621,,
1763074374144,,,,11.125950813293457,-5.050950050354004,-0.9670500755310059
1763074374153,,34.791210290816,595.6200590587798,,,
1763074374164,,,,,-4.326000213623047,-0.9750000238418579
1763074374165,,,,9.733050346374512,,
1763074374184,,,,7.800000190734863,-4.3279500007629395,-0.9720000624656677
1763074374193,,50.07552763243801,,,,
1763074374201,,,,,-4.338000297546387,
1763074374202,3.0,,,5.868000507354736,,-0.9630000591278076
1763074374221,,,,4.489050388336182,-4.342950344085693,-0.9820500612258911
1763074374233,,34.20063762920832,,,,
1763074374240,,,,4.237950325012207,-4.942950248718262,-0.9790500402450562
1763074374262,,,,4.249950408935547,-4.953000068664551,-0.970050036907196
1763074374273,,31.608207569265566,,,,
1763074374277,,,2903.857421875,,,
1763074374279,,,,,-4.954950332641602,
1763074374280,,,,4.252050399780273,,-0.45705002546310425
1763074374293,2.0,,,,,
1763074374299,,,,4.237950325012207,-4.6780500411987305,-0.45705002546310425
1763074374302,2.0,,,,,
1763074374314,,32.88048619865424,2903.857421875,,,
1763074374318,,,,,-4.6780500411987305,
1763074374320,,,,4.876950263977051,,-0.7879500389099121
1763074374338,,,,,-5.073000431060791,
1763074374340,,,,5.523000240325928,,-0.775950014591217
1763074374353,,28.944306681232327,,,,
1763074374354,,,2903.857421875,,,
1763074374358,,,,6.472050189971924,-5.748000144958496,-1.0390501022338867
1763074374377,,,,7.570950508117676,-6.559950351715088,-1.0249500274658203
1763074374393,,29.800789003193415,,,,
1763074374396,,,,,-6.955050468444824,
1763074374397,,,,,,-1.0369499921798706
1763074374398,,,,8.964000701904297,,
1763074374402,2.0,,,,,
1763074374416,,,,9.63900089263916,-6.957000255584717,-1.0339500904083252
1763074374433,,29.5413225314442,0.0,,,
1763074374435,,,,,-6.96405029296875,
1763074374436,,,,9.394950866699219,,-1.0270500183105469
1763074374455,,,,9.409049987792969,-6.967050552368164,-1.0249500274658203
1763074374474,,28.80244370867289,,,,
1763074374477,,,,10.609050750732422,-6.973950386047363,-1.0180500745773315
1763074374495,,,,11.758050918579102,-6.96405029296875,-1.0270500183105469
1763074374502,2.0,,,,,
1763074374513,,28.324332362230265,,,,
1763074374514,,,,11.083050727844238,-6.96405029296875,-1.0270500183105469
1763074374533,,,,11.104950904846191,-6.49500036239624,-1.0180500745773315
1763074374552,,,,,-4.915050029754639,
1763074374553,,,,10.795950889587402,,-1.0180500745773315
1763074374554,,26.971996792544157,0.0,,,
1763074374572,,,,,-3.973950147628784,-1.0249500274658203
1763074374573,,,,11.370000839233398,,
1763074374594,,28.41415517835785,,,,
1763074374600,,,,11.629050254821777,-3.306000232696533,-1.0230000019073486
1763074374624,,,,,-3.318000078201294,
1763074374625,2.0,,,11.377950668334961,,-1.0339500904083252
1763074374634,,25.740220762128473,0.0,,,
1763074374647,,,,10.990050315856934,-3.05400013923645,-1.0339500904083252
1763074374651,,,,10.401000022888184,-2.6950502395629883,-1.0339500904083252
1763074374669,,,,9.55305004119873,-2.200050115585327,-1.4700000286102295
1763074374677,,26.500981762613605,,,,
1763074374689,,,,8.497050285339355,-1.9120501279830933,-1.4580000638961792
1763074374711,,,,7.729050159454346,-1.5390000343322754,-1.4490001201629639
1763074374713,,51.5704829918736,,,,
1763074374716,,,225.2001953125,,,
1763074374717,,,225.2001953125,,,
1763074374728,,,,,-1.5390000343322754,
1763074374729,2.0,,,7.189950466156006,,-1.4490001201629639
1763074374747,,,,,-0.8710500597953796,
1763074374748,,,,7.189950466156006,,-1.4700000286102295
1763074374753,,35.67227615305035,225.2001953125,,,
1763074374767,,,,7.462950229644775,-0.5329500436782837,-1.4490001201629639
1763074374786,,,,7.468050479888916,-0.5400000214576721,-1.4650501012802124
1763074374794,,36.47554055588308,225.2001953125,,,
1763074374805,,,,,-0.5380499958992004,
1763074374806,,,,7.465050220489502,,-1.9440001249313354
1763074374833,2.0,36.43018758420489,225.2001953125,7.707000255584717,-0.5400000214576721,-1.9399501085281372
1763074374854,,,,,-0.5400000214576721,-1.9399501085281372
1763074374855,,,,8.47605037689209,,
1763074374871,,,,,-0.8560500144958496,
1763074374872,,,,9.574950218200684,,-1.9350000619888306
1763074374873,,40.7698655228664,,,,
1763074374883,,,,,-1.467000126838684,
1763074374884,,,,10.623000144958496,,-1.9230000972747803
1763074374903,,,,,-2.149049997329712,-1.9350000619888306
1763074374904,,,,12.00195026397705,,
1763074374913,,52.02265943033705,,,,
1763074374917,,,58.023202078683035,,,
1763074374918,,,58.023202078683035,,,
1763074374922,,,,,-2.149049997329712,
1763074374923,,,,13.432050704956055,,-1.9350000619888306
1763074374933,2.0,,,,,
1763074374951,,,,,-2.1570000648498535,
1763074374952,,,,14.509050369262695,,-1.927950143814087
1763074374953,,43.28929607332003,58.023202078683035,,,
1763074374961,,,,,-1.8400501012802124,
1763074374962,,,,14.896950721740723,,-1.9320000410079956
1763074374981,,,,14.908950805664062,-1.8400501012802124,-2.2240500450134277
1763074374993,,69.06744917990227,58.023202078683035,,,
1763074375000,,,,,-3.0180001258850098,-2.2080001831054688
1763074375001,,,,14.914051055908203,,
1763074375020,,,,14.914051055908203,-3.4489500522613525,-2.2080001831054688
1763074375037,,67.88671389147254,,,,
1763074375038,2.0,,,,,
1763074375039,,,,,-3.4710001945495605,
1763074375040,,,,15.32805061340332,,-2.2099502086639404
1763074375062,,,,15.831000328063965,-2.2789502143859863,-2.205000162124634
1763074375073,,51.765164657491624,,,,
1763074375080,,,,,-1.4380500316619873,
1763074375081,,,,15.184050559997559,,-2.2080001831054688
1763074375099,,,,14.797050476074219,-0.9139500260353088,-2.205000162124634
1763074375117,,57.66708125690353,,,,
1763074375119,,,,13.747950553894043,-1.582050085067749,-2.2080001831054688
1763074375122,,,1540.8740234375,,,
1763074375137,,,,12.721050262451172,-2.6449501514434814,-2.4690001010894775
1763074375138,2.0,,,,,
1763074375156,,,,,-4.024050235748291,
1763074375157,,,,11.866050720214844,,-2.45205020904541
1763074375158,,47.24539709787202,1540.8740234375,,,
1763074375181,,,,11.176050186157227,-5.080050468444824,-2.4499502182006836
1763074375194,,56.757828906124786,1540.8740234375,,,
1763074375206,,,,10.321950912475586,-5.3460001945495605,-2.4469501972198486
1763074375225,,,,,-5.080050468444824,
1763074375226,,,,9.330000877380371,,-2.095050096511841
1763074375233,,58.241010346890064,,,,
1763074375234,,,,8.281949996948242,-4.728000164031982,-2.0929501056671143
1763074375239,2.0,,,,,
1763074375254,,,,7.219050407409668,-4.741950035095215,-2.0779500007629395
1763074375273,,50.52029115558539,,,-4.441050052642822,
1763074375274,,,,6.400050163269043,,-1.758000135421753
1763074375277,,,482.5439453125,,,
1763074375294,,,,6.048000335693359,-4.4569501876831055,-1.1470500230789185
1763074375313,,,,,-4.453050136566162,
1763074375314,,,,6.061950206756592,,-1.1329500675201416
1763074375316,,34.72829722475129,482.5439453125,,,
1763074375332,,,,5.752950191497803,-4.089000225067139,-0.7810500264167786
1763074375338,2.0,,,,,
1763074375351,,,,,-4.0980000495910645,
1763074375353,,35.25316936665831,482.5439453125,5.236050128936768,,-0.7620000243186951
1763074375371,,,,5.245950222015381,-4.375950336456299,-0.7710000276565552
1763074375390,,,,5.502000331878662,-5.022000312805176,-0.7710000276565552
1763074375393,,32.86564406945855,482.5439453125,,,
1763074375416,,,,,-5.488950252532959,
1763074375417,,,,6.385050296783447,,-0.2639999985694885
1763074375433,,32.54124523982186,,,,
1763074375435,,,,6.7950005531311035,-5.920050144195557,-0.24195000529289246
1763074375439,2.0,,,,,
1763074375455,,,,6.8020501136779785,-6.696000099182129,-0.2560500204563141
1763074375468,,,,8.217000007629395,-7.659000396728516,-0.25200000405311584
1763074375473,,34.17281471303737,,,,
1763074375478,,,72.5260009765625,,,
1763074375479,,,72.5260009765625,,,
1763074375488,,,,8.992950439453125,-8.02500057220459,-0.2440500110387802
1763074375507,,,,,-8.046000480651855,
1763074375508,,,,9.31605052947998,,-0.24705001711845398
1763074375513,,30.190602147818055,72.5260009765625,,,
1763074375534,,,,,-7.528950214385986,
1763074375535,,,,9.318000793457031,,-0.26100000739097595
1763074375539,2.0,,,,,
1763074375546,,,,9.321000099182129,-6.789000511169434,-0.25905001163482666
1763074375553,,34.891094198310896,,,,
1763074375554,,,72.5260009765625,,,
1763074375559,,,82.66886393229166,,,
1763074375565,,,,,-6.3510003089904785,
1763074375567,,,,9.826050758361816,,-0.24195000529289246
1763074375585,,,,10.42905044555664,-6.0859503746032715,-0.2440500110387802
1763074375593,,34.11130181859382,,,,
1763074375594,,,82.66886393229166,,,
1763074375605,,,,,-6.093000411987305,
1763074375606,,,,10.803000450134277,,-0.26100000739097595
1763074375627,,,,10.19205093383789,-6.097950458526611,-0.8530500531196594
1763074375634,,31.14920607665987,,,,
1763074375635,,,82.66886393229166,,,
1763074375654,,,,,-4.908000469207764,
1763074375655,2.0,,,9.043050765991211,,-1.225950002670288
1763074375673,,29.41081639948834,82.66886393229166,9.445050239562988,-3.95205020904541,-1.2090001106262207
1763074375678,,,45.076065305679556,,,
1763074375682,,,,,-3.6220502853393555,
1763074375683,,,,9.754050254821777,,-1.204050064086914
1763074375702,,,,10.516050338745117,-3.355950117111206,-1.207050085067749
1763074375714,,30.629480371404885,45.076065305679556,,,
1763074375721,,,,,-3.3630001544952393,
1763074375722,,,,10.518000602722168,,-1.6210501194000244
1763074375741,,,,10.519950866699219,-2.6950502395629883,-1.615950107574463
1763074375753,,33.827101361441166,,,,
1763074375754,,,45.076065305679556,,,
1763074375755,2.0,,,,,
1763074375762,,,,10.234950065612793,-2.2139999866485596,-2.1670501232147217
1763074375781,,,,9.955050468444824,-1.1440500020980835,-2.4469501972198486
1763074375793,,41.266746931545086,,,,
1763074375800,,,,9.144000053405762,-0.32505002617836,-2.442000150680542
1763074375819,,,,8.482950210571289,0.1980000138282776,-2.464050054550171
1763074375834,,63.930604550915184,,,,
1763074375838,,,,8.46405029296875,0.6079500317573547,-2.4660000801086426
1763074375839,,,326.07747395833337,,,
1763074375855,2.0,,,,,
1763074375866,,,,8.46405029296875,0.6079500317573547,-2.4660000801086426
1763074375878,,42.383483242419125,326.07747395833337,,,
1763074375884,,,,,0.6199500560760498,
1763074375885,,,,8.059050559997559,,-2.454000234603882
1763074375902,,,,8.052000045776367,0.14100000262260437,-2.454000234603882
1763074375917,,40.66983949973831,326.07747395833337,,,
1763074375922,,,327.44840494791663,,,
1763074375926,,,,7.606950283050537,-0.21705001592636108,-2.430000066757202
1763074375936,,,,7.930050373077393,-0.5190000534057617,-2.4400501251220703
1763074375953,,61.3342972272674,327.44840494791663,,,
1763074375955,,,,8.598000526428223,-0.8560500144958496,-2.4379501342773438
1763074375956,2.0,,,,,
1763074375987,,,,,-1.6110000610351562,
1763074375988,,,,9.53895092010498,,-2.425950050354004
1763074375993,,71.56743867334406,327.44840494791663,,,
1763074375994,,,,10.65195083618164,-2.4940500259399414,-2.4280500411987305
1763074376014,,,,,-3.1840500831604004,-2.433000087738037
1763074376015,,,,11.47095012664795,,
1763074376030,4.0,,,,,
1763074376033,,,,12.261000633239746,-3.186000108718872,-2.430000066757202
1763074376053,,65.36579704886034,327.44840494791663,12.699000358581543,-3.1879501342773438,-2.4280500411987305
1763074376056,4.0,,,,,
1763074376062,,,386.20849609375,,,
1763074376072,,,,12.702000617980957,-3.43500018119812,-2.02305006980896
1763074376073,,60.484140321994495,386.20849609375,,,
1763074376094,,,,13.080000877380371,-4.218000411987305,-2.004000186920166
1763074376114,,,,,-4.8070502281188965,
1763074376115,,,,13.089000701904297,,-2.014050006866455
1763074376116,,76.53121519828491,386.20849609375,,,
1763074376134,,,,13.647000312805176,-5.145000457763672,-2.01104998588562
1763074376152,,,,14.401050567626953,-5.149050235748291,-2.007000207901001
1763074376153,,58.033231892386354,,,,
1763074376169,4.0,,,,-3.8010001182556152,
1763074376170,,,,15.249000549316406,,-2.014050006866455
1763074376189,,,,15.256051063537598,-2.386050224304199,-2.0160000324249268
1763074376193,,52.196382827015356,,,,
1763074376199,,,132.71484375,,,
1763074376211,,,,,-1.5319501161575317,-2.0089499950408936
1763074376212,,,,14.18595027923584,,
1763074376231,,,,,-1.8840000629425049,-2.0160000324249268
1763074376232,,,,12.784950256347656,,
1763074376234,,61.27138421556875,132.71484375,,,
1763074376253,,,,11.50005054473877,-2.710050106048584,-2.004000186920166
1763074376267,,,,10.113000869750977,-3.636000156402588,-2.01104998588562
1763074376270,4.0,,,,,
1763074376273,,39.78416968981672,132.71484375,,,
1763074376286,,,,,-4.426050186157227,-2.01104998588562
1763074376287,,,,8.368050575256348,,
1763074376306,,,,7.204050540924072,-4.429050445556641,-2.0089499950408936
1763074376315,,58.06202248623443,132.71484375,,,
1763074376336,,,,6.4069504737854,-4.44795036315918,-2.014050006866455
1763074376345,,,,,-4.024050235748291,
1763074376346,,,,6.1050004959106445,,-2.007000207901001
1763074376357,,50.04882733846613,,,,
1763074376364,,,,,-3.507000207901001,
1763074376365,,,,6.1080002784729,,-2.0209500789642334
1763074376370,4.0,,,,,
1763074376384,,,,5.623950481414795,-3.507000207901001,-1.6210501194000244
1763074376397,,38.82969178056942,,,,
1763074376403,,,61.71716599237351,,-3.507000207901001,
1763074376404,,,,5.6260504722595215,,-1.6189501285552979
1763074376424,,,,5.629050254821777,-3.5089502334594727,-1.615950107574463
1763074376433,,43.360497046292785,,,,
1763074376434,,,61.71716599237351,,,
1763074376449,,,,6.2989501953125,-3.5089502334594727,-1.615950107574463
1763074376467,2.0,,,,,
1763074376468,,,,6.550950527191162,-3.888000249862671,-1.6210501194000244
1763074376470,2.0,,,,,
1763074376473,,49.24003939870846,61.71716599237351,,,
1763074376487,,,,7.506000518798828,-4.3470001220703125,-1.615950107574463
1763074376504,,,,,-4.728000164031982,
1763074376505,,,,8.275050163269043,,-1.6189501285552979
1763074376513,,41.90458654598798,,,,
1763074376520,,,,,-5.238000392913818,-1.6120500564575195
1763074376521,,,,9.330000877380371,,
1763074376540,,,,10.063050270080566,-5.812950134277344,-1.6120500564575195
1763074376554,,38.74825669425152,,,,
1763074376566,,,,10.063050270080566,-6.186000347137451,-1.6210501194000244
1763074376570,2.0,,,,,
1763074376579,,,,9.510000228881836,-6.459000110626221,-1.6120500564575195
1763074376593,,34.23703283814677,,,,
1763074376598,,,285.4638671875,8.713050842285156,-6.76800012588501,-1.6140000820159912
1763074376618,,,,8.728950500488281,-7.255950450897217,-1.603950023651123
1763074376637,,41.93366878647247,,,-7.695000171661377,
1763074376638,,,285.4638671875,9.043050765991211,,-1.6210501194000244
1763074376656,,,,,-7.9960503578186035,
1763074376658,,,,9.057000160217285,,-1.606950044631958
1763074376673,,49.80371456605154,285.4638671875,,,
1763074376675,2.0,,,,,
1763074376678,,,205.0146484375,,,
1763074376679,,,,9.35205078125,-7.680000305175781,-1.6120500564575195
1763074376681,3.0,,,,,
1763074376700,,,,9.357000350952148,-6.28695011138916,-1.615950107574463
1763074376713,,42.905492151297445,205.0146484375,,,
1763074376721,,,,,-4.0819501876831055,
1763074376722,,,,9.03600025177002,,-1.6189501285552979
1763074376740,,,,9.769050598144531,-2.7460501194000244,-1.054050087928772
1763074376753,,46.55185787348706,205.0146484375,,,
1763074376754,,,,10.14900016784668,-2.1349501609802246,-1.0339500904083252
1763074376774,,,,10.522950172424316,-2.1450002193450928,-1.0489500761032104
1763074376775,3.0,,,,,
1763074376793,,56.08354873574938,,,,
1763074376806,,,,10.543950080871582,-1.6819500923156738,-1.0320000648498535
1763074376813,,,,10.200000762939453,-1.3230000734329224,-1.4700000286102295
1763074376832,,,,9.62505054473877,-0.9070500135421753,-1.815000057220459
1763074376833,,59.47660839132266,,,,
1763074376852,,,,,-0.9139500260353088,
1763074376853,,,,8.647950172424316,,-2.1889500617980957
1763074376871,,,,,-0.9190500378608704,
1763074376872,,,,7.993950366973877,,-2.1889500617980957
1763074376873,,62.848851449421225,,,,
1763074376874,3.0,,,,,
1763074376877,,,212.191162109375,,,
1763074376891,,,,7.527000427246094,-0.5910000205039978,-2.180999994277954
1763074376897,2.0,,,,,
1763074376911,,,,,-0.6000000238418579,
1763074376912,,,,7.54395055770874,,-2.1720001697540283
1763074376914,,66.69750764232528,212.191162109375,,,
1763074376930,,,,,-0.6030000448226929,
1763074376931,,,,7.219050407409668,,-2.1690001487731934
1763074376953,,62.42583450042973,212.191162109375,7.234950542449951,-0.6000000238418579,-2.1720001697540283
1763074376956,,,223.7548828125,,,
1763074376973,,,,7.462950229644775,-0.6000000238418579,-2.1720001697540283
1763074376975,2.0,,,,,
1763074376992,,,,7.836000442504883,-0.6049500107765198,-1.8720000982284546
1763074376993,,58.08599945761755,223.7548828125,,,
1763074377008,,,,8.253000259399414,-0.6070500016212463,-1.8720000982284546
1763074377031,,,,,-0.5929500460624695,
1763074377032,,,,9.151050567626953,,-1.8630000352859497
1763074377033,,61.82511789922002,223.7548828125,,,
1763074377037,,,218.45703125,,,
1763074377050,,,,,-0.9280500411987305,
1763074377051,,,,9.976950645446777,,-1.8630000352859497
1763074377070,,,,10.875000953674316,-1.582050085067749,-1.855950117111206
1763074377073,,58.8612452965658,218.45703125,,,
1763074377076,2.0,,,,,
1763074377085,,,,,-2.2639501094818115,
1763074377086,,,,11.599950790405273,,-1.8679500818252563
1763074377105,,,,12.232050895690918,-2.2710001468658447,-1.8610501289367676
1763074377114,,52.76194369614976,218.45703125,,,
1763074377117,5.0,,,,,
1763074377124,,,,,-2.269050121307373,
1763074377125,,,,12.606000900268555,,-2.1670501232147217
1763074377144,,,,12.62505054473877,-2.5660500526428223,-2.1480000019073486
1763074377154,,80.2949424925616,218.45703125,,,
1763074377161,,,133.97693452380952,,,
1763074377163,,,,,-3.6220502853393555,
1763074377164,,,,12.62700080871582,,-2.505000114440918
1763074377182,5.0,,,,,
1763074377183,,,,,-4.275000095367432,
1763074377185,,,,13.123050689697266,,-2.5000500679016113
1763074377193,,71.21126437317062,133.97693452380952,,,
1763074377202,,,,,-4.642050266265869,
1763074377203,,,,13.135050773620605,,-2.493000030517578
1763074377224,,,,13.870050430297852,-4.651050090789795,-2.482950210571289
1763074377233,,55.59923688372356,133.97693452380952,,,
1763074377243,,,,13.872000694274902,-3.865950107574463,-2.502000093460083
1763074377263,,,,13.891950607299805,-3.046950101852417,-2.482950210571289
1763074377273,,72.0117739699232,,,,
1763074377282,,,,,-2.7739500999450684,
1763074377283,5.0,,,12.820950508117676,,-2.493000030517578
1763074377301,,,,11.485050201416016,-3.3490500450134277,-2.493000030517578
1763074377313,,69.58083783538255,,,,
1763074377319,,,798.3697509765625,,-4.038000106811523,
1763074377320,,,,10.234950065612793,,-2.4970500469207764
1763074377331,4.0,,,,,
1763074377339,,,,9.072000503540039,-4.555950164794922,-2.482950210571289
1763074377353,,42.23262688594041,798.3697509765625,,,
1763074377358,,,,,-4.560000419616699,
1763074377359,,,,8.13794994354248,,-2.502000093460083
1763074377392,,,,,-3.808950185775757,
1763074377393,4.0,,,7.5199503898620605,,-2.260050058364868
1763074377394,,58.136973504541,798.3697509765625,,,
1763074377397,,,,,-3.4780502319335938,-2.2390501499176025
1763074377398,,,,6.7009501457214355,,
1763074377417,,,,,-3.4999501705169678,
1763074377418,,,,6.2059502601623535,,-2.241000175476074
1763074377433,,40.903113493764295,798.3697509765625,,,
1763074377436,,,,5.6670002937316895,-3.487950086593628,-2.0160000324249268
1763074377437,,,461.4013671875,,,
1763074377456,,,,,-3.4999501705169678,
1763074377457,,,,5.350950241088867,,-1.9969501495361328
1763074377473,,37.34593209319969,461.4013671875,,,
1763074377476,,,,5.356050491333008,-3.484950065612793,-2.01104998588562
1763074377494,4.0,,,,,
1763074377495,,,,6.514950275421143,-3.7800002098083496,-1.6639500856399536
1763074377513,,46.14994865858142,461.4013671875,,,
1763074377514,,,,,-3.8010001182556152,
1763074377515,,,,6.523950099945068,,-1.6549500226974487
1763074377534,,,,6.055050373077393,-4.204050064086914,-1.659000039100647
1763074377554,,48.70210297538275,,,,
1763074377556,3.0,,,5.56695032119751,-5.295000076293945,-1.645050048828125
1763074377578,,,,5.5759501457214355,-6.2440505027771,-1.6549500226974487
1763074377595,,46.68212666040744,,,,
1763074377599,,,64.59928385416666,,,
1763074377602,3.0,,,6.709050178527832,-6.919050216674805,-1.6500000953674316
1763074377623,,,,7.563000202178955,-7.831050395965576,-1.6470000743865967
1763074377633,,43.55872102218139,64.59928385416666,,,
1763074377642,,,,8.842050552368164,-7.849950313568115,-1.6519501209259033
1763074377651,,,,10.200000762939453,-7.551000595092773,-1.6639500856399536
1763074377670,,,,,-7.9960503578186035,
1763074377671,,,,10.666050910949707,,-1.6500000953674316
1763074377673,,44.755932952736984,64.59928385416666,,,
1763074377689,,,,,-9.12405014038086,
1763074377690,,,,11.794050216674805,,-1.6470000743865967
1763074377705,3.0,,,,,
1763074377713,,44.333848588816586,64.59928385416666,,,
1763074377722,,,,12.922050476074219,-10.768950462341309,-1.6549500226974487
1763074377742,,,,13.6399507522583,-11.796000480651855,-1.6570501327514648
1763074377748,,,,11.218950271606445,-11.812950134277344,-1.6639500856399536
1763074377753,,41.20873761097394,,,,
1763074377767,,,,,-10.093950271606445,
1763074377768,,,,7.456050395965576,,-0.43605002760887146
1763074377787,,,,,-8.12505054473877,
1763074377788,,,,7.456050395965576,,1.1220000982284546
1763074377793,,34.193699061614325,,,,
1763074377797,,,130.85969470796132,,,
1763074377798,,,130.85969470796132,,,
1763074377806,3.0,,,,-6.754050254821777,1.1389501094818115
1763074377807,,,,9.28695011138916,,
1763074377827,,,,8.626049995422363,-6.229050159454346,1.141050100326538
1763074377833,,34.177068128422725,130.85969470796132,,,
1763074377846,,,,7.405050277709961,-4.89300012588501,1.1220000982284546
1763074377867,,,,,-3.888000249862671,
1763074377868,,,,7.405050277709961,,1.1220000982284546
1763074377877,,32.89030475852479,,,,
1763074377878,,,130.85969470796132,,,
1763074377888,,,129.47823660714286,,,
1763074377890,,,,,-2.8750500679016113,
1763074377891,,,,8.461050033569336,,1.1389501094818115
1763074377904,,,,9.523950576782227,-2.386050224304199,0.1660500019788742
1763074377905,3.0,,,,,
1763074377913,,61.29406533580387,129.47823660714286,,,
1763074377923,,,,,-2.7460501194000244,
1763074377924,,,,9.237000465393066,,-3.259050130844116
1763074377957,,52.563791385301656,129.47823660714286,8.008950233459473,-3.2989501953125,-3.249000072479248
1763074377980,,,,6.514950275421143,-3.6510002613067627,-3.2560501098632812
1763074377982,4.0,,,5.919000148773193,-3.655050277709961,-3.252000093460083
1763074377993,,50.06007023668437,129.47823660714286,,,
1763074378002,,,,5.940000057220459,-3.118950128555298,-3.2370002269744873
1763074378006,4.0,,,,,
1763074378023,,,,6.450000286102295,-2.508000135421753,-3.249000072479248
1763074378037,,44.831995206552556,,,,
1763074378040,,,,,-2.0779500007629395,
1763074378041,,,,6.874050140380859,,-2.848950147628784
1763074378066,,,,7.4410505294799805,-1.711050033569336,-2.8470001220703125
1763074378077,,35.862018901647666,,,,
1763074378081,,,179.50558035714286,,,
1763074378087,,,,7.800000190734863,-1.7179501056671143,-2.8399500846862793
1763074378106,,,,8.72700023651123,-1.963050127029419,-2.8350000381469727
1763074378107,4.0,,,,,
1763074378113,,35.35613271479283,179.50558035714286,,,
1763074378118,,,,,-2.608950138092041,
1763074378119,,,,9.690000534057617,,-2.8350000381469727
1763074378138,,,,10.939050674438477,-2.9040000438690186,-2.8279502391815186
1763074378153,,34.92630937307574,179.50558035714286,,,
1763074378157,,,,11.931000709533691,-2.91795015335083,-2.8369500637054443
1763074378159,,,113.454833984375,,,
1763074378178,,,,12.520051002502441,-2.9250001907348633,-2.830050230026245
1763074378193,,50.44170781174572,113.454833984375,,,
1763074378197,,,,12.994050979614258,-2.5009500980377197,-2.8470001220703125
1763074378199,2.0,,,,,
1763074378218,,,,12.994050979614258,-2.5230000019073486,-2.848950147628784
1763074378219,2.0,,,,,
1763074378237,,67.2199101428078,113.454833984375,,,
1763074378238,,,,,-3.1330502033233643,
1763074378239,,,,13.006051063537598,,-2.8369500637054443
1763074378255,,,,13.015050888061523,-4.125,-2.8279502391815186
1763074378274,,,,13.360050201416016,-4.441050052642822,-2.8470001220703125
1763074378277,,70.35445484063627,113.454833984375,,,
1763074378280,,,167.265625,,,
1763074378301,,,,,-4.1170501708984375,-2.8350000381469727
1763074378302,,,,13.927050590515137,,
1763074378313,,80.60478414989143,167.265625,,,
1763074378325,,,,14.329950332641602,-3.457050085067749,-2.848950147628784
1763074378326,2.0,,,,,
1763074378333,,,,14.911050796508789,-3.0180001258850098,-2.83305025100708
1763074378352,,,,14.623950958251953,-3.0180001258850098,-2.83305025100708
1763074378353,,62.48484037637163,167.265625,,,
1763074378357,,,212.05078125,,,
1763074378372,,,,14.236050605773926,-3.7009501457214355,-2.845050096511841
1763074378391,,,,,-4.483950138092041,
1763074378392,,,,13.575000762939453,,-2.8279502391815186
1763074378393,,63.699492115115895,212.05078125,,,
1763074378412,,,,12.850050926208496,-5.418000221252441,-2.1310501098632812
1763074378432,2.0,,,12.096000671386719,-6.0420002937316895,-2.1310501098632812
1763074378433,,44.605450816731604,212.05078125,,,
1763074378452,,,,11.694000244140625,-6.054000377655029,-1.5709500312805176
1763074378472,,,,11.2339506149292,-5.712000370025635,-1.5660001039505005
1763074378473,,44.380693808911246,,,,
1763074378491,,,,,-5.1160502433776855,
1763074378492,,,,10.450950622558594,,-1.5640500783920288
1763074378508,,,,9.63900089263916,-4.872000217437744,-1.5679501295089722
1763074378513,,48.2684289867753,,,,
1763074378521,,,382.91015625,,,
1763074378535,2.0,,,9.028950691223145,-4.891050338745117,-1.5490500926971436
1763074378553,,41.761427115330285,382.91015625,,,
1763074378556,,,,8.317950248718262,-4.89300012588501,-1.111050009727478
1763074378566,,,,,-5.452950477600098,
1763074378567,,,,7.3690505027771,,-0.7950000166893005
1763074378586,,,,6.658050537109375,-5.452950477600098,-0.42195001244544983
1763074378593,,42.01147555807345,382.91015625,,,
1763074378605,,,,,-5.928000450134277,
1763074378606,,,,5.875050067901611,,-0.1489500105381012
1763074378625,,,,5.193000316619873,-6.2220001220703125,-0.13695000112056732
1763074378638,,39.68495893646747,382.91015625,,,
1763074378646,3.0,,,5.205000400543213,-6.508950233459473,-0.13695000112056732
1763074378647,3.0,,,,,
1763074378667,,,,5.659950256347656,-6.754050254821777,-0.13199999928474426
1763074378673,,35.902727671486524,,,,
1763074378688,,,,6.357000350952148,-7.249050140380859,-0.13905000686645508
1763074378707,,,,7.125000476837158,-7.2709503173828125,-0.14100000262260437
1763074378714,,36.777157113359074,,,,
1763074378720,,,96.3823009672619,,,
1763074378730,,,,7.3690505027771,-7.2709503173828125,-0.817050039768219
1763074378742,,,,7.009950160980225,-7.5360002517700195,-1.2619500160217285
1763074378751,3.0,,,,,
1763074378753,,35.29405544630017,96.3823009672619,,,
1763074378771,,,,7.027050495147705,-8.406000137329102,-1.2450000047683716
1763074378792,,,,7.82895040512085,-9.799050331115723,-1.2400500774383545
1763074378794,,39.605658488982016,96.3823009672619,,,
1763074378799,,,120.9097900390625,,,
1763074378800,,,120.9097900390625,,-10.933950424194336,-1.2550500631332397
1763074378801,,,,8.806050300598145,,
1763074378820,,,,8.806050300598145,-10.951050758361816,-1.2619500160217285
1763074378837,,36.632656138710416,,,,
1763074378838,,,120.9097900390625,,,
1763074378840,,,,8.806050300598145,-9.634050369262695,-1.2619500160217285
1763074378854,3.0,,,,,
1763074378859,,,,9.237000465393066,-6.933000564575195,-1.2570000886917114
1763074378874,,51.14080467115428,120.9097900390625,,,
1763074378880,,,,10.623000144958496,-5.022000312805176,-1.2520500421524048
1763074378898,,,,11.952000617980957,-4.146000385284424,-1.2430500984191895
1763074378914,,47.39547405466438,120.9097900390625,,,
1763074378918,,,126.3515625,,,
1763074378920,,,,,-3.3420002460479736,-1.2570000886917114
1763074378921,,,,12.706050872802734,,
1763074378939,,,,12.718050956726074,-2.3430001735687256,-1.2499500513076782
1763074378953,,43.295674869342065,126.3515625,,,
1763074378958,,,,,-1.7470500469207764,
1763074378959,,,,11.859000205993652,,-1.2480000257492065
1763074378960,3.0,,,,,
1763074378981,,,,11.860950469970703,-1.4959501028060913,-1.2600001096725464
1763074378993,,40.38242004665045,126.3515625,,,
1763074379001,,,,,-0.9430500268936157,-1.2619500160217285
1763074379002,,,,11.859000205993652,,
1763074379022,,,,11.241000175476074,-0.9430500268936157,-2.584050178527832
1763074379037,,36.992900923606726,,,,
1763074379042,,,,10.46505069732666,-0.9550500512123108,-3.4669501781463623
1763074379054,,,,9.883050918579102,-0.1380000114440918,-3.4810502529144287
1763074379062,3.0,,,,,
1763074379067,2.0,,,,,
1763074379073,,40.559367954910634,,8.827950477600098,-0.1360500007867813,-3.970050096511841
1763074379077,,,161.3427734375,,,
1763074379093,,,,,-0.12105000764131546,
1763074379103,,,,8.253000259399414,,-4.579950332641602
1763074379112,,,,,-0.14805001020431519,
1763074379113,,,,7.678050518035889,,-4.585050106048584
1763074379114,,53.690351457549575,161.3427734375,,,
1763074379132,,,,,-0.5329500436782837,
1763074379133,,,,7.405050277709961,,-4.558950424194336
1763074379151,,,,,-0.5359500050544739,-4.579950332641602
1763074379152,,,,7.405050277709961,,
1763074379153,,54.53908375514901,161.3427734375,,,
1763074379167,2.0,,,,,
1763074379171,,,,7.426950454711914,-0.5329500436782837,-4.558950424194336
1763074379190,,,,,-0.544950008392334,-4.570950031280518
1763074379192,,,,7.414950370788574,,
1763074379194,,49.3243777676138,161.3427734375,,,
1763074379210,,,,,-1.480950117111206,
1763074379211,,,,8.124000549316406,,-4.236000061035156
1763074379232,,,,9.108000755310059,-2.5950000286102295,-4.236000061035156
1763074379233,,46.446967422105786,,,,
1763074379250,,,,,-3.306000232696533,
1763074379251,,,,10.156050682067871,,-4.219050407409668
1763074379270,,,,,-3.579000234603882,
1763074379271,,,,10.996950149536133,,-4.2330002784729
1763074379272,2.0,,,,,
1763074379273,,55.68581243144336,,,,
1763074379278,,,148.7493896484375,,,
1763074379292,,,,,-3.5910000801086426,-4.2210001945495605
1763074379293,,,,11.47095012664795,,
1763074379307,,,,,-3.5880000591278076,-3.7110002040863037
1763074379308,,,,11.872950553894043,,
1763074379317,,48.54504766472517,148.7493896484375,,,
1763074379334,,,,13.015050888061523,-4.642050266265869,-3.358950138092041
1763074379354,,47.58132893208217,148.7493896484375,,,
1763074379356,,,,13.021950721740723,-4.660950183868408,-3.015000104904175
1763074379381,,,,,-5.181000232696533,
1763074379382,2.0,,,14.674050331115723,,-2.634000062942505
1763074379385,,,,16.765050888061523,-5.181000232696533,-2.1889500617980957
1763074379393,,47.043506020529904,,,,
1763074379404,,,,,-3.535950183868408,-2.180999994277954
1763074379405,,,,18.826051712036133,,
1763074379424,,,,,-0.9640500545501709,-2.1670501232147217
1763074379425,,,,18.574951171875,,
1763074379433,,62.51472093528292,,,,
1763074379444,,,,16.261951446533203,0.6079500317573547,-2.2080001831054688
1763074379466,,,,,0.6220500469207764,
1763074379467,,,,14.875950813293457,,-2.1979501247406006
1763074379473,,46.59841542117239,,,,
1763074379480,,,75.4248046875,,,
1763074379488,,,,14.005950927734375,-0.7060500383377075,-2.1859500408172607
1763074379490,2.0,,,,,
1763074379512,,,,13.201951026916504,-2.5009500980377197,-2.1859500408172607
1763074379513,,46.89616734959692,75.4248046875,,,
1763074379532,,,,12.462000846862793,-3.9379501342773438,-2.1859500408172607
1763074379541,,,,,-4.785000324249268,
1763074379542,,,,11.22705078125,,-2.176950216293335
1763074379555,,67.51103780504178,75.4248046875,,,
1763074379572,,,,9.790050506591797,-5.094000339508057,-2.1790502071380615
1763074379580,,,,8.224050521850586,-5.11305046081543,-2.184000015258789
1763074379590,2.0,,,,,
1763074379594,,62.2701079346875,,,,
1763074379599,,,,6.6660003662109375,-5.596950054168701,-2.1790502071380615
1763074379619,,,,5.7960004806518555,-5.616000175476074,-1.8720000982284546
1763074379633,,49.76705035874736,,,,
1763074379637,,,128.26123046875,,,
1763074379638,,,,,-5.614050388336182,-1.870050072669983
1763074379639,,,,4.984950065612793,,
1763074379658,,,,4.539000034332275,-5.611050128936768,-1.8720000982284546
1763074379673,,43.67752595189819,128.26123046875,,,
1763074379679,,,,,-5.611050128936768,-1.8720000982284546
1763074379690,2.0,,,,,
1763074379698,,,,4.539000034332275,-5.611050128936768,-1.3980001211166382
1763074379714,,40.64019024421497,128.26123046875,,,
1763074379716,,,,4.999050140380859,-5.949000358581543,-0.817050039768219
1763074379736,,,,5.401050090789795,-6.38700008392334,-0.8070000410079956
1763074379753,,41.54517939419445,128.26123046875,,,
1763074379755,,,,,-6.409050464630127,
1763074379756,,,,6.442950248718262,,-0.8089500665664673
1763074379759,,,173.92961774553572,,,
1763074379775,,,,7.1610002517700195,-6.9120001792907715,-0.8089500665664673
1763074379790,2.0,,,,,
1763074379795,,39.220375573407466,173.92961774553572,,,
1763074379798,,,,7.756950378417969,-7.213050365447998,-0.7950000166893005
1763074379814,,,,8.03700065612793,-7.2300004959106445,-0.8020500540733337
1763074379833,,39.104057653539584,,,-7.234950542449951,
1763074379834,,,173.92961774553572,8.056950569152832,,-0.7969500422477722
1763074379853,,,,8.056950569152832,-7.234950542449951,-0.7969500422477722
1763074379872,,,,,-7.219950199127197,
1763074379873,,37.40762019170125,,8.842050552368164,,-0.8119500279426575
1763074379891,2.0,,,,,
1763074379892,,,,9.84795093536377,-7.600950241088867,-0.814050018787384
1763074379913,,37.75340639416753,,,,
1763074379916,,,,10.450950622558594,-7.603950500488281,-0.8119500279426575
1763074379919,,,118.6279296875,,,
1763074379931,,,,10.45305061340332,-7.098000526428223,-0.814050018787384
1763074379935,3.0,,,,,
1763074379950,,,,,-5.755050182342529,
1763074379951,,,,10.033950805664062,,-0.817050039768219
1763074379953,,37.61440875862249,118.6279296875,,,
1763074379970,,,,10.336050033569336,-3.808950185775757,-0.7999500632286072
1763074379989,,,,10.981950759887695,-2.4439501762390137,-0.7999500632286072
1763074379993,,37.09755114838304,118.6279296875,,,
1763074379999,3.0,,,,,
1763074380009,,,,11.557050704956055,-1.6320000886917114,-1.3980001211166382
1763074380038,,37.06080971890021,118.6279296875,12.07395076751709,-1.1290500164031982,-1.3789501190185547
1763074380046,,,147.78201439267113,,,
1763074380056,,,,,-0.8059500455856323,
1763074380057,,,,12.081000328063965,,-1.6789500713348389
1763074380067,,,,11.773050308227539,-0.4330500066280365,-2.0380501747131348
1763074380078,,49.081010680086614,147.78201439267113,,,
1763074380086,,,,,-0.022950001060962677,
1763074380087,,,,11.76300048828125,,-2.0470499992370605
1763074380099,3.0,,,,,
1763074380106,,,,10.522950172424316,-0.0019500000635161996,-2.5480501651763916
1763074380117,,47.78316405984874,147.78201439267113,,,
1763074380122,,,88.98606073288691,,,
1763074380123,,,88.98606073288691,,,
1763074380126,,,,9.438000679016113,-0.3540000021457672,-3.7830002307891846
1763074380145,,,,,-0.3750000298023224,
1763074380146,,,,8.296050071716309,,-3.7759501934051514
1763074380152,1.0,,,,,
1763074380157,,42.35434895645586,88.98606073288691,,,
1763074380165,,,,7.3909502029418945,-0.361050009727478,-3.766050100326538
1763074380184,,,,6.880950450897217,-0.361050009727478,-3.766050100326538
1763074380193,,39.46975317073209,88.98606073288691,,,
1763074380206,1.0,,,6.414000511169434,-0.35805001854896545,-4.035000324249268
1763074380223,,,,6.421050071716309,-0.8059500455856323,-4.027050018310547
1763074380238,,38.7181436815741,,,,
1763074380243,,,,,-0.8250000476837158,
1763074380244,,,,6.4170002937316895,,-4.0320000648498535
1763074380264,,,,,-0.8250000476837158,
1763074380265,,,,6.4170002937316895,,-4.0320000648498535
1763074380276,,39.196867848941295,,,,
1763074380282,,,,,-0.8110500574111938,
1763074380283,,,,6.831000328063965,,-4.023000240325928
1763074380301,,,,,-1.582050085067749,-4.018050193786621
1763074380302,,,,7.6210503578186035,,
1763074380307,1.0,,,,,
1763074380316,,38.84397444040266,,,,
1763074380321,,,128.25390625,9.1360502243042,-2.5950000286102295,-3.7110002040863037
1763074380340,,,,10.522950172424316,-3.198000192642212,-3.7069501876831055
1763074380353,,37.158122608931954,128.25390625,,,
1763074380360,,,,,-3.2029502391815186,-3.388050079345703
1763074380361,,,,11.722050666809082,,
1763074380369,2.0,,,,,
1763074380380,,,,12.261000633239746,-3.198000192642212,-3.072000026702881
1763074380393,,58.76022023972371,,,,
1763074380394,,,128.25390625,,,
1763074380400,,,94.47894577752976,12.706050872802734,-2.4940500259399414,-3.052950143814087
1763074380408,2.0,,,,,
1763074380418,,,,13.18005084991455,-3.1840500831604004,-3.0580501556396484
1763074380437,,74.8742713367176,94.47894577752976,,,
1763074380438,,,,13.446001052856445,-3.4780502319335938,-3.049950122833252
1763074380457,,,,,-4.024050235748291,
1763074380458,,,,13.747950553894043,,-3.0550501346588135
1763074380473,,53.638514619754396,94.47894577752976,,,
1763074380477,,,,14.100000381469727,-3.457050085067749,-3.072000026702881
1763074380501,,,,,-2.479950189590454,-3.0670502185821533
1763074380502,,,,14.104950904846191,,
1763074380512,2.0,,,,,
1763074380513,,69.15582351505168,,,,
1763074380520,,,,13.719000816345215,-1.5600000619888306,-3.052950143814087
1763074380537,,,,13.030050277709961,-1.2660000324249268,-3.358950138092041
1763074380553,,68.89453468403524,,,,
1763074380554,,,,,-1.696950078010559,
1763074380555,,,,12.261000633239746,,-3.346950054168701
1763074380574,,,,11.758050918579102,-2.386050224304199,-3.3520500659942627
1763074380593,,50.961905309897446,,,,
1763074380594,,,,11.77500057220459,-2.7310500144958496,-3.9910502433776855
1763074380599,,,486.07574462890625,,,
1763074380618,,,,10.882050514221191,-2.9830501079559326,-3.9870002269744873
1763074380619,2.0,,,,,
1763074380632,,,,,-2.9830501079559326,
1763074380634,,,,9.94800090789795,,-3.9870002269744873
1763074380638,,38.84572861473239,,,,
1763074380639,,,486.07574462890625,,,
1763074380652,,,,8.77695083618164,-2.989950180053711,-3.9790501594543457
1763074380671,,,,,-2.9920501708984375,
1763074380672,,,,7.699950218200684,,-3.976950168609619
1763074380673,,55.03787977950343,486.07574462890625,,,
1763074380691,,,,6.658050537109375,-3.255000114440918,-3.976950168609619
1763074380714,,50.48918132685951,,,,
1763074380715,,,,5.8470001220703125,-3.255000114440918,-3.976950168609619
1763074380730,,,,,-3.5430002212524414,
1763074380731,,,,5.2860002517700195,,-3.4669501781463623
1763074380732,2.0,,,,,
1763074380750,,,,5.296050071716309,-3.5620501041412354,-2.9640002250671387
1763074380753,,42.605772750225995,,,,
1763074380759,,,118.99076334635416,,,
1763074380769,,,,5.301000118255615,-3.5430002212524414,-2.410950183868408
1763074380788,,,,,-3.547950267791748,
1763074380789,,,,5.305950164794922,,-1.6350001096725464
1763074380793,,42.420803639285594,118.99076334635416,,,
1763074380808,,,,5.293950080871582,-3.559950113296509,-1.6279500722885132
1763074380830,,,,,-4.1170501708984375,
1763074380831,,,,5.8470001220703125,,-1.390950083732605
1763074380832,2.0,,,,,
1763074380837,,41.76740459094824,118.99076334635416,,,
1763074380848,,,,6.550950527191162,-4.1170501708984375,-1.377000093460083
1763074380866,,,,,-4.836000442504883,
1763074380867,,,,7.6210503578186035,,-1.377000093460083
1763074380873,,49.82890878073387,118.99076334635416,,,
1763074380878,,,123.140869140625,,,
1763074380879,,,123.140869140625,,,
1763074380886,,,,8.907000541687012,-5.725950241088867,-1.3720500469207764
1763074380905,,,,,-5.728950500488281,
1763074380906,,,,9.87600040435791,,-1.3699500560760498
1763074380913,,52.307038446624375,123.140869140625,,,
1763074380925,,,,10.177950859069824,-5.736000061035156,-1.0900501012802124
1763074380933,2.0,,,,,
1763074380949,,,,,-6.20805025100708,
1763074380950,,,,10.200000762939453,,-1.068000078201294
1763074380953,,49.81741187599204,,,,
1763074380954,,,123.140869140625,,,
1763074380964,,,,,-6.567000389099121,
1763074380965,,,,10.200000762939453,,-1.068000078201294
1763074380983,,,,,-7.198950290679932,
1763074380984,,,,11.442000389099121,,-1.081950068473816
1763074380993,,47.53996970382595,,,,
1763074381003,,,,11.449050903320312,-7.630050182342529,-0.831000030040741
1763074381022,,,,10.831950187683105,-7.960050582885742,-0.8290500640869141
1763074381033,2.0,,,,,
1763074381037,,48.88704907301342,,,,
1763074381042,,,159.048583984375,9.733050346374512,-7.291950225830078,-0.8260500431060791
1763074381066,,,,8.835000038146973,-5.698050498962402,-0.5359500050544739
1763074381073,,48.48226062683641,159.048583984375,,,
1763074381084,,,,9.754050254821777,-4.339950084686279,-0.5149500370025635
1763074381100,,,,10.321950912475586,-3.6510002613067627,-0.534000039100647
1763074381114,,55.25772573895103,159.048583984375,,,
1763074381120,,,,10.326000213623047,-3.2700002193450928,-0.5320500135421753
1763074381133,2.0,,,,,
1763074381139,,,,10.342950820922852,-2.8320000171661377,-0.5149500370025635
1763074381154,,62.93796849355083,159.048583984375,,,
1763074381159,,,,,-2.8440001010894775,
1763074381160,,,,9.62505054473877,,-0.5269500017166138
1763074381178,,,,9.631950378417969,-2.8410000801086426,-0.5290500521659851
1763074381193,,55.6007325601105,,,,
1763074381198,,,,9.180000305175781,-2.845950126647949,-0.9030000567436218
1763074381217,,,,8.740950584411621,-2.4079501628875732,-2.0160000324249268
1763074381233,2.0,,,,,
1763074381236,,,,8.76300048828125,-1.8979500532150269,-1.9950001239776611
1763074381238,,63.98306108153594,,,,
1763074381241,,,215.33203125,,,
1763074381256,,,,,-1.3300501108169556,
1763074381258,,,,8.746050834655762,,-2.01104998588562
1763074381276,,,,9.301950454711914,-1.3380000591278076,-2.302950143814087
1763074381278,,55.77592827244708,215.33203125,,,
1763074381306,,,,,-0.8059500455856323,-2.584050178527832
1763074381307,,,,9.309000015258789,,
1763074381313,,52.23082124194002,215.33203125,,,
1763074381323,,,,9.63900089263916,-0.8209500312805176,-2.562000036239624
1763074381332,2.0,,,,,
1763074381334,,,,9.654000282287598,-0.8130000233650208,-2.5690500736236572
1763074381353,,64.9812914586847,,,,
1763074381354,,,,9.301950454711914,-0.8179500102996826,-2.5639500617980957
1763074381373,,,,9.31605052947998,-1.1010000705718994,-2.5690500736236572
1763074381393,,65.55695402655574,,9.790050506591797,-1.5100500583648682,-2.5669500827789307
1763074381397,,,181.0791015625,,,
1763074381413,,,,,-1.998000144958496,
1763074381414,,,,10.243050575256348,,-2.8780500888824463
1763074381431,,,,,-2.0080502033233643,
1763074381432,,,,10.824000358581543,,-3.280050039291382
1763074381433,2.0,65.04819738285721,181.0791015625,,,
1763074381451,,,,11.398950576782227,-2.001000165939331,-3.697050094604492
1763074381470,,,,,-1.7329500913619995,
1763074381471,,,,12.175050735473633,,-3.697050094604492
1763074381473,,68.44219667908494,181.0791015625,,,
1763074381490,,,,,-1.4100000858306885,
1763074381491,,,,12.448050498962402,,-3.6850502490997314
1763074381509,,,,,-1.4170501232147217,
1763074381510,,,,12.691950798034668,,-3.6780002117156982
1763074381517,,77.80073551042022,181.0791015625,,,
1763074381521,,,210.33203125,,,
1763074381531,,,,,-2.4940500259399414,
1763074381532,,,,12.711000442504883,,-3.6780002117156982
1763074381534,2.0,,,,,
1763074381549,,,,13.116000175476074,-2.997000217437744,-3.6780002117156982
1763074381553,,68.74245521285216,210.33203125,,,
1763074381568,,,,13.884000778198242,-2.998950242996216,-3.6750001907348633
1763074381587,,,,,-2.6020500659942627,
1763074381588,,,,14.911050796508789,,-3.690000057220459
1763074381593,,52.25529868079404,,,,
1763074381594,,,210.33203125,,,
1763074381597,,,174.765625,,,
1763074381607,,,,15.357000350952148,-2.1280500888824463,-3.6850502490997314
1763074381626,,,,,-1.7830500602722168,-3.6949501037597656
1763074381627,,,,15.3589506149292,,
1763074381635,2.0,,,,,
1763074381637,,46.60334816157718,174.765625,,,
1763074381652,,,,15.373950958251953,-2.227950096130371,-3.67995023727417
1763074381665,,,,14.868000984191895,-3.1330502033233643,-3.2440502643585205
1763074381673,,43.536773994006424,174.765625,,,
1763074381678,,,135.25472005208331,,,
1763074381685,,,,14.878050804138184,-4.017000198364258,-3.2350502014160156
1763074381704,,,,14.17905044555664,-4.741950035095215,-3.2280001640319824
1763074381714,,43.723247769709204,135.25472005208331,,,
1763074381724,,,,13.021950721740723,-5.008050441741943,-2.433000087738037
1763074381736,2.0,,,,,
1763074381743,,,,,-5.017950057983398,
1763074381745,,,,11.658000946044922,,-2.095050096511841
1763074381753,,41.91162181564421,,,,
1763074381754,,,135.25472005208331,,,
1763074381764,,,,10.522950172424316,-5.026950359344482,-2.0809500217437744
1763074381783,,,,9.690000534057617,-5.025000095367432,-2.083050012588501
1763074381793,,47.623873350943036,135.25472005208331,,,
1763074381800,,,79.23146565755209,,,
1763074381802,,,,8.770050048828125,-5.014950275421143,-1.8510000705718994
1763074381821,,,,7.71405029296875,-5.3959503173828125,-1.606950044631958
1763074381836,2.0,,,,,
1763074381838,,43.59339565873534,79.23146565755209,,,
1763074381841,,,,6.687000274658203,-5.776950359344482,-1.3270500898361206
1763074381860,,,,6.421050071716309,-5.7960004806518555,-1.3099501132965088
1763074381873,,39.107286789879,79.23146565755209,,,
1763074381881,,,,5.904000282287598,-5.788950443267822,-1.3170000314712524
1763074381889,1.0,,,,,
1763074381900,,,,5.422950267791748,-5.7960004806518555,-1.3099501132965088
1763074381913,,38.03564291756278,,,,
1763074381919,,,,5.128050327301025,-5.785950183868408,-1.3189500570297241
1763074381937,1.0,,,,,
1763074381938,,,,5.48805046081543,-6.307950496673584,-0.9600000381469727
1763074381954,,37.46413181593511,,,,
1763074381958,,,,5.998050212860107,-6.933000564575195,-0.9550500512123108
1763074381959,,,182.04854910714286,,,
1763074381977,,,,6.529050350189209,-7.213050365447998,-0.9390000700950623
1763074381994,,38.60432876088122,182.04854910714286,,,
1763074381998,,,,,-7.228050231933594,-0.9480000734329224
1763074382016,,,,,-6.760950088500977,
1763074382017,,,,6.94605016708374,,-0.9600000381469727
1763074382034,,37.177183723307095,182.04854910714286,,,
1763074382036,,,,6.948000431060791,-6.763050556182861,-0.9580500721931458
1763074382052,1.0,,,,,
1763074382055,,,,7.591950416564941,-6.772950172424316,-0.9480000734329224
1763074382073,,37.73436113028455,182.04854910714286,,,
1763074382074,,,,,-6.777000427246094,
1763074382075,,,,8.583000183105469,,-0.9439500570297241
1763074382080,,,97.11859809027779,,,
1763074382094,,,,9.402000427246094,-7.327950477600098,-0.47895002365112305
1763074382105,2.0,,,,,
1763074382113,,39.296908177234485,97.11859809027779,,,
1763074382117,,,,10.177950859069824,-7.338000297546387,-0.47700002789497375
1763074382134,,,,9.84795093536377,-6.889950275421143,-0.46905001997947693
1763074382152,2.0,,,,-5.884050369262695,
1763074382153,,37.748280576964525,97.11859809027779,9.856950759887695,,-0.46905001997947693
1763074382172,,,,10.566000938415527,-4.879050254821777,-0.46905001997947693
1763074382191,,,,,-3.2700002193450928,
1763074382192,,,,11.844000816345215,,-0.4740000367164612
1763074382193,,35.87476535877856,,,,
1763074382211,,,,11.527950286865234,-2.2360501289367676,-0.47895002365112305
1763074382230,,,,,-2.2380001544952393,
1763074382232,,,,10.422000885009766,,-0.47700002789497375
1763074382234,,40.02428104669367,,,,
1763074382244,,,153.01080322265625,,,
1763074382250,,,,,-2.616000175476074,
1763074382251,,,,9.961950302124023,,-0.45705002546310425
1763074382269,2.0,,,9.982050895690918,-3.1410000324249268,-0.7590000629425049
1763074382273,,35.88447473015298,153.01080322265625,,,
1763074382289,,,,9.964950561523438,-3.7219502925872803,-1.225950002670288
1763074382308,,,,9.08595085144043,-4.052999973297119,-2.7490501403808594
1763074382314,,44.02653504702692,153.01080322265625,,,
1763074382340,,,,,-4.052999973297119,
1763074382341,,,,8.368050575256348,,-2.7270002365112305
1763074382354,,43.092592145155166,153.01080322265625,,,
1763074382365,,,,8.370000839233398,-2.9320502281188965,-2.7460501194000244
1763074382369,,,,8.713050842285156,-1.9840500354766846,-2.7370500564575195
1763074382371,2.0,,,,,
1763074382387,,,,8.731950759887695,-1.27305006980896,-2.7300000190734863
1763074382397,,54.357538848600065,,,,
1763074382406,,,,8.253000259399414,-1.27305006980896,-2.7300000190734863
1763074382425,,,,,-1.9840500354766846,
1763074382426,,,,7.7500505447387695,,-2.02305006980896
1763074382434,,48.96545369325442,,,,
1763074382439,,,311.9345703125,,,
1763074382455,,,,,-1.9960501194000244,
1763074382456,,,,8.052000045776367,,-2.02305006980896
1763074382473,,42.2553798111107,311.9345703125,,,
1763074382475,2.0,,,8.539950370788574,-1.9870500564575195,-2.0089499950408936
1763074382494,,,,8.971050262451172,-1.9890000820159912,-2.007000207901001
1763074382503,,,,,-2.5159502029418945,
1763074382504,,,,9.94800090789795,,-2.007000207901001
1763074382513,,42.97178459784664,311.9345703125,,,
1763074382522,,,,,-2.8750500679016113,
1763074382523,,,,11.040000915527344,,-2.007000207901001
1763074382542,,,,12.232050895690918,-2.479950189590454,-2.0190000534057617
1763074382555,,48.21988498886998,,,,
1763074382572,,,,13.510951042175293,-1.8259501457214355,-2.0020501613616943
1763074382576,2.0,,,,,
1763074382593,,74.24211219440899,,,,
1763074382594,,,,14.4660005569458,-1.2799500226974487,-2.863950252532959
1763074382600,,,,,-0.9070500135421753,
1763074382601,,,,14.976000785827637,,-2.851950168609619
1763074382620,,,,,-0.9109500646591187,
1763074382621,,,,15.393000602722168,,-2.8470001220703125
1763074382634,,70.15010717024789,,,,
1763074382637,,,318.388671875,,,
1763074382639,,,,,-0.922950029373169,
1763074382640,,,,15.141000747680664,,-2.8590002059936523
1763074382659,,,,15.157950401306152,-1.366050124168396,-2.8470001220703125
1763074382676,2.0,,,,,
1763074382677,,57.494002268611766,318.388671875,,,
1763074382683,,,,16.009950637817383,-1.3759500980377197,-2.860950231552124
1763074382700,,,,,-1.38795006275177,
1763074382701,,,,17.137950897216797,,-3.129000186920166
1763074382713,,65.43969924708634,318.388671875,,,
1763074382716,,,215.64453125,,,
1763074382717,,,215.64453125,,,
1763074382719,,,,,-1.366050124168396,-3.112950086593628
1763074382720,,,,17.5260009765625,,
1763074382738,,,,16.792951583862305,-1.6819500923156738,-3.1080000400543213
1763074382753,,61.75400233882939,,,,
1763074382754,,,215.64453125,,,
1763074382756,,,,15.939001083374023,-2.8320000171661377,-3.1080000400543213
1763074382776,,,,,-3.945000171661377,
1763074382778,2.0,,,15.277950286865234,,-3.120000123977661
1763074382793,,53.13766246853305,215.64453125,,,
1763074382796,,,230.3955078125,,,
1763074382805,,,,13.834051132202148,-4.9870500564575195,-2.584050178527832
1763074382825,,,,12.217950820922852,-5.48205041885376,-2.5690500736236572
1763074382837,,42.0283568276179,,,,
1763074382838,,,230.3955078125,,,
1763074382844,,,,,-5.485050201416016,-2.5669500827789307
1763074382845,,,,10.96095085144043,,
1763074382854,,,,9.919050216674805,-5.499000072479248,-2.5759501457214355
1763074382873,,49.32002167661443,230.3955078125,,-4.972050189971924,
1763074382874,,,,8.928000450134277,,-2.5759501457214355
1763074382882,2.0,,,,,
1763074382893,,,,8.160000801086426,-4.975050449371338,-2.0590500831604004
1763074382913,,61.21168865332119,230.3955078125,,,
1763074382914,,,,7.663950443267822,-5.27400016784668,-0.8449500203132629
1763074382932,,,,7.183050155639648,-5.283000469207764,-0.8380500674247742
1763074382951,,,,,-5.5759501457214355,-0.5719500184059143
1763074382952,,,,6.6220502853393555,,
1763074382953,,44.346134256982246,,,,
1763074382971,,,,6.285000324249268,-5.587950229644775,-0.5719500184059143
1763074382973,1.0,,,,,
1763074382984,1.0,,,,,
1763074382990,,,,,-6.265050411224365,
1763074382991,,,,6.292050361633301,,-0.5650500059127808
1763074382993,,43.690091275744926,,,,
1763074382997,,,150.31575520833331,,,
1763074383010,,,,,-6.610050201416016,
1763074383011,,,,6.301950454711914,,-0.32805001735687256
1763074383032,,,,,-6.853950500488281,-0.30705001950263977
1763074383033,,,,6.01200008392334,,
1763074383037,,41.32367215659598,,,,
1763074383038,,,150.31575520833331,,,
1763074383051,,,,6.0169501304626465,-7.14900016784668,-0.32295000553131104
1763074383069,,,,6.031050205230713,-7.594050407409668,-0.30900001525878906
1763074383073,,41.917881314286554,150.31575520833331,,,
1763074383087,1.0,,,,,
1763074383088,,,,6.0259504318237305,-7.612950325012207,-0.3139500021934509
1763074383107,,,,,-7.6080002784729,-0.31905001401901245
1763074383108,,,,6.021000385284424,,
1763074383114,,39.17029224660884,,,,
1763074383127,,,,6.033000469207764,-7.5960001945495605,-0.30705001950263977
1763074383154,,,,,-7.6110005378723145,-0.3160500228404999
1763074383155,,,,7.246950149536133,,
1763074383157,,39.56688350033714,,,,
1763074383174,,,,8.080950736999512,-7.5960001945495605,-0.30705001950263977
1763074383185,,,,8.863950729370117,-8.169000625610352,-0.30900001525878906
1763074383187,1.0,,,,,
1763074383190,2.0,,,,,
1763074383193,,39.85615041192156,,,,
1763074383199,,,105.7929416232639,,,
1763074383204,,,,,-7.9170002937316895,
1763074383205,,,,9.345000267028809,,-0.831000030040741
1763074383224,,,,,-7.285050392150879,
1763074383225,,,,9.366000175476074,,-0.8089500665664673
1763074383233,,39.837551707788215,105.7929416232639,,,
1763074383244,,,,10.558950424194336,-6.315000534057617,-0.8209500312805176
1763074383263,,,,,-5.224050045013428,
1763074383264,,,,11.707950592041016,,-0.8119500279426575
1763074383273,,38.950650349578815,105.7929416232639,,,
1763074383278,,,65.259765625,,,
1763074383279,,,65.259765625,,,
1763074383285,,,,12.096000671386719,-4.584000110626221,-0.8290500640869141
1763074383290,2.0,,,,,
1763074383304,,,,12.09795093536377,-4.584000110626221,-0.8290500640869141
1763074383317,,39.66462497643182,65.259765625,,,
1763074383323,,,,11.71500015258789,-4.326000213623047,-0.8239500522613525
1763074383342,,,,11.731950759887695,-4.024050235748291,-0.814050018787384
1763074383353,,45.544723000454894,65.259765625,,,
1763074383360,,,,,-3.6220502853393555,
1763074383361,,,,11.076000213623047,,-1.3410000801086426
1763074383384,,,,10.50105094909668,-2.968050241470337,-1.3270500898361206
1763074383391,2.0,,,,,
1763074383393,,46.58127191998213,,,,
1763074383403,,,,9.53895092010498,-2.4079501628875732,-1.336050033569336
1763074383407,1.0,,,,,
1763074383419,,,,9.115050315856934,-1.7260501384735107,-1.3240500688552856
1763074383433,,43.65096756072888,,,,
1763074383438,,,,,-1.3380000591278076,
1763074383439,,,,9.127050399780273,,-1.3290001153945923
1763074383458,,,,9.3589506149292,-1.3420500755310059,-1.606950044631958
1763074383473,,38.67952932715801,,,,
1763074383476,,,274.619140625,,,
1763074383478,,,,9.376049995422363,-1.078950047492981,-1.590000033378601
1763074383491,1.0,,,,,
1763074383498,,,,,-1.0890001058578491,
1763074383499,,,,,,-1.603950023651123
1763074383500,,,,9.361950874328613,,
1763074383514,,61.049848485653825,274.619140625,,,
1763074383517,,,,9.381000518798828,-1.0840500593185425,-1.585050106048584
1763074383536,,,,9.904950141906738,-1.1010000705718994,-1.5919500589370728
1763074383554,,71.23593582187493,274.619140625,,,
1763074383555,,,,,-1.0890001058578491,
1763074383557,,,151.982421875,,,
1763074383558,,,,10.46505069732666,,-1.603950023651123
1763074383575,,,,11.2339506149292,-1.5750000476837158,-2.052000045776367
1763074383591,1.0,,,,,
1763074383593,,64.55973269910947,151.982421875,,,
1763074383594,,,,,-2.227950096130371,-2.0350501537323
1763074383595,,,,12.247050285339355,,
1763074383617,,,,12.943050384521484,-2.25,-2.0380501747131348
1763074383624,3.0,,,,,
1763074383633,,52.72739878787121,151.982421875,,,
1763074383635,,,,,-1.4310001134872437,
1763074383636,,,,13.52505111694336,,-2.041949987411499
1763074383654,,,,13.52505111694336,-0.7990500330924988,-2.5260000228881836
1763074383672,,,,13.777050971984863,-0.8089500665664673,-2.517000198364258
1763074383673,,67.00951581620195,,,,
1763074383691,3.0,,,,,
1763074383692,,,,14.386950492858887,-1.374000072479248,-2.5260000228881836
1763074383711,,,,,-2.0059502124786377,-2.517000198364258
1763074383712,,,,14.397000312805176,,
1763074383713,,72.31203321186298,,,,
1763074383741,,,,,-2.379000186920166,
1763074383742,,,,14.386950492858887,,-2.5260000228881836
1763074383750,,,,14.896950721740723,-2.3959500789642334,-2.180999994277954
1763074383753,,60.91181899677892,,,,
1763074383757,,,61.04052734375,,,
1763074383758,,,61.04052734375,,,
1763074383771,,,,15.529050827026367,-1.6680001020431519,-2.1739501953125
1763074383789,,,,,-1.3810501098632812,
1763074383791,,,,15.09105110168457,,-2.1739501953125
1763074383793,,67.42815238154914,61.04052734375,,,
1763074383806,3.0,,,,,
1763074383809,,,,13.992000579833984,-1.4020500183105469,-2.176950216293335
1763074383828,,,,,-2.1280500888824463,
1763074383833,,61.8547325470998,61.04052734375,,,
1763074383841,2.0,,,13.144050598144531,,-2.1690001487731934
1763074383849,,,,13.156050682067871,-3.205050230026245,-2.5260000228881836
1763074383867,,,,13.719000816345215,-4.813950061798096,-2.509050130844116
1763074383877,,53.00765514992649,,,,
1763074383887,,,,13.245000839233398,-5.65500020980835,-2.1100502014160156
1763074383906,2.0,,,12.07395076751709,-5.659050464630127,-2.1100502014160156
1763074383913,,66.08140169289739,,,,
1763074383917,,,566.7236328125,,,
1763074383925,,,,,-5.671050071716309,
1763074383926,,,,11.133000373840332,,-1.815000057220459
1763074383945,,,,,-5.6569504737854,-1.7929500341415405
1763074383946,,,,9.769050598144531,,
1763074383953,,51.850756461537856,566.7236328125,,,
1763074383968,,,,,-5.674050331115723,
1763074383969,,,,9.093000411987305,,-1.801050066947937
1763074383988,,,,,-5.928000450134277,
1763074383989,,,,9.868950843811035,,-1.810050129890442
1763074383993,,46.59823232607416,,,,
1763074383994,,,566.7236328125,,,
1763074384004,,,,8.533050537109375,-5.94195032119751,-1.5130500793457031
1763074384007,2.0,,,,,
1763074384023,,,,,-6.229050159454346,
1763074384024,,,,6.838050365447998,,-1.4940000772476196
1763074384037,,45.684548223996,,,,
1763074384042,,,,,-6.247950077056885,
1763074384043,,,,6.594000339508057,,-1.1899501085281372
1763074384071,,,,7.498950481414795,-6.235950469970703,-0.8089500665664673
1763074384073,,47.701780395696744,,,,
1763074384092,,,,8.245950698852539,-6.250950336456299,-0.5149500370025635
1763074384110,,,,7.663950443267822,-6.745950222015381,-0.505050003528595
1763074384111,2.0,,,,,
1763074384113,,44.22260091317975,,,,
1763074384117,,,144.2626953125,,,
1763074384120,,,,,-7.558050155639648,
1763074384121,,,,6.816000461578369,,-0.19200000166893005
1763074384140,,,,6.571950435638428,-7.852950572967529,0.06599999964237213
1763074384155,,39.78725203714232,,,,
1763074384156,,,144.2626953125,,,
1763074384161,,,,5.716950416564941,-7.864050388336182,0.06795000284910202
1763074384185,,,,4.768950462341309,-8.30505084991455,0.07800000160932541
1763074384193,,43.86510724285579,144.2626953125,,,
1763074384198,,,145.732421875,,,
1763074384206,,,,3.907050132751465,-8.30505084991455,0.07800000160932541
1763074384213,2.0,,,,,
1763074384223,,,,,-8.785950660705566,
1763074384224,,,,4.24500036239624,,0.0799500048160553
1763074384233,,44.50072656278148,145.732421875,,,
1763074384237,,,,,-8.800950050354004,
1763074384238,,,,5.73900032043457,,0.07095000147819519
1763074384257,,,,7.219050407409668,-9.469050407409668,0.06795000284910202
1763074384273,,41.99087985716532,145.732421875,,,
1763074384278,,,,8.619000434875488,-9.877950668334961,0.07095000147819519
1763074384279,,,147.18017578125,,,
1763074384300,,,,9.345000267028809,-9.568950653076172,-0.364050030708313
1763074384316,,38.04734076066466,147.18017578125,,,
1763074384320,2.0,,,10.207050323486328,-8.290950775146484,-0.3430500030517578
1763074384339,,,,,-7.048050403594971,-0.364050030708313
1763074384340,,,,11.959050178527832,,
1763074384353,,40.406724495085925,147.18017578125,,,
1763074384362,,,,13.482000350952148,-5.640000343322754,-0.35895001888275146
1763074384374,,,,13.494000434875488,-4.426050186157227,-0.3520500063896179
1763074384393,,37.99895002159778,147.18017578125,,,
1763074384394,,,,13.21605110168457,-3.664950132369995,-1.1539500951766968
1763074384398,,,139.69796316964286,,,
1763074384424,,,,,-3.6720001697540283,
1763074384425,2.0,,,12.405000686645508,,-1.50600004196167
1763074384433,,36.751292739794636,139.69796316964286,11.773050308227539,-3.664950132369995,-1.758000135421753
1763074384452,,,,,-3.6790502071380615,
1763074384453,,,,11.076000213623047,,-1.420050024986267
1763074384472,,,,9.675000190734863,-3.68595027923584,-1.1539500951766968
1763074384473,,39.38802024434069,139.69796316964286,,,
1763074384481,,,180.19141787574404,,,
1763074384492,,,,8.605050086975098,-3.1410000324249268,-0.7159500122070312
1763074384511,,,,8.016000747680664,-2.6020500659942627,-1.0030500888824463
1763074384514,,38.003808402025655,180.19141787574404,,,
1763074384525,2.0,,,,,
1763074384533,,,,8.032950401306152,-2.0850000381469727,-0.987000048160553
1763074384552,,,,8.016000747680664,-2.092050075531006,-1.3549500703811646
1763074384553,,52.37257380794241,180.19141787574404,,,
1763074384558,,,187.264404296875,,,
1763074384572,,,,8.028000831604004,-2.1040501594543457,-1.3429501056671143
1763074384593,,74.26836459847907,187.264404296875,8.3100004196167,-1.8259501457214355,-1.6429500579833984
1763074384611,,,,8.928000450134277,-1.8430501222610474,-1.6279500722885132
1763074384626,2.0,,,,,
1763074384627,,,,,-1.2370500564575195,
1763074384628,,,,9.87600040435791,,-1.6350001096725464
1763074384633,,77.64565612378557,,,,
1763074384634,,,187.264404296875,,,
1763074384651,,,,10.896000862121582,-0.9070500135421753,-1.6309500932693481
1763074384672,,,,11.665050506591797,-0.909000039100647,-1.6279500722885132
1763074384673,,74.48141261181371,187.264404296875,,,
1763074384677,,,134.27734375,,,
1763074384686,,,,12.714000701904297,-0.9070500135421753,-1.6309500932693481
1763074384705,,,,13.309950828552246,-0.2530499994754791,-1.9590001106262207
1763074384709,1.0,,,,,
1763074384713,,56.1806909724887,134.27734375,,,
1763074384725,,,,13.309950828552246,-0.24795001745224,-1.9590001106262207
1763074384726,1.0,,,,,
1763074384745,,,,13.321950912475586,-0.25995001196861267,-2.3179500102996826
1763074384753,,54.461321055519285,134.27734375,,,
1763074384757,,,114.6044921875,,,
1763074384758,,,114.6044921875,,,
1763074384764,,,,13.992000579833984,-0.5620500445365906,-2.3149502277374268
1763074384784,,,,14.004000663757324,-1.194000005722046,-2.305950164794922
1763074384793,,61.03961439953814,114.6044921875,,,
1763074384805,,,,14.452051162719727,-1.6110000610351562,-2.2960500717163086
1763074384825,,,,15.05505084991455,-1.6249500513076782,-2.305950164794922
1763074384826,1.0,,,,,
1763074384847,,,,15.6510009765625,-1.6110000610351562,-2.2960500717163086
1763074384853,,59.808802050285166,114.6044921875,,,
1763074384860,,,73.7689208984375,,,
1763074384861,,,,16.211999893188477,-1.9339500665664673,-2.3080501556396484
1763074384873,,75.88472711027178,73.7689208984375,,,
1763074384892,,,,,-1.9410001039505005,
1763074384893,,,,16.228050231933594,,-2.3010001182556152
1763074384913,,48.639650917508646,73.7689208984375,,,
1763074384917,,,,15.694050788879395,-2.9830501079559326,-2.313000202178955
1763074384920,,,,15.421051025390625,-3.95205020904541,-2.3010001182556152
1763074384926,1.0,,,,,
1763074384939,,,,14.587950706481934,-5.008050441741943,-2.074050188064575
1763074384958,,45.34705112145023,73.7689208984375,,,
1763074384959,,,,13.999051094055176,-5.797950267791748,-2.053950071334839
1763074384963,,,77.98765345982143,,,
1763074384978,,,,13.044000625610352,-6.567000389099121,-2.052000045776367
1763074384993,,43.32874104625791,77.98765345982143,,,
1763074385001,,,,12.484050750732422,-6.568950176239014,-1.7500500679016113
1763074385020,,,,11.349000930786133,-6.279000282287598,-1.1899501085281372
1763074385026,1.0,,,,,
1763074385033,,40.35430328153349,77.98765345982143,,,
1763074385042,,,,,-5.899050235748291,
1763074385043,,,,9.940950393676758,,-0.7950000166893005
1763074385062,,,,9.532050132751465,-6.214950084686279,-0.5080500245094299
1763074385077,,41.239668207615885,,,,
1763074385083,,,,9.072000503540039,-6.23205041885376,-0.48600003123283386
1763074385104,,,,8.634000778198242,-6.217050075531006,-0.5010000467300415
1763074385117,,41.02191367683925,,,,
1763074385123,,,1286.2255859375,,,
1763074385125,,,,7.82205057144165,-5.913000106811523,-0.4930500090122223
1763074385128,1.0,,,,,
1763074385144,2.0,,,7.506000518798828,-5.928000450134277,-0.5029500126838684
1763074385153,,39.22208603951467,1286.2255859375,,,
1763074385154,,,,7.525050163269043,-6.157050132751465,-0.22800001502037048
1763074385173,,,,7.513050556182861,-6.169050216674805,-0.22005000710487366
1763074385193,,38.69312425476522,1286.2255859375,7.79295015335083,-6.652950286865234,-0.2160000056028366
1763074385213,,,,8.065950393676758,-7.335000514984131,-0.22800001502037048
1763074385229,2.0,,,,,
1763074385232,,,,,-7.81695032119751,-0.22500000894069672
1763074385233,,38.66654739850067,1286.2255859375,,,
1763074385234,,,,8.068950653076172,,
1763074385251,,,,7.26900053024292,-7.837950229644775,-0.22800001502037048
1763074385272,,,,6.687000274658203,-7.492950439453125,-0.21300001442432404
1763074385273,,36.6523793216233,,,,
1763074385295,,,,,-7.507950305938721,-0.22305001318454742
1763074385296,,,,6.055050373077393,,
1763074385313,,37.721269082369176,,,,
1763074385314,,,,6.060000419616699,-7.507950305938721,-0.22305001318454742
1763074385318,,,55.40761311848958,,,
1763074385319,,,55.40761311848958,,,
1763074385329,,,,,-7.498050212860107,-0.6589500308036804
1763074385330,,,,7.117950439453125,,
1763074385338,2.0,,,,,
1763074385355,,,,7.635000228881836,-6.796950340270996,-0.6469500064849854
1763074385357,,37.37178258330849,55.40761311848958,,,
1763074385373,,,,,-6.481050491333008,-0.6510000228881836
1763074385374,,,,7.261950492858887,,
1763074385392,,,,7.261950492858887,-6.496950149536133,-0.6589500308036804
1763074385393,,35.07980329469797,55.40761311848958,,,
1763074385407,,,,,-6.496950149536133,-1.1329500675201416
1763074385408,,,,7.707000255584717,,
1763074385426,,,,,-6.49500036239624,
1763074385427,,,,8.704950332641602,,-1.111050009727478
1763074385438,2.0,36.59543186292205,,,,
1763074385457,,,,9.855000495910645,-6.490050315856934,-1.1160000562667847
1763074385466,,,,10.91100025177002,-6.20805025100708,-1.111050009727478
1763074385473,,35.34738130474734,,,,
1763074385485,,,,11.377950668334961,-5.791050434112549,-1.1209501028060913
1763074385505,,,,11.859000205993652,-5.374050140380859,-1.1299500465393066
1763074385513,,35.951085045835505,,,,
1763074385525,,,115.88692639870618,,,
1763074385526,,,,12.462000846862793,-4.41195011138916,-1.111050009727478
1763074385545,,,,12.07395076751709,-3.2479500770568848,-1.125
1763074385546,2.0,,,,,
1763074385557,,38.40041871698583,115.88692639870618,,,
1763074385569,,,,10.816950798034668,-2.3430001735687256,-1.1209501028060913
1763074385590,,,,,-1.2660000324249268,
1763074385591,,,,9.940950393676758,,-1.1209501028060913
1763074385593,,37.65330882165029,115.88692639870618,,,
1763074385610,,,,9.690000534057617,-0.6190500259399414,-1.1209501028060913
1763074385631,,,,,-0.25995001196861267,
1763074385632,,,,9.702000617980957,,-1.1209501028060913
1763074385633,,38.80474904663493,,,,
1763074385641,,,,10.128000259399414,-0.5550000071525574,-2.353950023651123
1763074385646,2.0,,,,,
1763074385660,,,,,-0.5740500092506409,
1763074385661,,,,10.141950607299805,,-3.1870501041412354
1763074385674,,35.14994595425352,,,,
1763074385679,,,64.40708705357143,,,
1763074385689,,,,9.790050506591797,-0.9930000305175781,-3.184950113296509
1763074385699,,,,,-1.0069500207901,
1763074385700,,,,9.807000160217285,,-3.169950246810913
1763074385714,,53.01205684434818,64.40708705357143,,,
1763074385719,,,,,-1.2439500093460083,
1763074385720,,,,10.077000617980957,,-3.172950267791748
1763074385739,,,,10.458000183105469,-1.8690000772476196,-3.169950246810913
1763074385746,2.0,,,,,
1763074385754,,49.179367414654074,64.40708705357143,,,
1763074385758,,,,,-2.616000175476074,
1763074385759,,,,11.218950271606445,,-3.1650002002716064
1763074385777,,,,,-2.635050058364868,
1763074385778,,,,11.236050605773926,,-2.920950174331665
1763074385794,1.0,,,,,
1763074385797,,46.98658337941839,,,,
1763074385798,,,64.40708705357143,,,
1763074385800,,,,11.22195053100586,-2.2139999866485596,-2.505000114440918
1763074385818,,,,11.563950538635254,-1.7470500469207764,-2.180999994277954
1763074385834,,42.75205339028372,,,,
1763074385838,,,,12.283050537109375,-1.7590501308441162,-2.1790502071380615
1763074385861,,,,13.374000549316406,-1.7470500469207764,-2.1670501232147217
1763074385862,1.0,,,,,
1763074385873,,63.95464721224815,,,,
1763074385877,,,1567.0947265625,,,
1763074385884,,,,14.200050354003906,-2.2860000133514404,-2.1790502071380615
1763074385894,,,,,-2.299950122833252,
1763074385895,,,,14.695950508117676,,-2.164950132369995
1763074385913,,55.73880400515412,1567.0947265625,,,
1763074385927,,,,14.713050842285156,-2.299950122833252,-2.164950132369995
1763074385949,,,,15.702000617980957,-2.2950000762939453,-2.1690001487731934
1763074385953,,51.32972756826505,1567.0947265625,16.089000701904297,-2.287950038909912,-2.176950216293335
1763074385962,1.0,,,,,
1763074385972,,,,16.10099983215332,-1.76895010471344,-2.1690001487731934
1763074385992,,,,,-1.7899501323699951,
1763074385993,,49.990374864707604,,15.307050704956055,,-2.1720001697540283
1763074386011,,,,14.22900104522705,-2.508000135421753,-2.1720001697540283
1763074386031,,,,13.6399507522583,-3.3700501918792725,-2.1720001697540283
1763074386033,,46.27084158086057,,,,
1763074386050,,,,,-4.3470001220703125,-2.176950216293335
1763074386051,,,,13.21605110168457,,
1763074386063,1.0,,,,,
1763074386069,,,,,-4.351950168609619,
1763074386070,,,,13.225950241088867,-5.080050468444824,-2.1720001697540283
1763074386078,,59.39901093946418,,,,
1763074386088,,,104.28866916232639,,,
1763074386089,,,,,-5.488950252532959,
1763074386090,,,,,,-2.1600000858306885
1763074386091,,,,11.176050186157227,,
1763074386109,,,,,-5.4970502853393555,
1763074386110,,,,10.120950698852539,,-1.7359501123428345
1763074386118,,53.85947585613883,104.28866916232639,,,
1763074386128,,,,9.366000175476074,-5.491950035095215,-1.0180500745773315
1763074386158,,41.22428151849964,104.28866916232639,,,
1763074386164,,,101.2890625,,,
1763074386165,,,,8.848950386047363,-5.491950035095215,-1.0180500745773315
1763074386166,1.0,,,,,
1763074386168,,,,8.346000671386719,-5.145000457763672,-1.0060499906539917
1763074386191,,,,,-5.149050235748291,
1763074386192,,,,7.678050518035889,,-1.0009500980377197
1763074386193,,43.10214327298547,101.2890625,,,
1763074386211,,,,,-5.164050102233887,-1.0110000371932983
1763074386212,,,,7.111050128936768,,
1763074386229,,,,7.113000392913818,-5.158950328826904,-1.0150500535964966
1763074386230,2.0,,,,,
1763074386233,,39.62948254885153,101.2890625,,,
1763074386245,,,,,-5.719050407409668,-1.0060499906539917
1763074386246,,,,7.123050212860107,,
1763074386269,2.0,,,7.120050430297852,-5.740950107574463,-1.0080000162124634
1763074386273,,38.27782668051019,,,,
1763074386287,,,,,-6.093000411987305,-1.0150500535964966
1763074386288,,,,6.867000102996826,,
1763074386304,,,,6.87600040435791,-6.889950275421143,-1.0080000162124634
1763074386314,,37.25543659314841,,,,
1763074386323,,,,6.87600040435791,-7.680000305175781,-1.0080000162124634
1763074386342,,,,,-7.684950351715088,
1763074386344,,,,7.1610002517700195,,-1.0030500888824463
1763074386354,,36.988051676577236,,,,
1763074386359,,,97.8076171875,,,
1763074386362,,,,7.177950382232666,-7.6870503425598145,-0.7590000629425049
1763074386377,2.0,,,,,
1763074386393,,38.870605090255395,97.8076171875,,,
1763074386395,,,,,-7.134000301361084,-0.7450500130653381
1763074386396,,,,7.456050395965576,,
1763074386416,,,,8.590950012207031,-7.137000560760498,-0.742050051689148
1763074386420,,,,,-7.651050567626953,
1763074386421,,,,10.08495044708252,,-0.7540500164031982
1763074386433,,34.29247691536328,97.8076171875,,,
1763074386440,,,,10.357950210571289,-7.6710004806518555,-0.7590000629425049
1763074386445,3.0,,,,,
1763074386459,,,,,-6.760950088500977,
1763074386461,,,,9.523950576782227,,-0.7590000629425049
1763074386473,,34.176667253803565,,,,
1763074386482,3.0,,,9.057000160217285,-5.374050140380859,-0.7570500373840332
1763074386501,,,,9.057000160217285,-3.744000196456909,-0.32100000977516174
1763074386513,,35.82181741275623,,,,
1763074386518,,,193.65001860119048,,,
1763074386520,,,,9.06195068359375,-3.2700002193450928,-1.1470500230789185
1763074386542,,,,9.064949989318848,-3.7510502338409424,-1.1400001049041748
1763074386554,,35.005687625865,193.65001860119048,,,
1763074386565,,,,,-4.303950309753418,
1763074386566,,,,8.598000526428223,,-1.6639500856399536
1763074386576,,,,,-4.584000110626221,
1763074386577,,,,8.599950790405273,,-2.353950023651123
1763074386588,3.0,,,,,
1763074386593,,33.78327125935817,193.65001860119048,,,
1763074386596,,,,,-4.588950157165527,-2.347050189971924
1763074386597,,,,8.992950439453125,,
1763074386625,,,,9.28695011138916,-4.267950057983398,-2.332050085067749
1763074386637,,35.62674540734795,,,,
1763074386638,,,193.65001860119048,,,
1763074386644,,,112.90973772321429,,,
1763074386645,,,,8.920950889587402,-3.81600022315979,-2.353950023651123
1763074386665,,,,,-3.385050058364868,
1763074386673,,35.22425453981315,112.90973772321429,,,
1763074386674,,,,8.674050331115723,-2.997000217437744,-2.053950071334839
1763074386689,1.0,,,,,
1763074386693,,,,,-2.329050064086914,-2.052000045776367
1763074386694,,,,8.677050590515137,,
1763074386713,,33.18208544235931,112.90973772321429,9.63900089263916,-1.7610000371932983,-2.0689501762390137
1763074386718,,,116.94585890997024,,,
1763074386719,,,116.94585890997024,,,
1763074386747,,,,,-1.3090500831604004,
1763074386748,,,,9.940950393676758,,-2.0659501552581787
1763074386752,,,,9.961950302124023,-1.0360500812530518,-2.052000045776367
1763074386758,,35.925591729221026,116.94585890997024,,,
1763074386771,,,,,-0.6550500392913818,
1763074386772,,,,,,-2.074050188064575
1763074386773,,,,9.940950393676758,,
1763074386789,1.0,,,,,
1763074386791,,,,9.961950302124023,-0.17400000989437103,-2.052000045776367
1763074386793,,32.79776064629953,116.94585890997024,,,
1763074386798,,,118.54069010416666,,,
1763074386811,,,,10.46505069732666,-0.1879500150680542,-2.0620501041412354
1763074386830,,,,11.349000930786133,-1.1149500608444214,-2.0689501762390137
1763074386834,,34.761665966555796,118.54069010416666,,,
1763074386853,,,,12.397050857543945,-2.2639501094818115,-2.0689501762390137
1763074386873,,,,13.093950271606445,-1.9120501279830933,-1.7220001220703125
1763074386874,,36.581405911666174,118.54069010416666,,,
1763074386879,2.0,,,,,
1763074386884,,,64.65541294642857,,,
1763074386892,,,,13.116000175476074,-0.89205002784729,-1.699950098991394
1763074386893,2.0,,,,,
1763074386912,,,,,-0.2670000195503235,
1763074386913,,,,13.113000869750977,,-2.2099502086639404
1763074386917,,32.05930380565755,,,,
1763074386918,,,64.65541294642857,,,
1763074386927,,,,,-0.7410000562667847,-2.196000099182129
1763074386928,,,,13.1089506149292,,
1763074386947,,,,13.992000579833984,-2.0850000381469727,-2.584050178527832
1763074386958,,73.69011648726278,64.65541294642857,,,
1763074386973,,,,14.854050636291504,-2.9110500812530518,-2.5789501667022705
1763074386993,,62.65075497978166,64.65541294642857,14.871000289916992,-2.9230501651763916,-2.5669500827789307
1763074386994,2.0,,,,,
1763074387005,,,,15.61500072479248,-1.8049501180648804,-2.584050178527832
1763074387024,,,,,-1.3020000457763672,
1763074387025,,,,16.318950653076172,,-2.584050178527832
1763074387034,,59.94784572783197,,,,
1763074387044,,,,16.318950653076172,-1.3020000457763672,-2.584050178527832
1763074387065,,,,15.967050552368164,-2.041949987411499,-3.2730002403259277
1763074387073,,62.47257774881688,,,,
1763074387078,,,3951.3427734375,,,
1763074387083,,,,15.271050453186035,-3.2119500637054443,-3.2539501190185547
1763074387094,2.0,,,,,
1763074387105,,,,14.50200080871582,-4.2900004386901855,-3.2539501190185547
1763074387117,,48.448703661447595,,,,
1763074387118,,,3951.3427734375,,,
1763074387126,,,,13.87695026397705,-5.662050247192383,-3.271050214767456
1763074387145,,,,,-5.956050395965576,
1763074387146,,,,13.087050437927246,,-2.584050178527832
1763074387153,,39.6763721407367,3951.3427734375,,,
1763074387165,,,,11.938050270080566,-5.956050395965576,-2.574000120162964
1763074387184,,,,10.609050750732422,-5.359950065612793,-2.572050094604492
1763074387193,,41.46089398351526,,,,
1763074387194,2.0,,,,,
1763074387205,,,,9.35205078125,-5.058000087738037,-2.562000036239624
1763074387226,,,,8.3100004196167,-5.074950218200684,-1.6930500268936157
1763074387233,,40.97220958933734,,,,
1763074387239,,,,7.506000518798828,-5.061000347137451,-1.0750499963760376
1763074387258,,,,,-5.074950218200684,
1763074387259,,,,6.772950172424316,,-1.0609500408172607
1763074387273,,38.11818210937227,,,,
1763074387276,,,198.642578125,,,
1763074387277,,,198.642578125,,,
1763074387278,,,,6.450000286102295,-5.418000221252441,-1.054050087928772
1763074387294,2.0,,,,,
1763074387310,,,,,-5.683050155639648,
1763074387311,,,,6.450000286102295,,-0.8089500665664673
1763074387313,,36.43591700535271,198.642578125,,,
1763074387317,,,,6.463950157165527,-5.698050498962402,-0.5509500503540039
1763074387336,,,,,-5.374050140380859,
1763074387337,,,,6.097950458526611,,-0.547950029373169
1763074387356,,,,,-5.389050483703613,
1763074387357,,,,6.357000350952148,,-0.534000039100647
1763074387358,,35.42709719327594,198.642578125,,,
1763074387363,,,117.65706380208334,,,
1763074387375,,,,6.357000350952148,-5.3959503173828125,-0.5509500503540039
1763074387393,,36.03886447871913,117.65706380208334,,,
1763074387395,,,,7.009950160980225,-5.848950386047363,-0.5290500521659851
1763074387405,2.0,,,,,
1763074387422,,,,7.029000282287598,-5.869950294494629,-0.5320500135421753
1763074387433,,36.013731696849455,,,,
1763074387434,,,117.65706380208334,7.462950229644775,-5.85105037689209,-1.1899501085281372
1763074387453,,,,7.183050155639648,-5.868000507354736,-1.1730000972747803
1763074387473,,35.05917823718495,,,-6.409050464630127,-1.1830500364303589
1763074387474,,,,6.651000499725342,,
1763074387492,,,,,-7.299000263214111,
1763074387493,,,,6.937950134277344,,-1.1779500246047974
1763074387505,2.0,,,,,
1763074387512,,,,7.65000057220459,-8.218950271606445,-1.168950080871582
1763074387513,,35.34512687674303,,,,
1763074387530,3.0,,,8.194950103759766,-9.03795051574707,-1.1880000829696655
1763074387551,,,,8.784000396728516,-9.04995059967041,-1.1759999990463257
1763074387553,,34.01706129944814,,,,
1763074387559,,,135.61474609375,,,
1763074387570,,,,9.32295036315918,-8.319000244140625,-1.1880000829696655
1763074387590,,,,10.594950675964355,-6.6820502281188965,-1.1730000972747803
1763074387593,,33.70111139282494,135.61474609375,,,
1763074387606,3.0,,,,,
1763074387609,,,,,-5.224050045013428,
1763074387610,,,,11.398950576782227,,-1.1710500717163086
1763074387629,,,,11.406000137329102,-4.540950298309326,-1.1830500364303589
1763074387633,,33.62496900215846,135.61474609375,,,
1763074387640,,,138.6711370881903,,,
1763074387651,,,,11.665050506591797,-4.06695032119751,-1.1779500246047974
1763074387668,,,,11.686050415039062,-3.765000104904175,-1.168950080871582
1763074387673,,34.11433872085317,138.6711370881903,,,
1763074387687,,,,,-3.2410502433776855,-1.1899501085281372
1763074387688,,,,11.313000679016113,,
1763074387706,3.0,,,,,
1763074387707,,,,10.91100025177002,-2.968050241470337,-1.1759999990463257
1763074387714,,33.27918863557113,138.6711370881903,,,
1763074387726,,,,10.530000686645508,-2.680950164794922,-1.815000057220459
1763074387746,,,,9.976950645446777,-2.386050224304199,-1.8079501390457153
1763074387747,2.0,,,,,
1763074387753,,32.691954171749906,,,,
1763074387768,,,,9.366000175476074,-2.3959500789642334,-1.798050045967102
1763074387785,,,,9.08595085144043,-1.8619500398635864,-1.8049501180648804
1763074387793,,32.420999336682016,,,,
1763074387804,,,,9.610950469970703,-1.4239500761032104,-1.8130500316619873
1763074387806,2.0,,,,,
1763074387823,,,,,-1.443000078201294,
1763074387824,,,,9.631950378417969,,-1.7929500341415405
1763074387833,,33.33731309730211,,,,
1763074387839,,,80.09933810763889,,,
1763074387843,,,,9.32295036315918,-1.0930500030517578,-1.8079501390457153
1763074387862,,,,,-1.0930500030517578,
1763074387864,,,,9.330000877380371,,-1.8079501390457153
1763074387874,,32.582035719639244,80.09933810763889,,,
1763074387884,,,,9.342000007629395,-0.8419500589370728,-1.7959500551223755
1763074387902,,,,9.747000694274902,-0.8440500497817993,-1.7929500341415405
1763074387906,2.0,,,,,
1763074387913,,43.44812791278079,80.09933810763889,,,
1763074387921,,,,10.243050575256348,-1.1370000839233398,-1.8130500316619873
1763074387940,,,,,-1.8979500532150269,
1763074387941,,,,10.824000358581543,,-1.7929500341415405
1763074387957,,76.23833300001594,,,,
1763074387960,,,,11.277000427246094,-2.170950174331665,-1.8079501390457153
1763074387979,,,,,-2.1780002117156982,
1763074387980,,,,11.737051010131836,,-2.180999994277954
1763074387993,,50.71538407561215,,,,
1763074387996,,,170.46875,,,
1763074388000,,,,12.225000381469727,-1.8049501180648804,-2.584050178527832
1763074388006,2.0,,,,,
1763074388018,,,,,-1.4959501028060913,
1763074388019,,,,12.520051002502441,,-2.581050157546997
1763074388034,,76.46732880829008,170.46875,,,
1763074388038,,,,13.245000839233398,-1.503000020980835,-2.574000120162964
1763074388057,,,,,-2.070000171661377,
1763074388058,,,,13.927050590515137,,-2.581050157546997
1763074388073,,72.6541119500086,170.46875,,,
1763074388077,,,,14.380050659179688,-2.5440001487731934,-2.562000036239624
1763074388096,,,,14.695950508117676,-2.5660500526428223,-2.5639500617980957
1763074388106,2.0,,,,,
1763074388113,,57.52507971737189,170.46875,,,
1763074388117,,,86.0373263888889,,,
1763074388120,,,,15.307050704956055,-2.1060001850128174,-2.5690500736236572
1763074388137,,,,15.916951179504395,-1.5750000476837158,-2.574000120162964
1763074388154,,67.50153842127202,86.0373263888889,,,
1763074388155,,,,15.63705062866211,-1.596000075340271,-2.5759501457214355
1763074388175,,,,14.854050636291504,-2.1349501609802246,-2.5639500617980957
1763074388193,,68.85023427361202,86.0373263888889,,,
1763074388194,,,,14.872950553894043,-3.355950117111206,-2.8780500888824463
1763074388206,2.0,,,,,
1763074388213,,,,,-4.656000137329102,-2.8759500980377197
1763074388214,,,,14.856000900268555,,
1763074388234,,57.20065115396015,,13.992000579833984,-5.48205041885376,-2.863950252532959
1763074388252,,,,12.691950798034668,-6.049950122833252,-2.871000051498413
1763074388271,,,,,-6.049950122833252,
1763074388272,,,,11.241000175476074,,-2.871000051498413
1763074388273,,45.61712804133877,,,,
1763074388277,,,1507.63671875,,,
1763074388291,,,,9.855000495910645,-5.784000396728516,-2.8729500770568848
1763074388306,2.0,,,,,
1763074388311,,,,8.611950874328613,-5.52495002746582,-2.8690500259399414
1763074388314,,43.66660471350894,,,,
1763074388315,,,1507.63671875,,,
1763074388330,,,,7.993950366973877,-5.544000148773193,-1.7500500679016113
1763074388352,,,,7.606950283050537,-5.52495002746582,-1.3549500703811646
1763074388354,,43.65716878727197,1507.63671875,,,
1763074388370,,,,7.246950149536133,-5.539950370788574,-0.7810500264167786
1763074388388,,,,,-5.544000148773193,
1763074388390,,,,6.687000274658203,,-0.5080500245094299
1763074388393,,39.57055989697671,1507.63671875,,,
1763074388400,3.0,,,,,
1763074388408,,,,6.709050178527832,-5.53695011138916,-0.48600003123283386
1763074388417,3.0,,,,,
1763074388427,,,,,-5.53695011138916,
1763074388428,,,,6.709050178527832,,-0.48600003123283386
1763074388437,,40.56090314923865,,,,
1763074388447,,,,7.326000213623047,-5.535000324249268,-0.48900002241134644
1763074388469,,,,7.635000228881836,-5.527950286865234,-0.49605002999305725
1763074388473,,39.105691730234035,,,,
1763074388482,,,132.37734840029762,,,
1763074388486,,,,7.639950275421143,-5.8560004234313965,-0.5029500126838684
1763074388505,,,,,-6.366000175476074,
1763074388506,,,,7.647000312805176,,-0.49605002999305725
1763074388513,,39.52672318801734,132.37734840029762,,,
1763074388518,3.0,,,,,
1763074388525,,,,7.63800048828125,-6.379950523376465,-0.505050003528595
1763074388544,,,,,-7.069950103759766,
1763074388545,,,,7.204050540924072,,-0.48600003123283386
1763074388554,,42.10436809541065,132.37734840029762,,,
1763074388559,,,163.0307152157738,,,
1763074388564,,,,6.643950462341309,-8.038949966430664,-0.49800002574920654
1763074388584,,,,6.651000499725342,-9.568950653076172,-1.297950029373169
1763074388597,,43.53837699627053,163.0307152157738,,,
1763074388603,,,,6.661050319671631,-10.990950584411621,-1.5490500926971436
1763074388617,3.0,,,,,
1763074388622,,,,,-11.674050331115723,-1.543950080871582
1763074388623,,,,7.183050155639648,,
1763074388633,,41.24307905405165,163.0307152157738,,,
1763074388642,,,,,-10.273050308227539,
1763074388643,,,,8.719950675964355,,-1.533000111579895
1763074388661,,,,10.056000709533691,-8.097000122070312,-1.53000009059906
1763074388673,,37.65738101374727,163.0307152157738,,,
1763074388681,,,,11.46405029296875,-5.956050395965576,-1.5400500297546387
1763074388703,,,,12.204000473022461,-4.8070502281188965,-1.5400500297546387
1763074388713,,36.59756545627685,,,,
1763074388721,3.0,,,12.454950332641602,-3.636000156402588,-1.5370501279830933
1763074388739,,,,,-2.737950086593628,-1.5490500926971436
1763074388740,,,,11.406000137329102,,
1763074388753,,39.932033415928416,,,,
1763074388759,,,,10.882050514221191,-1.977000117301941,-1.9950001239776611
1763074388760,,,62.245279947916664,,,
1763074388778,,,,,-1.9840500354766846,
1763074388779,,,,10.329000473022461,,-2.584050178527832
1763074388793,,40.951708741036896,62.245279947916664,,,
1763074388798,,,,9.646050453186035,-2.2360501289367676,-2.848950147628784
1763074388821,,,,9.35205078125,-2.2380001544952393,-3.769050121307373
1763074388822,3.0,,,,,
1763074388833,,40.962038534762186,62.245279947916664,,,
1763074388837,,,,8.677050590515137,-2.2519500255584717,-3.751950263977051
1763074388856,,,,8.217000007629395,-2.242950201034546,-3.76200008392334
1763074388873,,34.942275794828824,,,,
1763074388876,,,,8.23905086517334,-1.6110000610351562,-3.747000217437744
1763074388895,,,,8.224050521850586,-1.6200001239776611,-3.76200008392334
1763074388913,,42.630774086206,,,,
1763074388916,,,,8.218950271606445,-1.6150500774383545,-3.766050100326538
1763074388934,,,,,-1.258950114250183,
1763074388935,3.0,,,8.22195053100586,,-2.634000062942505
1763074388953,,41.42009927305498,,,,
1763074388954,,,,8.229000091552734,-0.9070500135421753,-2.02305006980896
1763074388959,,,196.4400634765625,,,
1763074388973,,,,8.229000091552734,-0.6190500259399414,-2.01104998588562
1763074388992,,,,,-0.6409500241279602,
1763074388993,,40.013359099895084,,8.22705078125,,-2.014050006866455
1763074389012,,,,8.971050262451172,-0.6240000128746033,-2.007000207901001
1763074389033,,36.31053069288313,,,,
1763074389034,,,196.4400634765625,,,
1763074389035,3.0,,,9.451950073242188,-1.201050043106079,-2.004000186920166
1763074389052,,,,,-1.204050064086914,
1763074389053,,,,9.473999977111816,,-2.0020501613616943
1763074389070,,,,,-1.5600000619888306,
1763074389071,,,,10.1850004196167,,-2.281949996948242
1763074389073,,76.81227573677269,,,,
1763074389090,,,,11.320050239562988,-2.0629501342773438,-2.263050079345703
1763074389110,,,,12.793050765991211,-2.968050241470337,-2.8060500621795654
1763074389117,,75.78938543419221,,,,
1763074389121,,,149.951171875,,,
1763074389129,,,,15.271050453186035,-3.873000144958496,-2.7970502376556396
1763074389137,3.0,,,,,
1763074389149,,,,17.074050903320312,-4.146000385284424,-2.7870001792907715
1763074389158,,76.02294451966006,149.951171875,,,
1763074389171,,,,18.079050064086914,-3.484950065612793,-3.0859501361846924
1763074389188,,,,18.100950241088867,-2.1850500106811523,-3.0649502277374268
1763074389193,,50.953175001966606,149.951171875,,,
1763074389207,,,,17.626951217651367,-1.5679501295089722,-3.0840001106262207
1763074389226,,,,,-2.149049997329712,
1763074389227,,,,15.838050842285156,,-3.0769500732421875
1763074389237,3.0,39.31773317085699,149.951171875,,,
1763074389243,,,128.57421875,,,
1763074389244,,,128.57421875,,,
1763074389246,,,,14.481000900268555,-3.0040502548217773,-3.0840001106262207
1763074389269,,,,13.461000442504883,-4.06695032119751,-3.0739500522613525
1763074389273,,44.57747067014112,128.57421875,,,
1763074389290,,,,12.778050422668457,-4.978950023651123,-3.072000026702881
1763074389307,,,,12.10995101928711,-5.662050247192383,-2.7270002365112305
1763074389313,,50.014215094534705,,,,
1763074389314,,,128.57421875,,,
1763074389318,,,141.4501953125,,,
1763074389319,,,141.4501953125,,,
1763074389324,,,,11.017950057983398,-5.664000034332275,-2.722050189971924
1763074389338,3.0,,,,,
1763074389343,,,,,-5.664000034332275,
1763074389344,,,,9.868950843811035,,-2.722050189971924
1763074389354,,49.876910335301396,141.4501953125,,,
1763074389363,,,,8.590950012207031,-5.145000457763672,-2.7150001525878906
1763074389382,,,,,-4.684950351715088,-2.1100502014160156
1763074389383,,,,7.3909502029418945,,
1763074389397,,61.074519874455305,141.4501953125,,,
1763074389400,,,201.4404296875,,,
1763074389402,,,,6.12000036239624,-4.383000373840332,-1.5130500793457031
1763074389421,,,,,-4.386000156402588,
1763074389422,,,,5.48805046081543,,-1.0390501022338867
1763074389437,,51.94233937264262,201.4404296875,,,
1763074389438,3.0,,,,,
1763074389441,,,,5.128050327301025,-4.39995002746582,-0.7950000166893005
1763074389461,,,,4.876950263977051,-4.402050018310547,-0.7830000519752502
1763074389474,,41.469198972396995,201.4404296875,,,
1763074389476,,,226.0986328125,,,
1763074389480,,,,4.89900016784668,-4.052999973297119,-0.5080500245094299
1763074389499,,,,,-4.326000213623047,
1763074389500,,,,4.884000301361084,,-0.5010000467300415
1763074389513,,40.75957587989048,226.0986328125,,,
1763074389519,,,,4.888950347900391,-4.3309502601623535,-0.49605002999305725
1763074389538,,,,,-4.756950378417969,
1763074389539,3.0,,,5.767950057983398,,-0.5010000467300415
1763074389554,,39.633311027966826,226.0986328125,,,
1763074389561,,,,6.349950313568115,-4.773000240325928,-0.5080500245094299
1763074389587,,,,6.910050392150879,-5.488950252532959,-0.48600003123283386
1763074389595,,39.575267153418636,226.0986328125,,,
1763074389597,,,,7.6710004806518555,-6.028050422668457,-0.9030000567436218
1763074389600,,,244.8201904296875,,,
1763074389630,,,,8.49000072479248,-6.049950122833252,-0.8959500193595886
1763074389633,,40.478130575204894,244.8201904296875,,,
1763074389649,,,,8.956950187683105,-6.03795051574707,-0.8839500546455383
1763074389650,3.0,,,,,
1763074389655,,,,,-6.294000148773193,
1763074389656,,,,9.610950469970703,,-0.8910000324249268
1763074389676,,,,10.996950149536133,-7.1770501136779785,-0.8929500579833984
1763074389677,,39.500337676175725,244.8201904296875,,,
1763074389682,,,232.56144205729169,,,
1763074389684,,,232.56144205729169,,,
1763074389697,,,,12.016950607299805,-8.398050308227539,-1.204050064086914
1763074389703,6.0,,,,,
1763074389713,,37.70302808375589,,,,
1763074389714,,,232.56144205729169,,,
1763074389717,,,,12.028950691223145,-9.022950172424316,-1.1929500102996826
1763074389737,,,,11.449050903320312,-7.759050369262695,-1.1880000829696655
1763074389750,6.0,,,,,
1763074389753,,38.36627845926934,232.56144205729169,11.773050308227539,-5.65500020980835,-1.1850000619888306
1763074389758,,,322.373046875,,,
1763074389772,,,,,-3.9160501956939697,
1763074389773,,,,12.469050407409668,,-1.2000000476837158
1763074389791,,,,,-2.974950075149536,
1763074389792,,,,12.490950584411621,,-1.1830500364303589
1763074389793,,39.443017623727414,322.373046875,,,
1763074389811,,,,11.527950286865234,-2.386050224304199,-1.1970000267028809
1763074389831,,,,10.19205093383789,-1.8979500532150269,-1.1830500364303589
1763074389833,,38.833294711041766,322.373046875,,,
1763074389851,,,,8.992950439453125,-1.90500009059906,-1.6570501327514648
1763074389852,6.0,,,,,
1763074389870,,,,8.361000061035156,-1.9170000553131104,-1.6399500370025635
1763074389873,,38.34583171630432,,,,
1763074389874,,,322.373046875,,,
1763074389889,,,,7.951050281524658,-1.90500009059906,-2.02305006980896
1763074389908,,,,,-1.9099501371383667,
1763074389910,,,,7.132050514221191,,-2.842050075531006
1763074389914,,43.98774882813075,,,,
1763074389919,3.0,,,,,
1763074389928,,,,6.4069504737854,-2.142000198364258,-2.8399500846862793
1763074389947,,,,,-2.1570000648498535,
1763074389948,,,,6.424050331115723,,-2.8249502182006836
1763074389957,3.0,,,,,
1763074389958,,42.771273980947775,,,,
1763074389962,,,128.61979166666669,,,
1763074389975,,,,6.426000118255615,-1.7760001420974731,-2.823000192642212
1763074389994,,54.686547162273925,128.61979166666669,6.421050071716309,-1.7950501441955566,-2.8279502391815186
1763074390006,,,,6.8520002365112305,-1.7830500602722168,-2.8399500846862793
1763074390025,,,,7.282950401306152,-2.0340001583099365,-2.2390501499176025
1763074390033,,40.72656133433967,128.61979166666669,,,
1763074390045,,,,7.82895040512085,-2.0440499782562256,-1.8079501390457153
1763074390058,3.0,,,,,
1763074390064,,,,8.784000396728516,-2.0370001792907715,-1.7910001277923584
1763074390077,,39.75499800918889,,,,
1763074390085,,,,9.790050506591797,-2.3359501361846924,-1.8030000925064087
1763074390103,,,,,-2.8530001640319824,
1763074390104,,,,10.437000274658203,,-1.7890501022338867
1763074390113,,39.156465023010384,,,,
1763074390123,,,,11.218950271606445,-2.8720500469207764,-1.7929500341415405
1763074390142,,,,12.088950157165527,-3.118950128555298,-1.7860500812530518
1763074390153,,37.673232489286555,,,,
1763074390158,3.0,,,,,
1763074390159,,,148.46546766493054,,,
1763074390162,,,,,-3.1210501194000244,
1763074390163,,,,13.044000625610352,,-1.8079501390457153
1763074390181,,,,13.834051132202148,-2.2069501876831055,-1.7890501022338867
1763074390193,,80.26399941125868,148.46546766493054,,,
1763074390205,,,,13.834051132202148,-2.212050199508667,-2.512050151824951
1763074390223,,,,13.201951026916504,-2.9830501079559326,-2.791950225830078
1763074390233,,70.0874182641881,148.46546766493054,,,
1763074390245,,,,12.879000663757324,-4.146000385284424,-2.77305006980896
1763074390262,,,,12.891000747680664,-4.570050239562988,-2.7799501419067383
1763074390263,3.0,,,,,
1763074390273,,42.48245863223982,,,,
1763074390279,,,,12.892951011657715,-4.189050197601318,-2.7780001163482666
1763074390298,,,,13.711950302124023,-2.845950126647949,-2.7799501419067383
1763074390313,,69.08085472883899,,,,
1763074390317,,,510.99151611328125,,,
1763074390321,,,,,-1.6110000610351562,
1763074390322,,,,13.732950210571289,,-2.770050048828125
1763074390337,,,,12.748950958251953,-0.934950053691864,-3.049950122833252
1763074390353,,68.44890484008101,510.99151611328125,,,
1763074390356,,,,,-1.180050015449524,
1763074390357,,,,12.160050392150879,,-3.453000068664551
1763074390363,3.0,,,,,
1763074390376,,,,11.362950325012207,-1.9120501279830933,-3.44100022315979
1763074390393,,53.26784226634638,510.99151611328125,,,
1763074390395,,,,,-2.7810001373291016,
1763074390397,,,,10.551000595092773,,-2.8129501342773438
1763074390415,,,,,-3.736950159072876,-2.7970502376556396
1763074390416,,,,9.891000747680664,,
1763074390434,,55.075266419897574,510.99151611328125,,,
1763074390439,,,490.16876220703125,,,
1763074390446,,,,,-3.748950242996216,
1763074390447,,,,8.992950439453125,,-1.7860500812530518
1763074390468,,,,8.503950119018555,-3.736950159072876,-1.5420000553131104
1763074390469,3.0,,,,,
1763074390477,,55.08248101585963,490.16876220703125,,,
1763074390489,,,,,-3.7510502338409424,
1763074390490,,,,8.51205062866211,,-1.5349500179290771
1763074390493,,,,9.057000160217285,-4.204050064086914,-1.5370501279830933
1763074390512,,,,,-4.570050239562988,
1763074390513,,40.53287117538161,490.16876220703125,9.754050254821777,,-1.53000009059906
1763074390532,,,,,-4.942950248718262,-1.5400500297546387
1763074390533,,,,10.522950172424316,,
1763074390552,,,,,-5.452950477600098,-1.204050064086914
1763074390553,,37.22589203462647,,10.531950950622559,,
1763074390570,3.0,,,,,
1763074390571,,,,10.213950157165527,-6.487950325012207,-0.7740000486373901
1763074390590,,,,,-7.73805046081543,
1763074390591,,,,9.62505054473877,,-0.7540500164031982
1763074390593,,38.494663874979274,,,,
1763074390598,,,100.05765787760417,,,
1763074390610,,,,8.611950874328613,-8.650050163269043,-0.7519500255584717
1763074390629,,,,,-9.82800006866455,-0.4140000343322754
1763074390630,,,,7.2330002784729,,
1763074390633,,35.686745672847614,100.05765787760417,,,
1763074390649,,,,,-10.330950736999512,
1763074390654,,,,,,-0.4120500087738037
1763074390655,,,,5.7460503578186035,,
1763074390672,3.0,,,5.350950241088867,-10.342950820922852,-0.40005001425743103
1763074390673,,35.68757444696069,100.05765787760417,,,
1763074390690,,,,,-10.338000297546387,
1763074390691,,,,5.8969502449035645,,-0.4050000309944153
1763074390708,,,,6.60105037689209,-10.941000938415527,-0.08400000631809235
1763074390713,,35.491764706805824,100.05765787760417,,,
1763074390729,,,,6.618000507354736,-11.56605052947998,-0.06705000251531601
1763074390746,,,,,-10.596000671386719,
1763074390747,,,,7.26900053024292,,-0.07905000448226929
1763074390754,,34.400154254041254,,,,
1763074390770,,,,9.144000053405762,-8.26200008392334,0.1660500019788742
1763074390773,3.0,,,,,
1763074390787,5.0,,,11.743950843811035,-6.481050491333008,0.17400000989437103
1763074390797,,33.43981897251367,,,,
1763074390803,,,160.6396484375,,,
1763074390806,,,,13.468050956726074,-5.1160502433776855,0.17400000989437103
1763074390824,,,,11.866050720214844,-5.133000373840332,0.1660500019788742
1763074390834,,33.67091784703462,160.6396484375,,,
1763074390843,,,,,-4.311000347137451,
1763074390844,,,,9.760950088500977,,0.18300001323223114
1763074390863,,,,7.9800004959106445,-3.5500502586364746,0.1879500150680542
1763074390873,,32.93565605491056,160.6396484375,,,
1763074390874,5.0,,,,,
1763074390890,,,,7.189950466156006,-2.9320502281188965,0.16905000805854797
1763074390902,,,,7.209000110626221,-2.2069501876831055,0.1860000044107437
1763074390917,,33.636363859159125,,,,
1763074390921,,,,,-2.2240500450134277,
1763074390922,,,,7.201950550079346,,-2.1670501232147217
1763074390941,,,,,-2.227950096130371,
1763074390942,,,,6.7009501457214355,,-2.1499500274658203
1763074390953,,35.17198966068656,,,,
1763074390960,,,,,-2.2240500450134277,
1763074390961,,,,6.712950229644775,,-2.155050039291382
1763074390980,,,,6.721050262451172,-2.2069501876831055,-2.1480000019073486
1763074390987,5.0,,,,,
1763074390997,,32.795289525915955,,,,
1763074391006,,,67.6259261842758,,,
1763074391007,3.0,,,7.1610002517700195,-1.8760501146316528,-2.1670501232147217
1763074391025,,,,,-1.8760501146316528,-2.1670501232147217
1763074391026,,,,7.6710004806518555,,
1763074391033,,62.65951716431544,67.6259261842758,,,
1763074391047,,,,8.03700065612793,-1.8960001468658447,-2.5480501651763916
1763074391058,,,,,-1.8979500532150269,-2.5260000228881836
1763074391059,,,,8.353950500488281,,
1763074391073,,72.52901691500844,67.6259261842758,,,
1763074391077,,,,,-1.8760501146316528,
1763074391078,,,,8.670000076293945,,-2.5480501651763916
1763074391089,3.0,,,,,
1763074391097,,,,9.259050369262695,-1.8859500885009766,-2.5380001068115234
1763074391113,,76.01174560175706,,,,
1763074391126,,,,10.213950157165527,-2.7739500999450684,-2.5360500812530518
1763074391136,,,,10.645050048828125,-3.6150002479553223,-2.533050060272217
1763074391153,,69.9459668857014,,,,
1763074391155,,,131.62109375,,-3.973950147628784,
1763074391157,,,,10.932000160217285,,-2.533050060272217
1763074391175,,,,11.385000228881836,-3.9760501384735107,-2.5309500694274902
1763074391189,3.0,,,,,
1763074391193,,78.65256476137337,131.62109375,,,
1763074391194,,,,,-3.6150002479553223,
1763074391195,,,,,,-2.533050060272217
1763074391196,,,,11.779950141906738,,
1763074391214,,,,12.088950157165527,-3.198000192642212,-2.54295015335083
1763074391233,,67.83995698589212,131.62109375,,,
1763074391238,,,,12.35400104522705,-3.4489500522613525,-2.5309500694274902
1763074391257,,,,12.366000175476074,-3.7800002098083496,-2.5360500812530518
1763074391274,,68.84985191493124,131.62109375,,,
1763074391279,,,,13.101000785827637,-3.7920002937316895,-2.0880000591278076
1763074391296,,,,,-3.255000114440918,-2.074050188064575
1763074391297,3.0,,,14.17905044555664,,
1763074391311,,,,,-1.9840500354766846,
1763074391312,,,,15.004950523376465,,-2.076000213623047
1763074391313,,36.19965512667066,,,,
1763074391331,,,,15.277950286865234,-1.171950101852417,-2.074050188064575
1763074391353,,46.29082204857265,,,,
1763074391357,,,152.998046875,,,
1763074391359,,,,14.653050422668457,-1.1869500875473022,-2.083050012588501
1763074391377,,,,13.741050720214844,-1.582050085067749,-2.0710501670837402
1763074391389,,,,,-2.5729501247406006,-2.086050033569336
1763074391390,,,,13.087050437927246,,
1763074391393,,40.67359553025787,,,,
1763074391394,,,152.998046875,,,
1763074391397,3.0,,,,,
1763074391409,,,,12.714000701904297,-3.967050075531006,-2.0809500217437744
1763074391428,,,,11.779950141906738,-4.62000036239624,-2.074050188064575
1763074391433,,59.04454209081734,152.998046875,,,
1763074391437,,,211.89453125,,,
1763074391442,4.0,,,,,
1763074391448,,,,,-4.639050006866455,
1763074391450,,,,10.882050514221191,,-2.0779500007629395
1763074391473,,45.500216009807374,211.89453125,,,
1763074391483,,,,,-4.204050064086914,-2.083050012588501
1763074391484,,,,9.81195068359375,,
1763074391502,,,,,-4.22504997253418,
1763074391503,,,,8.583000183105469,,-2.086050033569336
1763074391506,,,,,-4.204050064086914,
1763074391507,4.0,,,7.872000217437744,,-2.083050012588501
1763074391513,,38.6877141704124,211.89453125,,,
1763074391542,,,,7.876950263977051,-4.777950286865234,-1.0900501012802124
1763074391545,,,,7.470000267028809,-4.788000106811523,-1.0750499963760376
1763074391553,,35.63381047249018,211.89453125,,,
1763074391557,,,113.3544921875,,,
1763074391565,,,,,-4.797000408172607,-0.7380000352859497
1763074391567,,,,7.470000267028809,,
1763074391585,,,,7.477050304412842,-5.260050296783447,-0.4930500090122223
1763074391593,,36.654611719769356,113.3544921875,,,
1763074391604,,,,7.477050304412842,-5.260050296783447,-0.21300001442432404
1763074391606,4.0,,,,,
1763074391623,,,,7.197000503540039,-5.263950347900391,-0.20100000500679016
1763074391633,,35.169106927739485,113.3544921875,,,
1763074391638,,,148.154296875,,,
1763074391644,,,,7.213950157165527,-6.106950283050537,-0.1960500031709671
1763074391653,5.0,,,,,
1763074391662,,,,7.6710004806518555,-7.026000499725342,0.037050001323223114
1763074391677,,35.31619444789112,148.154296875,,,
1763074391682,,,,7.675950527191162,-7.8670501708984375,0.04200000315904617
1763074391708,5.0,,,7.384050369262695,-7.872000217437744,0.046950001269578934
1763074391718,,35.827019785345605,148.154296875,,,
1763074391723,,,108.369140625,,,
1763074391728,,,,,-7.879050254821777,
1763074391729,,,,7.0819501876831055,,0.05400000140070915
1763074391747,,,,7.1010003089904785,-7.881000518798828,0.05595000088214874
1763074391753,,32.39755026969411,108.369140625,,,
1763074391759,,,,,-7.872000217437744,
1763074391760,,,,7.894050598144531,,0.046950001269578934
1763074391779,,,,9.03600025177002,-7.869000434875488,0.043950002640485764
1763074391793,,32.67680196888784,108.369140625,,,
1763074391799,,,,9.424050331115723,-8.5489501953125,0.05400000140070915
1763074391808,5.0,,,,,
1763074391831,,,,9.440999984741211,-8.5489501953125,0.05400000140070915
1763074391833,,32.094414526561636,108.369140625,,,
1763074391837,,,,,-7.515000343322754,
1763074391838,,,,9.991050720214844,,-0.2639999985694885
1763074391843,,,106.45751953125,,,
1763074391857,,,,,-6.028050422668457,
1763074391858,,,,10.645050048828125,,-0.25394999980926514
1763074391871,6.0,,,,,
1763074391873,,32.576623880240966,106.45751953125,,,
1763074391876,,,,,-4.836000442504883,
1763074391877,,,,11.527950286865234,,-0.24900001287460327
1763074391896,,,,11.536050796508789,-4.038000106811523,-0.2560500204563141
1763074391909,6.0,,,,,
1763074391914,,31.414287971213856,106.45751953125,,,
1763074391916,,,,10.279050827026367,-3.636000156402588,-0.25200000405311584
1763074391938,,,,9.582000732421875,-3.385050058364868,-0.7380000352859497
1763074391955,,,,8.734050750732422,-3.1120500564575195,-0.7230000495910645
1763074391957,,31.834733740444307,,,,
1763074391974,,,,,-3.129000186920166,
1763074391975,,,,8.080950736999512,,-1.2120000123977661
1763074391993,,31.014339537475898,0.0,,,
1763074391994,,,,7.729050159454346,-2.5159502029418945,-1.1950500011444092
1763074392013,,,,7.362000465393066,-2.200050115585327,-1.2000000476837158
1763074392021,6.0,,,,,
1763074392032,,,,,-2.212050199508667,
1763074392033,,32.29136003240453,,6.996000289916992,,-0.9670500755310059
1763074392060,,,,,-1.9480501413345337,
1763074392061,,,,6.996000289916992,,-0.9670500755310059
1763074392077,,31.38846680250319,,,,
1763074392080,,,,7.585050582885742,-1.9549500942230225,-0.9600000381469727
1763074392087,4.0,,,,,
1763074392091,,,,8.095050811767578,-1.951050043106079,-0.9649500250816345
1763074392110,,,,,-1.5679501295089722,
1763074392111,,,,8.397000312805176,,-0.9649500250816345
1763074392113,,32.241824880745426,,,,
1763074392114,,,0.0,,,
1763074392123,4.0,,,,,
1763074392130,,,,8.791950225830078,-1.171950101852417,-0.9529500603675842
1763074392150,,,,,-1.1920500993728638,-0.9580500721931458
1763074392151,,,,9.388050079345703,,
1763074392153,,31.03375279063693,,,,
1763074392169,,,,10.336050033569336,-1.4740500450134277,-0.9630000591278076
1763074392188,,,,,-1.7970000505447388,
1763074392189,,,,11.385000228881836,,-0.9510000348091125
1763074392193,,79.67599982953956,,,,
1763074392196,,,161.8896484375,,,
1763074392208,,,,12.181950569152832,-2.329050064086914,-0.9460500478744507
1763074392223,4.0,,,,,
1763074392227,,,,,-2.63100004196167,
1763074392228,,,,,,-0.9550500512123108
1763074392229,,,,12.964950561523438,,
1763074392233,,53.53033177394507,161.8896484375,,,
1763074392247,,,,13.446001052856445,-2.6520001888275146,-0.9580500721931458
1763074392271,,,,13.690051078796387,-2.142000198364258,-0.9649500250816345
1763074392273,,43.64522046103052,161.8896484375,,,
1763074392289,,,,13.381950378417969,-2.1540000438690186,-0.9529500603675842
1763074392308,3.0,,,13.647000312805176,-2.76705002784729,-0.9630000591278076
1763074392313,,63.77653495251144,,,,
1763074392326,,,,,-3.277050256729126,-0.9550500512123108
1763074392327,3.0,,,13.659000396728516,,
1763074392344,,,,,-3.2890501022338867,-0.9670500755310059
1763074392345,,,,14.373001098632812,,
1763074392354,,63.31917873063397,,,,
1763074392359,,,3921.23046875,,,
1763074392364,,,,15.241950988769531,-2.329050064086914,-0.9460500478744507
1763074392394,,64.05677911816599,3921.23046875,15.916951179504395,-1.3450500965118408,-1.3270500898361206
1763074392412,,,,16.327051162719727,-0.9000000357627869,-1.321950078010559
1763074392423,,,,15.40005111694336,-0.9000000357627869,-1.321950078010559
1763074392427,3.0,,,,,
1763074392433,,66.25438707971665,3921.23046875,,,
1763074392442,,,,14.746050834655762,-1.8979500532150269,-1.3050000667572021
1763074392461,,,,14.164051055908203,-2.6449501514434814,-1.3240500688552856
1763074392477,,63.38537205166758,3921.23046875,,,
1763074392481,,,3833.53515625,,-3.7009501457214355,
1763074392482,,,,,,-1.321950078010559
1763074392483,,,,13.732950210571289,,
1763074392503,,,,13.195050239562988,-4.750050067901611,-1.3270500898361206
1763074392513,,49.655394700044226,3833.53515625,,,
1763074392524,4.0,,,,-5.238000392913818,
1763074392525,,,,12.562950134277344,,-1.3170000314712524
1763074392528,4.0,,,,,
1763074392544,,,,,-5.239950180053711,
1763074392545,,,,11.836950302124023,,-1.3150500059127808
1763074392553,,55.02186141532714,3833.53515625,,,
1763074392563,,,,10.975050926208496,-5.257050037384033,-1.321950078010559
1763074392578,,,,9.81195068359375,-5.245050430297852,-1.3099501132965088
1763074392593,,46.54206625114462,,,,
1763074392597,,,,,-5.518050193786621,
1763074392598,,,,8.950050354003906,,-0.7020000219345093
1763074392626,,,,,-5.86305046081543,
1763074392627,,,,8.526000022888184,,0.07304999977350235
1763074392628,4.0,,,,,
1763074392633,,44.303058923446386,,,,
1763074392636,,,161.8896484375,,,
1763074392647,,,,8.152050018310547,-5.881950378417969,0.0799500048160553
1763074392656,,,,7.858050346374512,-5.865000247955322,0.3169500231742859
1763074392673,,49.03804393912229,161.8896484375,,,
1763074392675,,,,,-6.229050159454346,
1763074392676,,,,7.140000343322754,,0.3360000252723694
1763074392695,,,,6.535950183868408,-6.246000289916992,0.32895001769065857
1763074392713,,40.30812391975353,161.8896484375,,,
1763074392714,,,,,-6.235950469970703,
1763074392716,,,,6.538950443267822,,0.31995001435279846
1763074392732,4.0,,,,,
1763074392735,,,,6.541050434112549,-6.238950252532959,0.322050005197525
1763074392738,6.0,,,,,
1763074392753,,39.09383079647999,161.8896484375,,,
1763074392754,,,,6.148050308227539,-7.033950328826904,0.3270000219345093
1763074392774,,,,5.6670002937316895,-7.465050220489502,0.3270000219345093
1763074392793,,31.696562769426077,,,,
1763074392794,,,,5.680950164794922,-7.468950271606445,-0.5080500245094299
1763074392812,,,,,-7.932000160217285,
1763074392813,,,,5.689050197601318,,-0.48600003123283386
1763074392831,,,,,-8.391000747680664,
1763074392832,,,,6.313950061798096,,-0.505050003528595
1763074392833,6.0,33.66104423472986,,,,
1763074392840,,,104.53076171874999,,,
1763074392858,,,,7.462950229644775,-9.130949974060059,-0.5080500245094299
1763074392876,,,,8.368050575256348,-9.519000053405762,-0.5029500126838684
1763074392878,,34.56039998812433,104.53076171874999,,,
1763074392897,,,,8.374950408935547,-8.923050880432129,-0.5010000467300415
1763074392909,,,,,-7.888050556182861,
1763074392910,,,,8.370000839233398,,-0.505050003528595
1763074392913,,30.566466979332155,104.53076171874999,,,
1763074392929,,,,10.14900016784668,-6.523950099945068,0.06599999964237213
1763074392940,6.0,,,,,
1763074392948,,,,,-5.145000457763672,
1763074392949,,,,11.923050880432129,,0.07800000160932541
1763074392953,,30.58685918716349,,,,
1763074392960,7.0,,,,,
1763074392979,,,,,-4.2900004386901855,0.33900001645088196
1763074392980,,,,12.289950370788574,,
1763074392987,,,,,-2.974950075149536,
1763074392988,,,,12.31095027923584,,0.36000001430511475
1763074392993,,30.488118247584133,,,,
1763074393007,,,,11.263050079345703,-2.1280500888824463,0.35100001096725464
1763074393026,,,,10.393050193786621,-1.5390000343322754,0.36000001430511475
1763074393037,,29.392483495901324,0.0,,,
1763074393041,7.0,,,,,
1763074393046,,,,10.056000709533691,-1.5559500455856323,0.06599999964237213
1763074393065,,,,,-1.8480000495910645,
1763074393066,,,,9.675000190734863,,-0.40005001425743103
1763074393077,,29.888505563783255,,,,
1763074393085,,,,,-1.8550500869750977,
1763074393086,,,,9.04995059967041,,-0.9100500345230103
1763074393104,,,,8.374950408935547,-1.8550500869750977,-0.9079500436782837
1763074393113,,29.42209467177382,0.0,,,
1763074393124,,,,8.374950408935547,-1.8520500659942627,-0.9100500345230103
1763074393142,7.0,,,,,
1763074393143,,,,,-1.374000072479248,-0.9100500345230103
1763074393144,,,,8.374950408935547,,
1763074393154,,27.720175947996267,,,,
1763074393163,,,,8.855999946594238,-1.3930500745773315,-0.8910000324249268
1763074393172,3.0,,,,,
1763074393182,,,,9.59595012664795,-1.3930500745773315,-0.8910000324249268
1763074393193,,28.525446505571313,0.0,,,
1763074393205,,,,10.257000923156738,-0.9640500545501709,-0.8880000710487366
1763074393223,,,,,-0.6769500374794006,
1763074393224,,,,10.695000648498535,,-0.8880000710487366
1763074393233,,32.92368479167162,,,,
1763074393243,3.0,,,11.290950775146484,-0.6889500617980957,-0.9000000357627869
1763074393261,,,,12.0600004196167,-1.6750500202178955,-0.8959500193595886
1763074393273,,78.6616733866271,,,,
1763074393281,,,,13.152000427246094,-1.6750500202178955,-0.8959500193595886
1763074393299,,,,,-1.3450500965118408,-0.6439500451087952
1763074393300,,,,13.510951042175293,,
1763074393313,,77.31651217027463,,,,
1763074393316,,,169.0625,,,
1763074393321,,,,13.510951042175293,-0.7990500330924988,-0.6439500451087952
1763074393342,,,,13.522950172424316,-0.33195000886917114,-0.6319500207901001
1763074393344,3.0,,,,,
1763074393353,,71.4673435105692,169.0625,,,
1763074393362,,,,,-0.8130000233650208,-0.6300000548362732
1763074393363,,,,13.891950607299805,,
1763074393381,,,,13.891950607299805,-1.6609500646591187,-0.6439500451087952
1763074393393,,67.86490717016763,169.0625,,,
1763074393396,,,,,-2.2710001468658447,
1763074393397,,,,13.903050422668457,,-0.6319500207901001
1763074393416,,,,14.52405071258545,-2.2740001678466797,-0.6300000548362732
1763074393437,,49.88185990288475,,,,
1763074393441,,,,15.529050827026367,-1.7040001153945923,-0.9030000567436218
1763074393444,3.0,,,,,
1763074393463,,,,16.341001510620117,-1.27305006980896,-0.8839500546455383
1763074393473,,66.34718157710806,,,,
1763074393474,,,,,-1.0000500679016113,
1763074393475,,,,16.693050384521484,,-0.8929500579833984
1763074393477,,,377.3779296875,,,
1763074393494,,,,,-1.3230000734329224,
1763074393495,,,,16.269001007080078,,-0.8809500336647034
1763074393513,,61.05078017021085,377.3779296875,,-2.2639501094818115,
1763074393514,,,,15.357000350952148,,-1.1539500951766968
1763074393533,,,,14.257950782775879,-3.2989501953125,-1.144950032234192
1763074393549,3.0,,,,,
1763074393553,,57.23678256785739,377.3779296875,13.101000785827637,-4.419000148773193,-1.1490000486373901
1763074393572,,,,,-4.951050281524658,
1763074393573,,,,11.980950355529785,,-0.9030000567436218
1763074393591,,,,,-4.972050189971924,
1763074393592,,,,10.932000160217285,,-0.8959500193595886
1763074393593,,62.07429555823235,377.3779296875,,,
1763074393610,5.0,,,,,
1763074393611,,,,9.891000747680664,-4.966950416564941,-0.9000000357627869
1763074393630,,,,9.294000625610352,-4.62000036239624,-0.8880000710487366
1763074393650,5.0,,,8.89905071258545,-4.63200044631958,-0.13395000994205475
1763074393654,,63.2967454160614,,,,
1763074393673,,51.86761098289996,,,,
1763074393675,,,,8.404050827026367,-4.63200044631958,-0.13199999928474426
1763074393676,,,205.1123046875,,,
1763074393694,,,,7.82895040512085,-5.014950275421143,-0.13199999928474426
1763074393712,,,,7.834050178527832,-5.281050205230713,-0.1290000081062317
1763074393713,,42.18076758895804,205.1123046875,,,
1763074393728,,,,7.8319501876831055,-5.302950382232666,-0.13199999928474426
1763074393747,,,,,-5.290950298309326,
1763074393748,,,,,,-0.12000000476837158
1763074393749,,,,7.513050556182861,,
1763074393756,,43.386408211584815,205.1123046875,,,
1763074393758,5.0,,,,,
1763074393763,,,205.4208984375,,,
1763074393767,,,,7.513050556182861,-5.82705020904541,0.21705001592636108
1763074393793,,46.69689814210641,205.4208984375,,,
1763074393795,,,,,-6.265050411224365,
1763074393796,,,,7.944000244140625,,0.22395001351833344
1763074393815,,,,7.9609503746032715,-6.969000339508057,0.23295001685619354
1763074393823,6.0,,,,,
1763074393825,,,,7.398000240325928,-7.551000595092773,-0.08400000631809235
1763074393833,,42.998950151323044,205.4208984375,,,
1763074393844,,,,,-7.564950466156006,
1763074393845,,,,6.6660003662109375,,-0.07005000114440918
1763074393859,6.0,,,,,
1763074393864,,,,,-7.551000595092773,-0.08400000631809235
1763074393865,,,,6.0769500732421875,,
1763074393877,,39.7409005236917,205.4208984375,,,
1763074393880,,,229.0673828125,,,
1763074393884,,,,,-7.570050239562988,-0.06495000422000885
1763074393885,,,,6.0960001945495605,,
1763074393903,,,,6.838050365447998,-7.981950283050537,-0.08400000631809235
1763074393913,,31.042964203143846,229.0673828125,,,
1763074393922,,,,,-8.635050773620605,
1763074393923,,,,7.5199503898620605,,-0.4140000343322754
1763074393942,,,,8.1670503616333,-8.929950714111328,-0.40005001425743103
1763074393953,,34.514433618131264,229.0673828125,,,
1763074393959,6.0,,,,,
1763074393961,,,,,-8.319000244140625,
1763074393962,,,,8.54699993133545,,-0.4120500087738037
1763074393981,,,,9.057000160217285,-6.969000339508057,-0.39795002341270447
1763074393993,,37.10801287454129,,,,
1763074394005,,,,10.65195083618164,-5.698050498962402,-0.40005001425743103
1763074394024,,,,11.305950164794922,-4.642050266265869,-0.6799500584602356
1763074394033,,40.95984818046596,,,,
1763074394036,,,243.7255859375,,,
1763074394045,,,,11.317950248718262,-3.8520002365112305,-0.6679500341415405
1763074394065,6.0,,,11.325000762939453,-3.5719501972198486,-0.9600000381469727
1763074394073,,27.193082639772854,243.7255859375,,,
1763074394085,,,,10.623000144958496,-3.586050271987915,-0.9510000348091125
1763074394098,,,,10.63800048828125,-3.5910000801086426,-0.9460500478744507
1763074394113,,31.319122215959418,243.7255859375,,,
1763074394125,,,,10.645050048828125,-3.574050188064575,-0.9390000700950623
1763074394143,,,,,-3.576000213623047,
1763074394144,,,,10.063050270080566,,-0.9600000381469727
1763074394153,,31.06071733862716,243.7255859375,,,
1763074394156,,,,,-3.5910000801086426,
1763074394157,,,,9.330000877380371,,-0.9460500478744507
1763074394165,6.0,,,,,
1763074394176,,,,9.349950790405273,-2.710050106048584,-0.9409500360488892
1763074394193,,31.880350353781544,,,,
1763074394196,,,,9.34695053100586,-2.0850000381469727,-0.9439500570297241
1763074394215,,,,9.59595012664795,-1.711050033569336,-1.2619500160217285
1763074394235,,,,9.610950469970703,-1.7230501174926758,-1.2480000257492065
1763074394237,,34.983154777354045,0.0,,,
1763074394254,,,,9.60105037689209,-1.4020500183105469,-1.2570000886917114
1763074394257,4.0,,,,,
1763074394265,4.0,,,,,
1763074394273,,32.97307318754893,,,-1.4140501022338867,
1763074394274,,,,,,-1.2450000047683716
1763074394275,,,,9.61305046081543,,
1763074394293,,,,,-0.7990500330924988,-1.2619500160217285
1763074394294,,,,10.257000923156738,,
1763074394312,,,,10.947000503540039,-0.20295001566410065,-1.2600001096725464
1763074394313,,66.02981847335343,,,,
1763074394320,,,71.42585100446428,,,
1763074394332,,,,10.956000328063965,-0.21000000834465027,-1.2520500421524048
1763074394353,,69.16970863296945,71.42585100446428,,,
1763074394362,,,,,-0.8130000233650208,-1.2480000257492065
1763074394363,,,,11.19795036315918,,
1763074394367,4.0,,,,,
1763074394382,,,,11.686050415039062,-0.8130000233650208,-1.50600004196167
1763074394390,,,,12.62700080871582,-0.8179500102996826,-1.7500500679016113
1763074394393,,41.61142289761216,71.42585100446428,,,
1763074394410,,,,12.951000213623047,-1.0930500030517578,-1.7430000305175781
1763074394429,,,,13.711950302124023,-1.1130000352859497,-1.7479500770568848
1763074394433,,64.94651204025426,71.42585100446428,,,
1763074394449,,,,14.380050659179688,-1.8979500532150269,-1.7290500402450562
1763074394467,4.0,,,,,
1763074394470,,,,14.667000770568848,-1.9099501371383667,-1.741050124168396
1763074394477,,66.77760863862633,,,,
1763074394490,,,,15.357000350952148,-1.9170000553131104,-1.7340000867843628
1763074394510,,,,16.132949829101562,-1.503000020980835,-0.6949500441551208
1763074394513,,45.95151488113457,,,,
1763074394517,,,485.7911464146205,,,
1763074394518,,,485.7911464146205,,,
1763074394532,,,,16.15395164489746,-1.1080501079559326,-0.673050045967102
1763074394553,,,,16.513050079345703,-1.1080501079559326,-0.673050045967102
1763074394554,,63.28175195753663,485.7911464146205,,,
1763074394574,,,,,-1.7260501384735107,
1763074394575,,,,16.189950942993164,,-0.6780000329017639
1763074394578,4.0,,,,,
1763074394593,,63.46676418603693,485.7911464146205,,,
1763074394594,,,,15.457050323486328,-2.551950216293335,-0.690000057220459
1763074394614,,,,14.854050636291504,-3.5719501972198486,-0.675000011920929
1763074394633,,53.098387707052915,,,,
1763074394634,,,,,-4.836000442504883,
1763074394635,,,,14.574000358581543,,-0.6799500584602356
1763074394644,,,,14.157000541687012,-5.719050407409668,-0.6829500198364258
1763074394663,,,,13.015050888061523,-5.736000061035156,-0.690000057220459
1763074394674,,45.435341263585336,,,,
1763074394678,4.0,,,,,
1763074394683,,,,11.542950630187988,-5.719050407409668,-0.6829500198364258
1763074394695,5.0,,,,,
1763074394703,,,,10.077000617980957,-5.439000129699707,-0.675000011920929
1763074394717,,44.07056263350469,,,,
1763074394722,,,147.31221516927081,9.466950416564941,-5.452950477600098,-0.6850500106811523
1763074394741,,,,,-5.748000144958496,
1763074394742,,,,9.484050750732422,,-0.32100000977516174
1763074394754,,45.01993376994545,147.31221516927081,,,
1763074394761,,,,,-5.748000144958496,
1763074394762,,,,8.964000701904297,,-0.3040500283241272
1763074394782,5.0,,,8.338950157165527,-5.769000053405762,-0.30705001950263977
1763074394793,,41.86192897131106,147.31221516927081,,,
1763074394797,,,106.3670654296875,,,
1763074394800,,,,7.506000518798828,-5.4970502853393555,-0.3160500228404999
1763074394825,,,,7.506000518798828,-5.5159502029418945,-0.32100000977516174
1763074394833,,42.87342783831487,106.3670654296875,,,
1763074394845,,,,,-5.94195032119751,
1763074394846,,,,7.2109503746032715,,-0.30195000767707825
1763074394866,,,,,-6.186000347137451,
1763074394867,,,,7.2109503746032715,,-0.32100000977516174
1763074394874,,35.75897639459329,106.3670654296875,,,
1763074394889,5.0,,,7.216050148010254,-6.718050479888916,-0.3160500228404999
1763074394897,,,,7.231050491333008,-7.16295051574707,-0.30195000767707825
1763074394913,,35.416255805950456,,,,
1763074394917,,,,6.910050392150879,-7.1770501136779785,-0.31095001101493835
1763074394947,,,,6.658050537109375,-7.1770501136779785,-0.31095001101493835
1763074394956,,,,6.400050163269043,-7.486050128936768,-0.3139500021934509
1763074394958,,40.18925721486951,,,,
1763074394964,,,130.60546875,,,
1763074394975,,,,,-7.8670501708984375,
1763074394976,,,,6.40500020980835,,-0.3160500228404999
1763074394993,5.0,,,,,
1763074394994,,37.71535155301183,130.60546875,,,
1763074394995,,,,7.176000118255615,-8.218950271606445,-0.2989500164985657
1763074395014,,,,,-8.563950538635254,-0.3139500021934509
1763074395015,,,,7.7719502449035645,,
1763074395033,,34.53944481455786,130.60546875,,,
1763074395034,,,,8.44005012512207,-8.568000793457031,-0.5719500184059143
1763074395057,,,,8.928000450134277,-7.636950492858887,-0.5580000281333923
1763074395076,,,,9.661050796508789,-6.624000549316406,-0.5650500059127808
1763074395077,,30.135355803525094,130.60546875,,,
1763074395098,5.0,,,10.50105094909668,-5.725950241088867,-0.9030000567436218
1763074395113,,29.794252579118027,,,,
1763074395119,,,,11.076000213623047,-5.295000076293945,-0.8839500546455383
1763074395125,4.0,,,,,
1763074395131,,,,,-5.014950275421143,
1763074395132,,,,11.46405029296875,,-0.9000000357627869
1763074395151,,,,11.46405029296875,-5.0370001792907715,-0.9030000567436218
1763074395153,,29.54643628001795,,,,
1763074395154,,,0.0,,,
1763074395185,,,,11.47605037689209,-5.025000095367432,-0.8910000324249268
1763074395190,,,,11.485050201416016,-4.771050453186035,-0.8809500336647034
1763074395193,,28.206708827668805,,,,
1763074395198,4.0,,,,,
1763074395209,,,,11.47800064086914,-3.973950147628784,-0.8880000710487366
1763074395229,,,,10.543950080871582,-3.1120500564575195,-0.8880000710487366
1763074395233,,44.99717591485181,,,,
1763074395239,,,213.92578125,,,
1763074395248,,,,9.567000389099121,-2.200050115585327,-0.8910000324249268
1763074395268,,,,8.89905071258545,-1.4740500450134277,-0.89805006980896
1763074395273,,43.934458774818935,213.92578125,,,
1763074395288,,,,8.914050102233887,-1.1010000705718994,-1.5709500312805176
1763074395298,4.0,,,,,
1763074395307,,,,9.55305004119873,-1.117050051689148,-1.5640500783920288
1763074395313,,44.67218534343584,213.92578125,,,
1763074395331,,,,9.571950912475586,-1.1050500869750977,-1.5520501136779785
1763074395350,3.0,,,9.567000389099121,-1.5319501161575317,-1.5559500455856323
1763074395353,,44.27130548733633,213.92578125,,,
1763074395358,,,125.37109375,,,
1763074395359,,,125.37109375,,,
1763074395370,,,,9.562950134277344,-1.5510001182556152,-1.5610500574111938
1763074395384,,,,,-1.5480000972747803,
1763074395385,,,,10.200000762939453,,-1.5640500783920288
1763074395393,,33.489662251911554,125.37109375,,,
1763074395398,3.0,,,,,
1763074395413,,,,11.176050186157227,-1.5360000133514404,-1.5520501136779785
1763074395433,,,,12.426000595092773,-1.543950080871582,-1.5679501295089722
1763074395434,,80.74545395725616,125.37109375,,,
1763074395443,,,,13.116000175476074,-1.194000005722046,-1.5589500665664673
1763074395462,,,,,-0.8560500144958496,
1763074395463,,,,13.125000953674316,,-1.5610500574111938
1763074395473,,77.13155689770008,,,,
1763074395482,,,,13.137001037597656,-0.39000001549720764,-1.5490500926971436
1763074395498,3.0,,,,,
1763074395502,,,,,-0.41100001335144043,-1.5520501136779785
1763074395503,,,,13.561050415039062,,
1763074395513,,67.35732324635927,,,,
1763074395518,,,63.10511997767857,,,
1763074395521,,,,14.100000381469727,-0.39705002307891846,-1.5660001039505005
1763074395540,,,,,-0.8560500144958496,
1763074395541,,,,14.380050659179688,,-1.5610500574111938
1763074395553,,56.13393227123481,63.10511997767857,,,
1763074395561,4.0,,,14.382000923156738,-0.8730000257492065,-1.5679501295089722
1763074395580,,,,15.04800033569336,-1.1650500297546387,-1.5640500783920288
1763074395593,,67.41628937172874,63.10511997767857,,,
1763074395598,4.0,,,,,
1763074395599,,,,,-1.171950101852417,
1763074395600,,,,,,-1.5559500455856323
1763074395601,,,,15.529050827026367,,
1763074395628,,,,16.37700080871582,-1.1869500875473022,-1.5660001039505005
1763074395633,,74.25946667354768,63.10511997767857,,,
1763074395650,,,,17.02305030822754,-1.180050015449524,-1.9369500875473022
1763074395669,,,,17.026050567626953,-2.070000171661377,-1.9350000619888306
1763074395673,,72.41939735421677,,,,
1763074395677,,,,17.029951095581055,-3.2479500770568848,-2.3899500370025635
1763074395696,,,,16.555950164794922,-4.477050304412842,-2.6989500522613525
1763074395698,4.0,,,,,
1763074395713,,45.95466764466039,,,,
1763074395716,,,167.03125,15.594000816345215,-5.740950107574463,-2.6890501976013184
1763074395717,,,167.03125,,,
1763074395736,,,,14.172000885009766,-6.508950233459473,-2.686950206756592
1763074395755,,58.31709039888697,167.03125,12.76395034790039,-6.5209503173828125,-2.6989500522613525
1763074395774,,,,,-6.523950099945068,
1763074395775,,,,11.607000350952148,,-2.6959500312805176
1763074395793,,61.47393689599498,167.03125,,,
1763074395794,,,,10.63800048828125,-6.531000137329102,-2.6890501976013184
1763074395798,4.0,,,,,
1763074395814,,,,10.063050270080566,-6.523950099945068,-1.6350001096725464
1763074395833,,,,9.201000213623047,-6.508950233459473,-0.7740000486373901
1763074395834,,60.535767111880325,,,,
1763074395856,,,,8.296050071716309,-5.962950229644775,-0.11295000463724136
1763074395876,,,,,-5.712000370025635,-0.1080000028014183
1763074395877,,,,7.318950176239014,,
1763074395878,,45.332007582618566,,,,
1763074395898,4.0,,,6.88800048828125,-5.725950241088867,-0.09405000507831573
1763074395913,,44.61510028379968,,,,
1763074395916,,,315.6689453125,,,
1763074395917,,,,6.499950408935547,-5.985000133514404,-0.09795000404119492
1763074395930,,,,6.505050182342529,-5.998950481414795,-0.1080000028014183
1763074395949,,,,,-6.229050159454346,
1763074395950,,,,5.947050094604492,,-0.09405000507831573
1763074395954,,38.09274603148286,315.6689453125,,,
1763074395978,,,,,-6.847050189971924,
1763074395979,,,,5.538000106811523,,-0.09795000404119492
1763074395993,,35.18339402165956,315.6689453125,,,
1763074395996,,,173.59375,,,
1763074395997,,,,,-7.752000331878662,-0.10305000841617584
1763074395998,4.0,,,,,
1763074396008,,,,6.019050121307373,-8.089950561523438,-0.10095000267028809
1763074396028,,,,6.342000484466553,-8.110950469970703,-0.10305000841617584
1763074396033,,38.893030367423,173.59375,,,
1763074396047,,,,,-7.716000556945801,-0.40005001425743103
1763074396048,,,,6.364050388336182,,
1763074396066,,,,,-7.729950428009033,
1763074396067,,,,6.694050312042236,,-0.38805001974105835
1763074396073,,41.726594307947764,173.59375,,,
1763074396076,,,159.1552734375,,,
1763074396088,,,,7.987050533294678,-7.735050201416016,-0.3829500079154968
1763074396099,4.0,,,,,
1763074396107,,,,,-7.720950603485107,
1763074396108,,,,9.294000625610352,,-0.39795002341270447
1763074396117,,44.12922279201495,159.1552734375,,,
1763074396127,,,,10.156050682067871,-8.097000122070312,-0.38100001215934753
1763074396147,,,,10.177950859069824,-8.098950386047363,-0.37800002098083496
1763074396153,,33.78385848376609,159.1552734375,,,
1763074396166,,,,10.16100025177002,-7.651050567626953,-0.3949500322341919
1763074396183,,,,,-6.696000099182129,
1763074396184,,,,11.305950164794922,,-0.3930000066757202
1763074396193,,28.066006160873403,159.1552734375,,,
1763074396198,,,121.8516845703125,,,
1763074396200,4.0,,,,,
1763074396208,,,,11.743950843811035,-5.5759501457214355,-0.38805001974105835
1763074396210,5.0,,,,,
1763074396228,,,,11.7610502243042,-4.957950115203857,-0.7380000352859497
1763074396237,,31.83112570933901,,,,
1763074396238,,,121.8516845703125,,,
1763074396242,,,,11.176050186157227,-4.62000036239624,-0.7230000495910645
1763074396261,,,,11.181000709533691,-4.3470001220703125,-1.0180500745773315
1763074396273,,24.454047277102102,,,,
1763074396274,,,121.8516845703125,,,
1763074396281,,,,11.938050270080566,-4.359000205993652,-1.0009500980377197
1763074396300,5.0,,,,,
1763074396301,,,,11.940000534057617,-3.7219502925872803,-1.0150500535964966
1763074396314,,24.478942444732663,,,,
1763074396320,,,,11.19105052947998,-3.118950128555298,-0.9960000514984131
1763074396339,,,,,-2.5009500980377197,
1763074396340,,,,10.645050048828125,,-1.0150500535964966
1763074396353,,27.64372284285936,0.0,,,
1763074396359,,,,,-1.9840500354766846,
1763074396360,,,,9.733050346374512,,-1.6429500579833984
1763074396379,,,,,-1.990950107574463,
1763074396380,,,,9.75195026397705,,-1.6230000257492065
1763074396393,,24.432514536734104,,,,
1763074396398,,,,10.249950408935547,-1.6819500923156738,-1.6210501194000244
1763074396410,5.0,,,,,
1763074396417,,,,10.615950584411621,-1.6939500570297241,-1.6330500841140747
1763074396429,4.0,,,,,
1763074396433,,56.3491993079203,,,,
1763074396450,,,,,-1.374000072479248,
1763074396451,,,,10.615950584411621,,-1.6429500579833984
1763074396456,,,,,-0.9709500670433044,-1.6380001306533813
1763074396457,,,,10.621050834655762,,
1763074396473,,70.90609980202768,,,,
1763074396476,,,,10.633050918579102,-0.5040000081062317,-1.6260000467300415
1763074396477,,,46.32222493489583,,,
1763074396495,,,,,-0.5140500068664551,-1.6399500370025635
1763074396497,,,,11.349000930786133,,
1763074396513,,70.50360488013561,46.32222493489583,,,
1763074396514,4.0,,,,,
1763074396515,,,,12.117000579833984,-0.9430500268936157,-1.6429500579833984
1763074396536,,,,12.76395034790039,-0.9430500268936157,-1.6429500579833984
1763074396553,,70.85244899113692,46.32222493489583,,,
1763074396557,,,,13.374000549316406,-0.5400000214576721,-1.6380001306533813
1763074396576,,,,13.87695026397705,-0.0019500000635161996,-1.6500000953674316
1763074396593,,52.40049204070429,,,,
1763074396600,,,,13.860000610351562,0.6289500594139099,-1.111050009727478
1763074396612,,,,,0.6289500594139099,-1.128000020980835
1763074396614,,,,14.509050369262695,,
1763074396622,4.0,,,,,
1763074396631,,,,,-0.33900001645088196,
1763074396633,,73.43375734314728,,,,-1.0920000076293945
1763074396634,,,,14.527950286865234,,
1763074396638,,,58.35484095982143,,,
1763074396651,,,,14.056950569152832,-0.934950053691864,-1.6639500856399536
1763074396673,,60.88412036368269,58.35484095982143,,,
1763074396684,,,,,-0.9469500184059143,-1.659000039100647
1763074396685,,,,14.062050819396973,,
1763074396690,,,,14.062050819396973,-0.9469500184059143,-1.659000039100647
1763074396710,,,,15.40005111694336,-1.3590000867843628,-1.6549500226974487
1763074396713,,57.25269426482448,58.35484095982143,,,
1763074396728,4.0,,,,,
1763074396729,,,,,-1.76895010471344,-2.0590500831604004
1763074396731,,,,15.709051132202148,,
1763074396748,,,,,-2.401050090789795,
1763074396749,,,,16.29104995727539,,-2.713050127029419
1763074396753,,60.977185787455554,58.35484095982143,,,
1763074396759,,,64.19596354166666,,,
1763074396768,,,,16.54905128479004,-3.1549501419067383,-2.703000068664551
1763074396791,,,,16.570951461791992,-3.9810001850128174,-2.69100022315979
1763074396793,,65.11180993141762,64.19596354166666,,,
1763074396813,,,,16.564050674438477,-4.908000469207764,-2.6989500522613525
1763074396833,4.0,62.304050564052275,64.19596354166666,15.457050323486328,-5.554050445556641,-2.6989500522613525
1763074396854,,,,13.98495101928711,-5.554050445556641,-2.6989500522613525
1763074396861,5.0,,,,,
1763074396865,,,,,-5.57295036315918,-2.703000068664551
1763074396867,,,,13.618950843811035,,
1763074396873,,56.913607510818245,,,,
1763074396885,,,,,-6.343950271606445,
1763074396887,,,,13.633050918579102,,-2.6989500522613525
1763074396913,,58.44075026758391,,,,
1763074396914,,,,12.07395076751709,-7.264050483703613,-2.3899500370025635
1763074396916,,,344.0625,,,
1763074396933,,,,10.012950897216797,-6.9120001792907715,-2.382000207901001
1763074396934,5.0,,,,,
1763074396943,,,,,-6.366000175476074,-2.3779501914978027
1763074396944,,,,10.02495002746582,,
1763074396953,,54.699574016471296,344.0625,,,
1763074396963,,,,8.569050788879395,-6.370050430297852,-2.373000144958496
1763074396982,,,,,-6.385050296783447,-0.9670500755310059
1763074396983,,,,7.635000228881836,,
1763074396993,,45.45601515179303,344.0625,,,
1763074397002,,,,7.377000331878662,-6.889950275421143,0.13095000386238098
1763074397022,,,,6.7950005531311035,-6.907050132751465,0.46800002455711365
1763074397033,,37.245391759066166,,,,
1763074397034,5.0,,344.0625,,,
1763074397041,,,,6.328050136566162,-6.9120001792907715,0.47505003213882446
1763074397060,,,,,-6.895050525665283,0.4819500148296356
1763074397061,,,,6.342000484466553,,
1763074397074,,32.51844785115101,,,,
1763074397083,,,,6.349950313568115,-7.285050392150879,0.4900500178337097
1763074397107,,,,6.349950313568115,-7.285050392150879,0.4900500178337097
1763074397113,,31.4345065425168,,,,
1763074397119,,,,,-7.291950225830078,
1763074397120,,,172.265625,6.019050121307373,,0.4729500114917755
1763074397148,,,,,-7.291950225830078,
1763074397149,5.0,,,6.02400016784668,,-0.040950000286102295
1763074397153,,31.30008117058697,172.265625,,,
1763074397168,,,,6.463950157165527,-7.723050594329834,-0.5080500245094299
1763074397188,,,,7.219050407409668,-8.197050094604492,-0.5080500245094299
1763074397195,,29.407564059007292,172.265625,,,
1763074397196,,,,,-8.722050666809082,
1763074397197,,,,7.6210503578186035,,-0.48600003123283386
1763074397216,,,,8.101950645446777,-9.031050682067871,-0.9100500345230103
1763074397233,,29.719930726431194,,,,
1763074397235,,,,,-8.700000762939453,
1763074397252,,,,,,-0.9100500345230103
1763074397253,5.0,,,8.433000564575195,,
1763074397255,,,,,-8.12505054473877,
1763074397256,,,,9.481050491333008,,-0.9100500345230103
1763074397273,,29.479089087253527,,,,
1763074397277,,,,11.263050079345703,-7.018950462341309,-0.8910000324249268
1763074397299,6.0,,,12.204000473022461,-5.683050155639648,-0.9100500345230103
1763074397313,,29.108844386598044,0.0,,,
1763074397322,,,,11.550000190734863,-4.857000350952148,-1.204050064086914
1763074397333,,,,11.248050689697266,-4.275000095367432,-1.4770500659942627
1763074397353,,28.627947296184402,,,,
1763074397363,6.0,,,11.253000259399414,-4.275000095367432,-1.4730000495910645
1763074397382,,,,11.254950523376465,-4.278000354766846,-1.4700000286102295
1763074397397,,29.12131342279991,0.0,,,
1763074397402,,,,11.253000259399414,-3.9880502223968506,-1.0609500408172607
1763074397423,,,,,-3.4780502319335938,-0.7590000629425049
1763074397424,,,,10.867950439453125,,
1763074397438,,29.37924242411094,,,,
1763074397444,,,,10.609050750732422,-2.8819501399993896,-0.7590000629425049
1763074397470,,,,10.630050659179688,-2.401050090789795,-0.7380000352859497
1763074397472,6.0,,,,,
1763074397473,,28.99660164620719,0.0,,,
1763074397492,,,,11.356050491333008,-1.3450500965118408,-1.606950044631958
1763074397514,,27.461671410537374,,,,
1763074397515,4.0,,,11.650050163269043,-1.0140000581741333,-1.606950044631958
1763074397536,,,,12.30405044555664,-0.6270000338554382,-2.0880000591278076
1763074397547,,,,,0.14805001020431519,
1763074397548,,,,12.678000450134277,,-1.606950044631958
1763074397558,,27.2356549347913,,,,
1763074397567,,,,13.137001037597656,0.6799500584602356,-1.6260000467300415
1763074397578,4.0,,,,,
1763074397593,,27.639608140790127,0.0,,,
1763074397597,,,,13.978050231933594,0.6990000605583191,-1.6210501194000244
1763074397616,,,,15.450000762939453,1.2540000677108765,-1.6260000467300415
1763074397625,,,,16.039051055908203,1.7860500812530518,-1.606950044631958
1763074397637,,41.91633327986354,,,,
1763074397645,,,,15.2920503616333,2.080049991607666,-1.6140000820159912
1763074397664,,,,,2.080049991607666,
1763074397666,,,,14.48805046081543,,-2.1310501098632812
1763074397673,,75.89695184279668,,,,
1763074397678,,,272.440185546875,,,
1763074397685,,,,13.834051132202148,2.092050075531006,-2.1499500274658203
1763074397686,4.0,,,,,
1763074397704,,,,13.824000358581543,0.9810000658035278,-2.1409502029418945
1763074397713,,78.42502317942477,272.440185546875,,,
1763074397725,,,,13.815000534057617,0.10500000417232513,-2.1499500274658203
1763074397746,,,,,-0.2749500274658203,
1763074397747,,,,14.308051109313965,,-1.7860500812530518
1763074397757,,70.039732588585,,,,
1763074397758,,,272.440185546875,,,
1763074397770,,,,14.73900032043457,-0.2770500183105469,-1.7820000648498535
1763074397781,,,,15.594000816345215,0.025950001552700996,-1.798050045967102
1763074397789,4.0,,,,,
1763074397793,,55.17509020862513,,,,
1763074397800,,,,,0.04500000178813934,
1763074397801,,,,16.211999893188477,,-1.7929500341415405
1763074397830,,,,16.19700050354004,0.004950000438839197,-1.801050066947937
1763074397833,,60.18751518931949,,,,
1763074397836,,,224.5361328125,,,
1763074397837,,,224.5361328125,,,
1763074397839,,,,,-0.9070500135421753,
1763074397840,,,,16.224000930786133,,-1.7740501165390015
1763074397859,,,,16.211999893188477,-1.9480501413345337,-1.7860500812530518
1763074397873,,68.2684642955309,224.5361328125,,,
1763074397878,,,,,-3.14805006980896,
1763074397880,,,,15.442951202392578,,-1.7839500904083252
1763074397896,4.0,,,,,
1763074397898,,,,14.81100082397461,-4.254000186920166,-1.3270500898361206
1763074397913,,58.682222870521926,224.5361328125,,,
1763074397918,,,,,-5.27400016784668,
1763074397919,,,,14.136000633239746,,-1.3050000667572021
1763074397937,,,,13.425000190734863,-5.920050144195557,-1.3050000667572021
1763074397954,,58.37905849454995,224.5361328125,,,
1763074397956,,,207.6904296875,,,
1763074397959,,,,12.283050537109375,-5.923050403594971,-1.0750499963760376
1763074397980,,,,11.040000915527344,-5.928000450134277,-1.0699501037597656
1763074397994,,61.48819440008885,207.6904296875,,,
1763074398002,,,,9.997950553894043,-5.928000450134277,-1.0699501037597656
1763074398003,4.0,,,,,
1763074398024,,,,9.424050331115723,-6.20805025100708,-1.054050087928772
1763074398034,,63.855341272371206,207.6904296875,8.77695083618164,-6.226950168609619,-1.0579500198364258
1763074398036,,,203.7841796875,,,
1763074398069,,,,,-6.229050159454346,-1.055999994277954
1763074398070,,,,8.3100004196167,,
1763074398073,,56.57426360988084,203.7841796875,,,
1763074398089,,,,7.513050556182861,-6.210000514984131,-1.0750499963760376
1763074398093,,,,6.709050178527832,-6.223950386047363,-1.0609500408172607
1763074398109,4.0,,,,,
1763074398112,,,,6.084000110626221,-6.732000350952148,-0.7740000486373901
1763074398113,,49.00110678056181,203.7841796875,,,
1763074398116,,,189.1259765625,,,
1763074398133,,,,,-7.234950542449951,-0.7540500164031982
1763074398134,,,,5.653050422668457,,
1763074398155,,48.08988280053758,189.1259765625,,,
1763074398157,,,,5.3580002784729,-7.852950572967529,-0.7590000629425049
1763074398163,5.0,,,,,
1763074398178,,,,4.9270501136779785,-7.873950481414795,-0.7620000243186951
1763074398197,,43.08585778484324,189.1259765625,,,
1763074398198,,,,,-7.869000434875488,-0.7660500407218933
1763074398199,,,,4.933950424194336,,
1763074398222,5.0,,,4.939050197601318,-7.873950481414795,-0.4720500111579895
1763074398229,,,,5.919000148773193,-7.869000434875488,-0.4650000333786011
1763074398233,,40.28222861721794,189.1259765625,,,
1763074398236,,,141.6845703125,,,
1763074398248,,,,,-7.864050388336182,
1763074398249,,,,7.729050159454346,,-0.46905001997947693
1763074398268,,,,8.89905071258545,-7.873950481414795,-0.4600500166416168
1763074398278,,41.95788441045082,141.6845703125,,,
1763074398288,,,,,-7.864050388336182,-0.46905001997947693
1763074398289,,,,9.3589506149292,,
1763074398308,,,,9.361950874328613,-7.4569501876831055,-0.46905001997947693
1763074398313,,35.448785474192064,141.6845703125,,,
1763074398316,,,144.1845703125,,,
1763074398329,5.0,,,9.84795093536377,-6.897000312805176,-0.4549500346183777
1763074398348,,,,10.753050804138184,-6.28695011138916,-0.46695002913475037
1763074398353,,69.34641315019087,144.1845703125,,,
1763074398365,,,,,-5.5759501457214355,
1763074398366,,,,11.622000694274902,,-0.4600500166416168
1763074398380,6.0,,,,,
1763074398385,,,,11.62695026397705,-5.209050178527832,-0.46695002913475037
1763074398397,,59.89710417710131,144.1845703125,,,
1763074398413,,,,,-4.849950313568115,
1763074398414,,,,11.313000679016113,,-0.7159500122070312
1763074398433,,55.29207340343659,,,,
1763074398435,,,,11.320050239562988,-4.540950298309326,-1.2619500160217285
1763074398437,6.0,,,,,
1763074398455,,,,11.658000946044922,-3.8520002365112305,-1.2499500513076782
1763074398463,,,,11.677050590515137,-3.355950117111206,-1.2430500984191895
1763074398477,,49.763607497372476,,,,
1763074398482,,,,,-2.680950164794922,
1763074398483,,,,11.671950340270996,,-1.2480000257492065
1763074398502,,,,11.140050888061523,-2.25,-1.2480000257492065
1763074398513,,40.276003806121004,,,,
1763074398516,,,341.875,,,
1763074398521,,,,,-1.7329500913619995,
1763074398523,,,,11.140050888061523,,-1.2619500160217285
1763074398539,6.0,,,,,
1763074398541,,,,11.385000228881836,-0.8710500597953796,-1.2619500160217285
1763074398553,,40.993874522207946,341.875,,,
1763074398560,,,,,-0.3540000021457672,-1.2520500421524048
1763074398561,,,,11.707950592041016,,
1763074398581,,,,11.710050582885742,-0.37005001306533813,-1.5490500926971436
1763074398593,,45.41674288877288,341.875,,,
1763074398604,5.0,,,11.713050842285156,-0.3730500042438507,-1.543950080871582
1763074398619,,,,11.695950508117676,0.09795000404119492,-1.8510000705718994
1763074398633,,78.03809001590722,,,,
1763074398646,,,,11.707950592041016,0.1099500060081482,-2.454000234603882
1763074398647,5.0,,,,,
1763074398666,,,,11.706000328063965,0.11205000430345535,-2.4570000171661377
1763074398673,,74.11779769620544,,,,
1763074398679,,,90.8524402436756,,,
1763074398689,,,,11.710050582885742,-0.2749500274658203,-2.45205020904541
1763074398708,,,,12.34005069732666,-0.2939999997615814,-2.770050048828125
1763074398713,,56.65825255631708,90.8524402436756,,,
1763074398727,,,,,0.14100000262260437,
1763074398728,,,,12.655950546264648,,-2.7780001163482666
1763074398748,,,,12.6510009765625,0.16305001080036163,-3.015000104904175
1763074398749,5.0,,,,,
1763074398759,,45.857136010453,90.8524402436756,,,
1763074398768,,,,,0.49995002150535583,
1763074398769,,,,12.64905071258545,,-3.022050142288208
1763074398775,,,,13.69800090789795,-0.1380000114440918,-3.0289502143859863
1763074398793,,68.93543358849892,90.8524402436756,,,
1763074398794,,,,13.70205020904541,-0.46905001997947693,-3.010050058364868
1763074398813,3.0,,,13.963050842285156,-0.8130000233650208,-3.000000238418579
1763074398833,,68.55090358496001,,14.278950691223145,-0.8280000686645508,-3.010050058364868
1763074398851,3.0,,,,,
1763074398853,,,,15.738000869750977,-1.2370500564575195,-3.007050037384033
1763074398873,,70.14803881973845,,16.621049880981445,-1.2559500932693481,-3.01200008392334
1763074398877,,,57.97086588541667,,,
1763074398894,,,,16.6429500579834,-1.5390000343322754,-2.992950201034546
1763074398913,,65.95709285758797,57.97086588541667,,,
1763074398916,,,,16.28295135498047,-2.2710001468658447,-3.3949501514434814
1763074398937,,,,15.759000778198242,-3.406050205230713,-3.373950242996216
1763074398950,,,,15.02595043182373,-4.612950325012207,-2.943000078201294
1763074398953,,64.08453940898148,57.97086588541667,,,
1763074398963,3.0,,,,,
1763074398969,,,,,-5.547000408172607,
1763074398970,,,,13.834051132202148,,-2.482950210571289
1763074398997,,65.17163699730412,,,,
1763074399007,,,,12.52695083618164,-5.920050144195557,-2.461050033569336
1763074399009,,,,11.097000122070312,-5.611050128936768,-1.9590001106262207
1763074399029,,,,9.58905029296875,-5.251950263977051,-1.9590001106262207
1763074399031,4.0,,,,,
1763074399037,,62.25664053582726,,,,
1763074399051,,,,,-5.689950466156006,
1763074399052,,,,9.59595012664795,,-1.1539500951766968
1763074399071,4.0,,,9.606000900268555,-4.957950115203857,-0.6079500317573547
1763074399073,,66.57432810071343,,,,
1763074399077,,,82.51508440290178,,,
1763074399093,,,,9.60300064086914,-4.62000036239624,-0.5940000414848328
1763074399114,,54.17305732998099,82.51508440290178,8.77695083618164,-4.642050266265869,-0.5959500074386597
1763074399136,,,,8.346000671386719,-4.879050254821777,-0.5989500284194946
1763074399145,,,,7.894050598144531,-5.188050270080566,-0.13395000994205475
1763074399153,,49.31122239105113,82.51508440290178,,,
1763074399164,,,,,-5.920050144195557,
1763074399165,,,,7.915050506591797,,-0.11295000463724136
1763074399184,,,,,-6.7819504737854,
1763074399185,4.0,,,7.326000213623047,,-0.11295000463724136
1763074399193,,45.51468275765967,,,,
1763074399207,,,,6.78795051574707,-7.623000144958496,-0.3859500288963318
1763074399228,,,,6.78795051574707,-8.269050598144531,-0.3859500288963318
1763074399233,,36.84354365454159,,,,
1763074399236,,,170.859375,,,
1763074399251,,,,6.349950313568115,-8.282999992370605,-0.37095001339912415
1763074399252,5.0,,,,,
1763074399273,,36.92182723901636,170.859375,5.932950496673584,-8.28600025177002,-0.36900001764297485
1763074399281,,,,,-8.27595043182373,-0.37800002098083496
1763074399282,,,,5.940000057220459,,
1763074399285,5.0,,,,,
1763074399301,,,,5.947050094604492,-8.282999992370605,-0.7810500264167786
1763074399313,,37.014864332621976,170.859375,,,
1763074399339,,,,,-8.290950775146484,
1763074399340,,,,7.3120503425598145,,-1.0249500274658203
1763074399341,,,,,-9.009000778198242,-1.0030500888824463
1763074399353,,66.03199445861596,170.859375,,,
1763074399358,,,174.53125,,,
1763074399365,,,,8.79900074005127,-9.01395034790039,-1.0230000019073486
1763074399387,,,,,-8.239950180053711,
1763074399388,5.0,,,9.646050453186035,,-1.0060499906539917
1763074399393,,60.43341031111828,174.53125,,,
1763074399398,,,,10.321950912475586,-6.817950248718262,-1.0150500535964966
1763074399418,,,,11.47095012664795,-5.260050296783447,-1.0180500745773315
1763074399433,,72.41854260204242,174.53125,,,
1763074399437,,,122.62247721354166,,,
1763074399451,,,,12.02400016784668,-4.110000133514404,-1.0180500745773315
1763074399472,,,,12.02595043182373,-3.7219502925872803,-1.0230000019073486
1763074399473,,57.64712088812878,122.62247721354166,,,
1763074399476,,,,12.02595043182373,-3.220050096511841,-1.50600004196167
1763074399496,5.0,,,11.571000099182129,-2.76705002784729,-1.5010501146316528
1763074399514,,53.91478131976267,122.62247721354166,,,
1763074399516,,,,11.571000099182129,-2.1640501022338867,-1.50600004196167
1763074399538,,,,11.125950813293457,-2.1760501861572266,-1.8510000705718994
1763074399554,,43.11140910397672,,,,
1763074399563,,,,10.681050300598145,-2.1660001277923584,-1.8490500450134277
1763074399585,,,,10.401000022888184,-1.6320000886917114,-2.7490501403808594
1763074399593,,36.02127752229772,,,,
1763074399605,,,,10.422000885009766,-1.0360500812530518,-2.7270002365112305
1763074399606,5.0,,,,,
1763074399613,,,,10.422000885009766,-0.46095001697540283,-2.7270002365112305
1763074399632,,,,10.401000022888184,0.13395000994205475,-2.7490501403808594
1763074399634,,35.40975992123775,,,,
1763074399637,,,139.5751953125,,,
1763074399638,,,139.5751953125,,,
1763074399652,,,,10.378950119018555,0.4429500102996826,-2.770050048828125
1763074399672,,,,10.135050773620605,0.831000030040741,-2.751000165939331
1763074399673,,75.28415440849028,139.5751953125,,,
1763074399682,3.0,,,,,
1763074399695,,,,9.855000495910645,1.111050009727478,-2.7679500579833984
1763074399716,3.0,,,9.85200023651123,1.1179500818252563,-2.751000165939331
1763074399717,,80.28124705133035,139.5751953125,,,
1763074399721,,,159.3115234375,,,
1763074399737,,,,,1.1130000352859497,
1763074399738,,,,9.832950592041016,,-2.770050048828125
1763074399749,,,,9.84000015258789,0.4350000321865082,-2.763000249862671
1763074399753,,69.50583030052269,159.3115234375,,,
1763074399768,,,,,-0.5260500311851501,
1763074399769,,,,10.42905044555664,,-2.7340500354766846
1763074399793,,67.08650089410581,159.3115234375,,,
1763074399796,,,172.421875,,,
1763074399801,,,,11.083050727844238,-1.2660000324249268,-2.7370500564575195
1763074399822,3.0,,,11.866050720214844,-1.2780001163482666,-2.7490501403808594
1763074399827,,,,12.892951011657715,-1.2679500579833984,-2.7340500354766846
1763074399838,,45.85738193104562,172.421875,,,
1763074399847,,,,13.884000778198242,-1.2850500345230103,-2.742000102996826
1763074399866,,,,14.854050636291504,-1.8760501146316528,-2.7490501403808594
1763074399873,,64.16716446673193,172.421875,,,
1763074399885,,,,,-2.451000213623047,
1763074399886,,,,15.895950317382812,,-2.7490501403808594
1763074399907,,,,15.91200065612793,-2.7310500144958496,-2.4690001010894775
1763074399914,,60.889427630286264,172.421875,,,
1763074399917,,,127.55859375,,,
1763074399931,,,,,-2.7460501194000244,
1763074399932,3.0,,,16.43400001525879,,-2.461050033569336
1763074399953,,60.15121141880317,127.55859375,,,
1763074399956,,,,16.450950622558594,-2.371950149536133,-2.45205020904541
1763074399978,,,,16.045949935913086,-2.1280500888824463,-2.4570000171661377
1763074399983,,,,15.213000297546387,-2.580000162124634,-2.4589500427246094
1763074399997,,61.4093683837458,127.55859375,,,
1763074400004,,,,14.932950973510742,-2.9830501079559326,-2.464050054550171
1763074400025,,,,14.4660005569458,-3.636000156402588,-2.4570000171661377
1763074400038,,75.25601128115856,,,,
1763074400045,,,,,-4.318950176239014,-2.4690001010894775
1763074400046,,,,13.546950340270996,,
1763074400049,3.0,,,,,
1763074400065,,,,12.268050193786621,-5.080050468444824,-2.1310501098632812
1763074400073,,75.03582795767066,,,,
1763074400077,,,85.15879313151041,,,
1763074400086,,,,10.77405071258545,-5.784000396728516,-2.1259500980377197
1763074400100,,,,9.891000747680664,-5.805000305175781,-2.1289501190185547
1763074400113,,72.2255575425373,85.15879313151041,,,
1763074400119,,,,,-5.785950183868408,-1.7500500679016113
1763074400120,,,,9.164999961853027,,
1763074400152,3.0,,,7.936950206756592,-5.1160502433776855,-1.7430000305175781
1763074400153,,63.73656601772903,85.15879313151041,,,
1763074400158,,,,6.937950134277344,-4.548000335693359,-1.7359501123428345
1763074400178,,,,,-4.564949989318848,
1763074400179,,,,5.890050411224365,,-0.8530500531196594
1763074400197,,57.73160927765798,,,-4.275000095367432,
1763074400198,,,85.15879313151041,5.193000316619873,,-0.364050030708313
1763074400220,,,,5.212050437927246,-4.648950099945068,-0.3450000286102295
1763074400233,,51.732082142399676,,,,
1763074400241,,,,5.2099504470825195,-4.671000003814697,-0.3469500243663788
1763074400252,3.0,,,,,
1763074400268,,,,5.215050220489502,-4.651050090789795,-0.3430500030517578
1763074400277,,47.25496881079736,,,,
1763074400281,,,69.84163411458334,,,
1763074400289,,,,5.200050354003906,-4.254000186920166,-0.3570000231266022
1763074400296,,,,5.703000068664551,-4.627050399780273,-0.3430500030517578
1763074400313,,48.68244739685405,69.84163411458334,,,
1763074400314,,,,6.745050430297852,-5.109000205993652,-0.364050030708313
1763074400333,4.0,,,8.016000747680664,-5.712000370025635,-0.35895001888275146
1763074400353,,,,,-5.724000453948975,
1763074400354,4.0,45.01522769233272,69.84163411458334,8.827950477600098,,-0.7950000166893005
1763074400358,,,70.836181640625,,,
1763074400376,,,,9.259050369262695,-5.731050491333008,-1.0750499963760376
1763074400397,,46.01326142740838,70.836181640625,,,
1763074400398,,,,,-5.724000453948975,-1.0579500198364258
1763074400399,,,,9.27495002746582,,
1763074400419,,,,10.027050018310547,-5.728950500488281,-1.054050087928772
1763074400431,,,,10.73805046081543,-6.343950271606445,-1.0609500408172607
1763074400433,,41.97498127625033,70.836181640625,,,
1763074400438,,,67.8785400390625,,,
1763074400450,,,,,-7.018950462341309,
1763074400451,,,,11.169000625610352,,-1.055999994277954
1763074400464,4.0,,,,,
1763074400470,,,,10.717050552368164,-7.630050182342529,-1.068000078201294
1763074400473,,40.96247469775211,67.8785400390625,,,
1763074400508,,,,,-7.64400053024292,
1763074400509,,,,10.393050193786621,,-1.054050087928772
1763074400510,,,,10.056000709533691,-6.315000534057617,-1.0660500526428223
1763074400513,,45.07140626369412,67.8785400390625,,,
1763074400531,,,,10.069950103759766,-5.050950050354004,-1.0609500408172607
1763074400552,,,,,-3.8520002365112305,
1763074400553,,36.490907442899186,67.8785400390625,10.795950889587402,,-1.0630500316619873
1763074400573,,,,,-3.306000232696533,
1763074400574,4.0,,,11.169000625610352,,-1.0579500198364258
1763074400587,,,,,-2.737950086593628,-1.0750499963760376
1763074400588,,,,11.169000625610352,,
1763074400597,,36.55867594479019,,,,
1763074400619,,,,10.73805046081543,-2.7430500984191895,-1.0699501037597656
1763074400633,,36.15723108061693,,,,
1763074400637,,,1508.57421875,,,
1763074400645,,,,10.756950378417969,-2.1349501609802246,-1.4130001068115234
1763074400669,,,,10.99905014038086,-1.1440500020980835,-1.9440001249313354
1763074400673,,38.57044690568352,1508.57421875,,,
1763074400692,4.0,,,10.401000022888184,-0.7770000100135803,-2.9070000648498535
1763074400712,,,,,-0.23205001652240753,
1763074400713,,38.32166887739962,1508.57421875,10.408050537109375,,-2.8999500274658203
1763074400734,,,,10.77405071258545,0.26295000314712524,-2.9160001277923584
1763074400743,,,,11.413050651550293,1.1680500507354736,-2.91195011138916
1763074400753,,41.13510395030094,,,,
1763074400762,,,,,1.4119501113891602,
1763074400763,,,,11.404050827026367,,-2.9160001277923584
1763074400767,1.0,,,,,
1763074400782,,,,,1.8720000982284546,
1763074400783,,,,11.398950576782227,,-2.920950174331665
1763074400794,,68.39718371296127,,,,
1763074400805,,,,11.410950660705566,2.5540502071380615,-2.5410001277923584
1763074400807,1.0,,,,,
1763074400829,,,,11.773050308227539,2.5540502071380615,-2.1450002193450928
1763074400833,,63.231959039374495,,,,
1763074400839,,,250.4443359375,,,
1763074400851,,,,,2.5759501457214355,
1763074400852,,,,12.02400016784668,,-1.771950125694275
1763074400874,,75.2409987045077,250.4443359375,12.007050514221191,2.5690500736236572,-1.7890501022338867
1763074400880,,,,12.441000938415527,2.5639500617980957,-1.7839500904083252
1763074400900,,,,12.052950859069824,1.771950125694275,-1.7820000648498535
1763074400917,,81.6031333947289,250.4443359375,,,
1763074400918,1.0,,,,,
1763074400919,,,,11.563950538635254,1.0390501022338867,-1.7910001277923584
1763074400940,,,,11.305950164794922,0.6510000228881836,-1.7860500812530518
1763074400957,,79.201027454631,,,,
1763074400962,,,,11.296050071716309,0.6700500249862671,-1.7820000648498535
1763074400984,,,,,0.3060000240802765,
1763074400985,3.0,,,11.836950302124023,,-1.7770501375198364
1763074400997,,77.0833458084052,,,,
1763074401001,,,140.8251953125,,,
1763074401010,,,,12.238950729370117,-0.46905001997947693,-1.7670000791549683
1763074401016,,,,12.256050109863281,-0.8640000224113464,-1.755000114440918
1763074401018,3.0,,,,,
1763074401033,,62.77799713670662,140.8251953125,,,
1763074401036,,,,,-0.8710500597953796,
1763074401037,,,,12.994050979614258,,-1.771950125694275
1763074401056,,,,13.840950965881348,-0.598050057888031,-1.758000135421753
1763074401075,,,,15.127050399780273,-0.6049500107765198,-1.7500500679016113
1763074401077,,65.74627659416274,140.8251953125,,,
1763074401099,,,,16.606950759887695,-0.6150000095367432,-0.5509500503540039
1763074401113,,62.73076636592972,140.8251953125,,,
1763074401116,,,170.546875,,,
1763074401121,,,,17.137950897216797,-0.6190500259399414,0.4900500178337097
1763074401123,3.0,,,,,
1763074401133,,,,16.246950149536133,-1.4599500894546509,0.8850000500679016
1763074401152,,,,,-1.8259501457214355,
1763074401153,,59.794901368101065,170.546875,15.02595043182373,,0.906000018119812
1763074401191,,,,13.963050842285156,-1.8330000638961792,0.8899500370025635
1763074401193,,66.64389364387765,170.546875,12.139050483703613,-1.8379501104354858,0.8940000534057617
1763074401198,,,152.763671875,,,
1763074401220,,,,,-1.8430501222610474,
1763074401221,,,,10.981950759887695,,0.8989500403404236
1763074401233,,59.75654619512798,152.763671875,,,
1763074401243,,,,10.14900016784668,-1.8330000638961792,1.27305006980896
1763074401244,3.0,,,,,
1763074401250,,,,,-1.467000126838684,
1763074401251,,,,8.77695083618164,,1.2940500974655151
1763074401269,,,,,-0.9000000357627869,
1763074401270,,,,7.858050346374512,,1.2769500017166138
1763074401274,,65.3222250173342,152.763671875,,,
1763074401277,,,170.234375,,,
1763074401289,,,,7.282950401306152,-0.33195000886917114,0.8850000500679016
1763074401311,,,,6.8520002365112305,-0.05895000323653221,0.8629500269889832
1763074401313,,59.281522246269574,170.234375,,,
1763074401333,,,,,0.1980000138282776,
1763074401334,,,,6.8359503746032715,,0.8680500388145447
1763074401353,,54.63124863113361,170.234375,,,
1763074401355,,,,6.262950420379639,-0.20295001566410065,0.13095000386238098
1763074401356,3.0,,,,,
1763074401367,,,,6.262950420379639,-0.22395001351833344,0.13095000386238098
1763074401386,,,,,-0.22395001351833344,
1763074401387,,,,6.571950435638428,,0.13095000386238098
1763074401393,,46.50419146395825,170.234375,,,
1763074401396,,,159.3896484375,,,
1763074401406,,,,,-0.19095000624656677,
1763074401407,,,,7.282950401306152,,-0.7020000219345093
1763074401426,,,,7.635000228881836,-0.20295001566410065,-0.6990000605583191
1763074401433,,46.16575893001742,159.3896484375,,,
1763074401447,,,,,-0.7770000100135803,
1763074401448,,,,7.63800048828125,,-0.6990000605583191
1763074401468,3.0,,,7.930050373077393,-0.7890000343322754,-0.687000036239624
1763074401473,,49.96370087315026,159.3896484375,,,
1763074401476,,,192.626953125,,,
1763074401484,,,,7.948950290679932,-1.27305006980896,-1.054050087928772
1763074401503,,,,,-1.812000036239624,
1763074401504,,,,7.2109503746032715,,-1.0459500551223755
1763074401517,,40.9412669026014,192.626953125,,,
1763074401536,,,,7.228050231933594,-1.821000099182129,-1.3549500703811646
1763074401554,,43.056270001139,192.626953125,,,
1763074401557,,,,7.231050491333008,-2.638050079345703,-1.336050033569336
1763074401562,,,,6.579000473022461,-3.1120500564575195,-1.3410000801086426
1763074401582,,,,7.3690505027771,-2.710050106048584,-1.336050033569336
1763074401583,3.0,,,,,
1763074401593,,40.3208760165528,,,,
1763074401603,,,,8.368050575256348,-2.401050090789795,-1.6930500268936157
1763074401626,,,,9.451950073242188,-1.6819500923156738,-2.281949996948242
1763074401633,,40.29735423294262,,,,
1763074401648,,,,10.279050827026367,-1.6849501132965088,-2.281949996948242
1763074401674,,36.224046528970966,,,-1.7020500898361206,-1.6930500268936157
1763074401675,,,,10.294950485229492,,
1763074401677,,,3259.4677734375,,,
1763074401696,,,,9.60300064086914,-1.7040001153945923,-1.390950083732605
1763074401697,3.0,,,,,
1763074401699,,,,8.77695083618164,-2.1850500106811523,-1.3699500560760498
1763074401713,,37.29106267629475,3259.4677734375,,,
1763074401720,,,,7.879050254821777,-2.809950113296509,-1.390950083732605
1763074401741,,,,7.9009504318237305,-2.8320000171661377,-2.302950143814087
1763074401753,,43.32740892693609,3259.4677734375,,,
1763074401763,,,,10.006050109863281,-2.200050115585327,-2.290950059890747
1763074401786,,,,11.830050468444824,-1.27305006980896,-2.284050226211548
1763074401793,,49.0112714905503,,,,
1763074401806,,,,,-0.5550000071525574,-2.284050226211548
1763074401807,3.0,,,12.30405044555664,,
1763074401815,,,,,0.364050030708313,
1763074401816,,,,12.61305046081543,,-1.8870000839233398
1763074401835,,,,12.60300064086914,0.9100500345230103,-1.3410000801086426
1763074401837,,39.40294538840444,,,,
1763074401839,,,142.0751953125,,,
1763074401840,,,142.0751953125,,,
1763074401855,,,,12.598950386047363,1.5130500793457031,-1.3549500703811646
1763074401873,,38.90837170799139,142.0751953125,,,
1763074401874,,,,11.923050880432129,1.8000000715255737,-1.3549500703811646
1763074401893,,,,,2.1090002059936523,-0.4140000343322754
1763074401894,,,,11.911050796508789,,
1763074401915,3.0,,,11.916000366210938,2.5830001831054688,0.31005001068115234
1763074401917,,41.67636488575532,142.0751953125,,,
1763074401936,,,,11.19795036315918,2.920950174331665,0.30105000734329224
1763074401953,,54.1428636130326,,,,
1763074401954,,,142.0751953125,,,
1763074401957,,,,10.939050674438477,2.9350502490997314,0.31005001068115234
1763074401971,,,,,2.92995023727417,
1763074401979,,,,11.406000137329102,,0.29100000858306885
1763074401993,,68.25802666695678,,,,
1763074402000,,,,12.570000648498535,3.589050054550171,0.30300000309944153
1763074402025,3.0,,,13.446001052856445,3.8550002574920654,0.30105000734329224
1763074402029,,,,,4.414950370788574,
1763074402030,,,,14.473051071166992,,0.29100000858306885
1763074402033,,55.949359629236824,,,,
1763074402045,,,81.90181187220982,,,
1763074402049,,,,,4.4320502281188965,0.29805001616477966
1763074402050,,,,15.105000495910645,,
1763074402072,4.0,,,15.643950462341309,4.417050361633301,-0.06195000186562538
1763074402076,,75.7769248808138,81.90181187220982,,,
1763074402094,,,,15.642001152038574,3.415950059890747,-0.06495000422000885
1763074402113,,72.54860111832656,81.90181187220982,,,
1763074402115,,,,16.003049850463867,2.5759501457214355,-0.7020000219345093
1763074402137,,,,16.46295166015625,2.0440499782562256,-0.7210500240325928
1763074402138,4.0,,,,,
1763074402146,,,,,1.5700501203536987,
1763074402147,,,,17.260051727294922,,-0.7020000219345093
1763074402153,,53.009565557728905,,,,
1763074402166,,,,17.503950119018555,1.5750000476837158,-0.7060500383377075
1763074402185,,,,,0.8380500674247742,
1763074402186,,,,16.312049865722656,,-0.7110000252723694
1763074402193,,67.24335591762505,,,,
1763074402205,,,,13.834051132202148,0.07605000585317612,-0.7159500122070312
1763074402227,,,,12.412050247192383,-1.194000005722046,-0.690000057220459
1763074402233,,55.24544321672262,,,,
1763074402237,,,128.26171875,,,
1763074402238,4.0,,,,,
1763074402251,,,,11.184000968933105,-1.7400001287460327,-0.6949500441551208
1763074402273,,60.770875651074846,128.26171875,10.393050193786621,-2.3149502277374268,-1.2619500160217285
1763074402283,,,,9.718050003051758,-2.7739500999450684,-1.2499500513076782
1763074402302,,,,,-3.1050002574920654,
1763074402303,,,,9.724950790405273,,-0.931950032711029
1763074402313,,55.154038837167874,128.26171875,,,
1763074402342,4.0,,,9.727950096130371,-2.7960002422332764,-0.5719500184059143
1763074402358,,50.17454591572654,,,,
1763074402364,,,,8.188050270080566,-2.817000150680542,-0.5650500059127808
1763074402385,,,,7.513050556182861,-2.7960002422332764,-0.5629500150680542
1763074402393,,48.18600272243516,,,,
1763074402395,,,170.546875,,,
1763074402408,,,,7.147050380706787,-3.378000259399414,-0.2989500164985657
1763074402419,,,,,-3.643050193786621,
1763074402420,,,,6.7159504890441895,,-0.28005000948905945
1763074402450,4.0,,,6.313950061798096,-3.6600000858306885,-0.286950021982193
1763074402453,,48.64948569606483,170.546875,,,
1763074402471,,,,,-3.6600000858306885,
1763074402472,,,,6.3259501457214355,,-0.286950021982193
1763074402473,,40.11443873756931,170.546875,,,
1763074402478,,,,6.333000183105469,-3.643050193786621,-0.28005000948905945
1763074402497,,,,,-3.6600000858306885,
1763074402498,,,,6.3259501457214355,,-0.286950021982193
1763074402517,,41.032937904236874,170.546875,6.88800048828125,-4.504950046539307,-0.28005000948905945
1763074402539,,,,7.513050556182861,-5.044050216674805,-0.29205000400543213
1763074402551,4.0,,,,,
1763074402553,,43.030775229132374,,,,
1763074402564,,,,,-5.061000347137451,
1763074402565,,,,7.815000534057617,,-0.62295001745224
1763074402590,,,,7.824000358581543,-5.310000419616699,-1.1329500675201416
1763074402597,,41.13872782242509,,,,
1763074402604,,,213.84765625,,,
1763074402615,,,,8.217000007629395,-5.331000328063965,-1.434000015258789
1763074402633,,42.587899425061586,213.84765625,,,
1763074402637,,,,9.481050491333008,-6.150000095367432,-1.4220000505447388
1763074402664,,,,,-6.754050254821777,-1.699950098991394
1763074402665,,,,10.020000457763672,,
1763074402666,4.0,,,,,
1763074402673,,36.997155921815846,213.84765625,,,
1763074402677,,,127.32421875,,,
1763074402686,,,,10.342950820922852,-6.757950305938721,-1.9590001106262207
1763074402692,,,,10.824000358581543,-6.178950309753418,-1.9420500993728638
1763074402712,,,,12.232050895690918,-4.720950126647949,-1.699950098991394
1763074402718,,40.31311531310362,127.32421875,,,
1763074402732,,,,,-3.535950183868408,-1.6930500268936157
1763074402733,,,,13.044000625610352,,
1763074402754,,39.442469288913045,127.32421875,,,
1763074402756,,,,13.051050186157227,-2.7460501194000244,-1.434000015258789
1763074402780,,,,,-2.428950071334839,
1763074402781,4.0,,,13.045950889587402,,-1.432050108909607
1763074402793,,39.36895837697755,127.32421875,,,
1763074402798,,,100.58154296875,,,
1763074402805,,,,,-2.449050188064575,
1763074402806,,,,12.232050895690918,,-1.4130001068115234
1763074402827,,,,11.421000480651855,-1.812000036239624,-1.4269500970840454
1763074402829,,,,10.717050552368164,-1.4740500450134277,-1.6789500713348389
1763074402837,,37.332292106002974,,,,
1763074402838,,,100.58154296875,,,
1763074402851,,,,10.200000762939453,-1.065000057220459,-1.675950050354004
1763074402873,,,,9.654000282287598,-0.7129500508308411,-1.6690500974655151
1763074402874,,36.039947362095624,100.58154296875,,,
1763074402887,,,,9.28695011138916,-0.46095001697540283,-1.168950080871582
1763074402896,4.0,,,,,
1763074402914,,37.07159216108214,,,,
1763074402922,,,,9.301950454711914,-0.47805002331733704,-1.1539500951766968
1763074402945,,,,9.769050598144531,-0.10200000554323196,-1.1710500717163086
1763074402946,3.0,,,,-0.08295000344514847,
1763074402953,,57.69883094532815,,,,
1763074402958,,,117.89318266369048,,,
1763074402969,,,,9.759000778198242,-0.09495000541210175,-1.1779500246047974
1763074402993,,68.7441347986144,,,,
1763074402994,,,117.89318266369048,10.249950408935547,0.24195000529289246,-1.1809500455856323
1763074402997,3.0,,,,,
1763074403004,,,,11.19105052947998,0.7300500273704529,-0.6799500584602356
1763074403033,,52.14246540778184,117.89318266369048,,,
1763074403042,,,,11.47800064086914,1.1179500818252563,-0.6829500198364258
1763074403044,,,,11.46405029296875,0.8659500479698181,-0.6949500441551208
1763074403065,,,,11.47800064086914,0.34905001521110535,-0.6799500584602356
1763074403073,,46.522792448417746,117.89318266369048,,,
1763074403076,,,124.74609375,,,
1763074403089,,,,,0.361050009727478,
1763074403111,,,,,0.8380500674247742,
1763074403112,3.0,,,12.670050621032715,,-0.690000057220459
1763074403113,,65.0010391753485,124.74609375,,,
1763074403121,,,,13.030050277709961,1.333050012588501,-1.3050000667572021
1763074403154,,74.08472286120217,124.74609375,,,
1763074403157,,,146.279296875,,,
1763074403161,,,,13.021950721740723,1.3380000591278076,-1.3120501041412354
1763074403185,,,,,-0.43995001912117004,
1763074403186,,,,13.669050216674805,,-2.1529500484466553
1763074403193,,66.46838059093413,146.279296875,,,
1763074403211,,,,14.329950332641602,-0.7129500508308411,-2.143050193786621
1763074403233,,,,15.22800064086914,-0.7129500508308411,-2.143050193786621
1763074403234,3.0,67.77016415653839,146.279296875,,,
1763074403237,,,150.732421875,,,
1763074403238,,,150.732421875,15.952950477600098,-0.7249500155448914,-2.1310501098632812
1763074403258,,,,15.970050811767578,-0.7200000286102295,-2.136000156402588
1763074403273,,68.4225976298097,150.732421875,,,
1763074403284,,,,,-1.3950001001358032,
1763074403285,,,,15.271050453186035,,-2.1310501098632812
1763074403310,,,,14.52405071258545,-2.1640501022338867,-2.1529500484466553
1763074403316,,63.511579718205525,150.732421875,13.747950553894043,-2.8320000171661377,-2.490000009536743
1763074403346,,,,13.137001037597656,-3.507000207901001,-2.4880502223968506
1763074403348,3.0,,,,,
1763074403353,,62.37489346056275,,,,
1763074403373,,,,,-4.138950347900391,
1763074403374,,,,12.02400016784668,-4.1509504318237305,-2.4780001640319824
1763074403398,,57.746676148476425,,,,
1763074403400,,,,9.53895092010498,-4.1610002517700195,-1.8079501390457153
1763074403427,,,,8.634000778198242,-3.8520002365112305,-1.7959500551223755
1763074403433,,72.8809000890934,,,,
1763074403438,,,60.10232979910714,,,
1763074403451,,,,8.116050720214844,-3.6070501804351807,-1.801050066947937
1763074403453,,,,8.404050827026367,-3.6120002269744873,-1.054050087928772
1763074403473,3.0,64.10710388684231,60.10232979910714,8.421000480651855,-3.616950273513794,-1.0369499921798706
1763074403497,,,,8.131050109863281,-3.6150002479553223,-0.7519500255584717
1763074403513,,52.140011846824315,60.10232979910714,,,
1763074403519,,,,,-3.6150002479553223,
1763074403520,,,,8.145000457763672,,-0.7380000352859497
1763074403541,,,,8.133000373840332,-3.627000093460083,-0.7500000596046448
1763074403549,,,,,-3.95205020904541,
1763074403550,,,,8.503950119018555,,-0.7350000143051147
1763074403553,,44.2276174480878,,,,
1763074403569,,,,,-4.267950057983398,-0.32805001735687256
1763074403570,,,,8.526000022888184,,
1763074403597,4.0,45.94390890253888,,8.74905014038086,-4.671000003814697,-0.31095001101493835
1763074403605,,,39.32484944661458,,,
1763074403624,,,,8.758049964904785,-5.238000392913818,-0.31905001401901245
1763074403627,,,,,-5.820000171661377,
1763074403628,,,,8.7649507522583,,-0.31095001101493835
1763074403633,,42.02947542092539,39.32484944661458,,,
1763074403657,,,,,-5.824950218200684,-0.30705001950263977
1763074403658,,,,8.152050018310547,,
1763074403673,,40.42158247461116,39.32484944661458,,,
1763074403684,,,,7.140000343322754,-5.829000473022461,-0.6300000548362732
1763074403686,,,,6.213000297546387,-6.258000373840332,-0.8880000710487366
1763074403714,,39.14896766154984,39.32484944661458,,,
1763074403719,,,,,-6.961950302124023,-0.8790000677108765
1763074403720,4.0,,,5.95395040512085,,
1763074403742,,,,,-7.558050155639648,
1763074403743,,,,5.962050437927246,,-0.8809500336647034
1763074403744,,,,6.766050338745117,-7.852950572967529,-1.3050000667572021
1763074403753,,38.64323734578591,,,,
1763074403765,,,,7.65000057220459,-7.600950241088867,-1.6570501327514648
1763074403791,,,,8.554950714111328,-6.982950210571289,-1.6500000953674316
1763074403793,,40.50912932405482,,,,
1763074403803,,,218.81158737909226,,,
1763074403816,6.0,,,9.546000480651855,-5.8560004234313965,-1.6519501209259033
1763074403819,6.0,,,,,
1763074403833,,39.09409801416566,218.81158737909226,,,
1763074403839,,,,10.494000434875488,-5.152050018310547,-1.6380001306533813
1763074403842,,,,10.852950096130371,-4.785000324249268,-1.645050048828125
1763074403861,,,,10.870050430297852,-4.789950370788574,-1.6399500370025635
1763074403873,,38.357459896168464,218.81158737909226,,,
1763074403878,,,164.8121337890625,,,
1763074403883,,,,10.864950180053711,-4.785000324249268,-1.645050048828125
1763074403909,,,,10.860000610351562,-4.468950271606445,-1.6500000953674316
1763074403913,,37.69151082581146,164.8121337890625,,,
1763074403930,,,,,-4.06695032119751,-1.3189500570297241
1763074403931,6.0,,,10.864950180053711,,
1763074403951,,,,,-3.43500018119812,
1763074403952,,,,10.855950355529785,,-1.3170000314712524
1763074403953,,36.13605682501944,164.8121337890625,,,
1763074403973,,,,10.855950355529785,-2.9320502281188965,-0.9960000514984131
1763074403993,,35.84438538347448,164.8121337890625,,,
1763074403994,,,,10.872000694274902,-2.1349501609802246,-0.9769500494003296
1763074403998,,,182.87318638392856,,,
1763074404016,,,,10.852950096130371,-1.6609500646591187,-0.9960000514984131
1763074404018,,,,10.864950180053711,-1.2660000324249268,-0.984000027179718
1763074404034,,36.22472072975805,182.87318638392856,,,
1763074404042,3.0,,,11.125950813293457,-0.9139500260353088,-1.2690000534057617
1763074404043,3.0,,,,,
1763074404065,,,,11.614950180053711,-0.5260500311851501,-1.2550500631332397
1763074404073,,51.36930992684715,182.87318638392856,,,
1763074404086,,,,,-0.0880500078201294,
1763074404087,,,,11.598000526428223,,-1.2859500646591187
1763074404110,,,,12.484050750732422,-0.07304999977350235,-1.276050090789795
1763074404113,,50.71060094841929,,,,
1763074404114,,,,,0.37095001339912415,
1763074404115,,,,12.727951049804688,,-1.966050148010254
1763074404134,,,,12.706050872802734,0.37095001339912415,-2.245950222015381
1763074404154,,48.35950619604512,,,,
1763074404157,3.0,,99.951171875,12.706050872802734,-0.13095000386238098,-2.2680001258850098
1763074404178,,,,12.718050956726074,-0.14295001327991486,-2.25600004196167
1763074404194,,58.95470463495539,99.951171875,,,
1763074404201,,,,13.224000930786133,0.23400001227855682,-2.2510499954223633
1763074404223,,,,13.221000671386719,0.2560500204563141,-2.2480502128601074
1763074404231,,,,13.21605110168457,0.2370000183582306,-2.253000020980835
1763074404233,,54.96880155396978,99.951171875,,,
1763074404239,4.0,,,,,
1763074404251,,,,13.611001014709473,-0.2670000195503235,-2.2270500659942627
1763074404269,4.0,,,,,
1763074404271,,,,14.085000991821289,-0.28200000524520874,-2.2360501289367676
1763074404273,,62.675029410543715,99.951171875,,,
1763074404278,,,107.900390625,,,
1763074404294,,,,15.034050941467285,-0.2749500274658203,-2.244000196456909
1763074404314,,52.50122798299259,107.900390625,,,
1763074404317,,,,,0.025950001552700996,-2.2579500675201416
1763074404318,,,,15.442951202392578,,
1763074404342,,,,15.426000595092773,0.0070500001311302185,-2.6200501918792725
1763074404348,,,,15.112950325012207,-1.3020000457763672,-2.6200501918792725
1763074404353,,51.933544350189536,107.900390625,,,
1763074404368,,,,15.133951187133789,-2.329050064086914,-2.5980000495910645
1763074404369,4.0,,,,,
1763074404388,,,,15.132000923156738,-3.283950090408325,-2.599950075149536
1763074404393,,61.681685512902035,,,,
1763074404411,,,,,-3.5719501972198486,-2.599950075149536
1763074404412,,,,15.132000923156738,,
1763074404433,,62.08854887855553,,,,
1763074404434,,,,14.839950561523438,-4.1170501708984375,-2.6050500869750977
1763074404437,,,243.8818359375,,,
1763074404456,,,,,-4.504950046539307,
1763074404457,,,,14.164051055908203,,-2.599950075149536
1763074404465,,,,13.288050651550293,-4.777950286865234,-2.614950180053711
1763074404470,4.0,,,,,
1763074404474,,62.002595287982054,243.8818359375,,,
1763074404484,,,,,-5.058000087738037,
1763074404486,,,,12.634950637817383,,-2.5980000495910645
1763074404504,,,,,-5.070000171661377,
1763074404505,,,,11.428050994873047,,-2.6100001335144043
1763074404517,,54.661734822132566,243.8818359375,,,
1763074404527,,,,10.623000144958496,-4.750050067901611,-2.6200501918792725
1763074404549,,,,9.919050216674805,-4.764000415802002,-1.8870000839233398
1763074404553,,49.31314218541004,243.8818359375,,,
1763074404557,,,227.4267578125,,,
1763074404570,,,,9.273000717163086,-4.993950366973877,-1.0249500274658203
1763074404573,4.0,,,,,
1763074404582,,,,8.740950584411621,-5.013000011444092,-0.5080500245094299
1763074404593,,47.30578770864334,,,,
1763074404594,,,227.4267578125,,,
1763074404601,,,,,-5.008050441741943,
1763074404602,,,,8.230950355529785,,-0.48900002241134644
1763074404621,,,,7.686000347137451,-4.9960503578186035,-0.2639999985694885
1763074404633,,52.67113994300834,227.4267578125,,,
1763074404644,,,,7.261950492858887,-5.008050441741943,-0.2440500110387802
1763074404666,,,,7.264050483703613,-5.014950275421143,-0.26100000739097595
1763074404677,,61.782892632432905,,,,
1763074404687,3.0,,,,,
1763074404688,3.0,,,6.751950263977051,-5.323950290679932,-0.2639999985694885
1763074404710,,,,,-6.093000411987305,
1763074404711,,,,6.285000324249268,,-0.26100000739097595
1763074404713,,52.42727316405958,,,,
1763074404717,,,118.9794921875,,,
1763074404718,,,,,-6.379950523376465,
1763074404719,,,,6.28695011138916,,-0.26100000739097595
1763074404738,,,,,-6.379950523376465,
1763074404739,,,,6.910050392150879,,-0.26100000739097595
1763074404753,,72.69642472345508,118.9794921875,,,
1763074404757,,,,,,-0.24195000529289246
1763074404758,,,,6.607950210571289,-6.39900016784668,
1763074404780,,,,6.241950511932373,-6.0420002937316895,-0.62295001745224
1763074404793,,72.28768596608076,118.9794921875,,,
1763074404802,,,,,-6.481050491333008,
1763074404803,3.0,,,6.522000312805176,,-0.6150000095367432
1763074404825,,,,7.176000118255615,-7.228050231933594,-0.8880000710487366
1763074404833,,67.66169977059276,118.9794921875,,,
1763074404835,,,,,-7.246950149536133,
1763074404836,,,,7.807950496673584,,-0.8809500336647034
1763074404855,,,,8.1739501953125,-7.242000579833984,-0.8860500454902649
1763074404873,,63.67747976661881,,,,
1763074404893,6.0,,,8.503950119018555,-6.817950248718262,-0.8790000677108765
1763074404894,,,,9.280050277709961,-6.294000148773193,-0.8760000467300415
1763074404903,6.0,,,,,
1763074404917,,73.5645620197154,,,,
1763074404918,,,,9.919050216674805,-5.877000331878662,-0.8860500454902649
1763074404921,,,39.57005092075893,,,
1763074404940,,,,10.336050033569336,-5.877000331878662,-0.8860500454902649
1763074404953,,63.15107339660366,39.57005092075893,,,
1763074404962,,,,10.354950904846191,-5.583000183105469,-0.8689500689506531
1763074404972,,,,10.348050117492676,-5.599950313568115,-1.204050064086914
1763074404993,,56.794488374172296,39.57005092075893,,,
1763074405008,,,,10.939050674438477,-4.885950088500977,-1.5709500312805176
1763074405009,6.0,,,,,
1763074405011,,,,,-4.3470001220703125,
1763074405012,,,,10.944000244140625,,-1.5660001039505005
1763074405031,,,,10.956000328063965,-3.8800501823425293,-1.5540000200271606
1763074405033,,47.74378356509384,,,,
1763074405056,,,,10.954050064086914,-3.4710001945495605,-1.2400500774383545
1763074405073,,45.952742926250295,,,,
1763074405077,,,,,-2.7529501914978027,-1.225950002670288
1763074405078,,,,10.954050064086914,,
1763074405088,,,,,-1.8979500532150269,
1763074405089,,,,11.815950393676758,,-1.2190500497817993
1763074405113,,71.59435333566117,,,,
1763074405116,,,132.79296875,,,
1763074405124,3.0,,,12.168000221252441,-1.2160500288009644,-1.2310500144958496
1763074405128,,,,12.168000221252441,-0.8710500597953796,-1.2400500774383545
1763074405148,,,,12.177000999450684,-0.49695003032684326,-1.2310500144958496
1763074405153,,69.2074214952673,132.79296875,,,
1763074405167,,,,,-0.5070000290870667,-1.221000075340271
1763074405168,,,,12.187050819396973,,
1763074405191,,,,12.160050392150879,-0.07304999977350235,-1.2480000257492065
1763074405193,,71.44996166502521,132.79296875,,,
1763074405213,,,,12.634950637817383,0.2989500164985657,-1.2619500160217285
1763074405233,,71.39182131073939,,,,
1763074405234,,,,,0.3160500228404999,
1763074405235,3.0,,,12.619950294494629,,-1.2550500631332397
1763074405262,,,,12.62505054473877,0.31095001101493835,-1.2499500513076782
1763074405264,,,,12.622950553894043,0.025950001552700996,-1.2520500421524048
1763074405273,,57.23054511066354,,,,
1763074405277,,,295.0732421875,,,
1763074405284,,,,,0.34200000762939453,
1763074405285,,,,13.201951026916504,,-1.2570000886917114
1763074405313,,57.59337171193351,295.0732421875,,,
1763074405315,,,,,0.6649500131607056,
1763074405316,,,,13.531950950622559,,-1.2450000047683716
1763074405342,,,,13.52505111694336,0.6679500341415405,-1.2480000257492065
1763074405343,4.0,,,,,
1763074405353,,64.15914269073784,295.0732421875,,,
1763074405367,,,,14.860950469970703,0.32805001735687256,-1.2430500984191895
1763074405392,,,,15.565051078796387,0.3349500298500061,-1.2499500513076782
1763074405393,,61.31740914245508,295.0732421875,,,
1763074405398,,,309.1064453125,,,
1763074405400,,,,16.413000106811523,0.3330000042915344,-1.2480000257492065
1763074405420,,,,16.951051712036133,0.32805001735687256,-2.052000045776367
1763074405433,,45.26646206511415,309.1064453125,,,
1763074405441,,,,16.935001373291016,-0.016050001606345177,-2.505000114440918
1763074405469,,,,16.951051712036133,-0.7270500063896179,-2.505000114440918
1763074405470,4.0,,,,,
1763074405476,,44.98663732613521,309.1064453125,,,
1763074405501,,,,16.570951461791992,-1.6680001020431519,-2.863950252532959
1763074405513,,46.841505665652775,,,,
1763074405529,,,,15.92400074005127,-4.204050064086914,-3.1180500984191895
1763074405537,,,,14.782051086425781,-5.389050483703613,-3.1060502529144287
1763074405553,,61.109583456936,,,,
1763074405556,,,315.498046875,,,
1763074405557,,,315.498046875,,,
1763074405558,,,,13.920001029968262,-6.1210503578186035,-3.1150500774383545
1763074405579,,,,,-6.133050441741943,
1763074405580,4.0,,,12.454950332641602,,-3.1030502319335938
1763074405593,,72.11385287328021,315.498046875,,,
1763074405604,,,,11.176050186157227,-6.1210503578186035,-3.1150500774383545
1763074405629,,,,,-6.13800048828125,
1763074405630,,,,10.824000358581543,,-2.7270002365112305
1763074405633,,74.4790445433512,315.498046875,,,
1763074405634,,,,10.329000473022461,-6.141000270843506,-1.699950098991394
1763074405657,,,,9.259050369262695,-5.748000144958496,-0.7950000166893005
1763074405673,,70.15850915668454,315.498046875,,,
1763074405677,,,317.2314453125,,,
1763074405683,,,,,-5.764950275421143,
1763074405684,,,,8.590950012207031,,-0.4930500090122223
1763074405688,4.0,,,,,
1763074405705,,,,8.072999954223633,-5.748000144958496,-0.47700002789497375
1763074405712,,,,8.095050811767578,-5.752950191497803,-0.4720500111579895
1763074405718,,73.02125977732457,317.2314453125,,,
1763074405732,,,,8.089950561523438,-5.748000144958496,0.18105000257492065
1763074405755,,,,7.678050518035889,-5.767050266265869,0.19305001199245453
1763074405758,,73.64689995156404,317.2314453125,,,
1763074405763,,,324.794921875,,,
1763074405780,,,,7.695000171661377,-5.748000144958496,0.1980000138282776
1763074405793,,62.42956727978081,,,,
1763074405794,,,324.794921875,,,
1763074405808,4.0,,,7.434000492095947,-6.028050422668457,0.19005000591278076
1763074405810,,,,6.967050552368164,-6.028050422668457,0.19005000591278076
1763074405832,,,,6.976950168609619,-6.028050422668457,0.19005000591278076
1763074405833,,54.45420384559356,324.794921875,,,
1763074405838,,,202.7191162109375,,,
1763074405855,,,,6.349950313568115,-6.049950122833252,0.1879500150680542
1763074405877,,47.92582757206449,202.7191162109375,5.587950229644775,-6.040050506591797,0.20205001533031464
1763074405887,,,,,-6.481050491333008,
1763074405888,,,,5.854050159454346,,0.1879500150680542
1763074405913,,49.80828821688601,202.7191162109375,,,
1763074405930,4.0,,,6.429000377655029,-7.291950225830078,0.1860000044107437
1763074405954,,64.10559736245028,,,,
1763074405958,,,,6.430950164794922,-7.600950241088867,-0.16995000839233398
1763074405980,,,,7.972950458526611,-6.688950538635254,-0.16995000839233398
1763074405981,6.0,,,,,
1763074405985,,,,9.402000427246094,-5.82705020904541,-0.16995000839233398
1763074405993,,54.07970907034806,,,,
1763074406005,,,,10.579950332641602,-5.829000473022461,-0.1680000126361847
1763074406027,,,,,-5.518050193786621,
1763074406028,,,,11.047050476074219,,-0.1680000126361847
1763074406031,6.0,,,,,
1763074406033,,53.50084175179666,,,,
1763074406037,,,622.744140625,,,
1763074406056,,,,11.952000617980957,-4.282950401306152,-0.1579500138759613
1763074406074,,54.1078597692796,622.744140625,,,
1763074406079,,,,11.952000617980957,-3.1690502166748047,-1.0750499963760376
1763074406083,,,,12.196050643920898,-2.7960002422332764,-1.0660500526428223
1763074406103,,,,12.211050987243652,-2.800950050354004,-1.6000500917434692
1763074406117,,57.738222397173345,622.744140625,,,
1763074406125,,,,12.205950736999512,-2.7960002422332764,-1.590000033378601
1763074406148,,,,12.201000213623047,-2.2639501094818115,-1.0750499963760376
1763074406149,6.0,,,,,
1763074406153,,48.915210262068115,,,,
1763074406171,,,,,-1.977000117301941,
1763074406172,,,,10.92495059967041,,-0.21300001442432404
1763074406193,,,,,-1.7040001153945923,
1763074406194,4.0,60.68384064320955,,10.522950172424316,,-0.19395001232624054
1763074406199,,,409.912109375,10.534950256347656,-1.2660000324249268,-0.20100000500679016
1763074406220,,,,11.140050888061523,-0.8059500455856323,-1.0750499963760376
1763074406237,,45.579525794375,409.912109375,,,
1763074406244,,,,11.143050193786621,-0.2749500274658203,-1.072950005531311
1763074406267,,,,11.140050888061523,0.13395000994205475,-1.0750499963760376
1763074406268,4.0,,,,,
1763074406273,,47.69718491246762,409.912109375,,,
1763074406290,,,,11.124000549316406,0.700950026512146,-1.0920000076293945
1763074406312,,,,11.398950576782227,1.0170000791549683,-1.0969500541687012
1763074406313,,69.5482215615292,409.912109375,,,
1763074406316,,,,12.318000793457031,1.024049997329712,-1.0800000429153442
1763074406337,,,,13.036951065063477,0.5650500059127808,-1.8079501390457153
1763074406352,,75.1413945152465,,,,
1763074406363,,,,13.804950714111328,0.07605000585317612,-1.8220500946044922
1763074406368,4.0,,,,,
1763074406385,,,,14.653050422668457,1.1389501094818115,-1.8079501390457153
1763074406393,,64.36375413386634,,,,
1763074406396,,,476.46484375,,,
1763074406408,,,,14.65005111694336,1.4770500659942627,-1.810050129890442
1763074406409,3.0,,,,,
1763074406430,,,,14.041950225830078,1.489050030708313,-2.260050058364868
1763074406433,,56.70109668595043,476.46484375,,0.7300500273704529,-2.281949996948242
1763074406434,,,,14.48805046081543,,
1763074406452,,,,,-0.13095000386238098,
1763074406453,,,,14.4660005569458,,-2.281949996948242
1763074406474,,47.50220575009933,476.46484375,,,
1763074406475,3.0,,,14.847001075744629,-0.6769500374794006,-2.2390501499176025
1763074406498,,,,15.493050575256348,-0.6820500493049622,-1.585050106048584
1763074406513,,39.056373361789156,,,,
1763074406523,,,,16.225950241088867,-0.697950005531311,-1.0249500274658203
1763074406546,,,,16.68600082397461,-0.4249500334262848,-1.0150500535964966
1763074406550,,,,16.204050064086914,-0.7060500383377075,-1.0230000019073486
1763074406553,,43.439734114525166,,,,
1763074406570,,,,15.61500072479248,-1.6320000886917114,-1.4560500383377075
1763074406593,,,,15.127050399780273,-2.7960002422332764,-1.446000099182129
1763074406594,3.0,76.05823365368201,,,,
1763074406597,,,467.6513671875,,,
1763074406620,,,,,-4.003050327301025,-1.437000036239624
1763074406621,,,,13.705050468444824,,
1763074406633,,79.17155160796926,467.6513671875,,,
1763074406646,,,,12.727951049804688,-4.71405029296875,-1.0249500274658203
1763074406648,,,,,-4.717950344085693,-1.0080000162124634
1763074406649,,,,12.469050407409668,,
1763074406671,,,,13.165950775146484,-4.383000373840332,-1.0080000162124634
1763074406673,,77.70433120257042,467.6513671875,,,
1763074406693,,,,14.322000503540039,-3.43500018119812,-1.0230000019073486
1763074406695,3.0,,,,,
1763074406706,,,,15.148950576782227,-2.616000175476074,-1.0030500888824463
1763074406713,,67.64669218599511,,,,
1763074406741,,,,15.156001091003418,-2.170950174331665,-0.45705002546310425
1763074406753,,59.47268256523963,,,,
1763074406757,,,51.14359537760417,,,
1763074406766,,,,16.204050064086914,-2.1850500106811523,-0.20595000684261322
1763074406790,,,,15.852001190185547,-3.3349502086639404,0.13095000386238098
1763074406793,,55.55871270123966,51.14359537760417,,,
1763074406812,,,,13.927050590515137,-4.038000106811523,0.11595000326633453
1763074406813,3.0,,,,,
1763074406823,,,,,-4.584000110626221,
1763074406824,,,,11.671950340270996,,0.11100000888109207
1763074406833,,52.57083337516651,51.14359537760417,,,
1763074406858,6.0,,,9.510000228881836,-4.584000110626221,0.11100000888109207
1763074406862,,,,8.47605037689209,-4.303950309753418,1.1430000066757202
1763074406873,,47.155907554454124,51.14359537760417,,,
1763074406881,,,,,-4.314000129699707,
1763074406882,,,,6.457050323486328,,1.1620500087738037
1763074406904,,,,4.567950248718262,-4.314000129699707,1.1620500087738037
1763074406913,,55.09524233609885,,,,
1763074406926,6.0,,,3.95805025100708,-3.7080001831054688,1.15500009059906
1763074406940,,,,3.9790501594543457,-2.9040000438690186,1.1650500297546387
1763074406953,,56.054117965000856,,,,
1763074406957,,,259.1796875,,,
1763074406976,,,,3.970050096511841,-2.3430001735687256,1.15500009059906
1763074406993,,50.359173416540955,259.1796875,,,
1763074406999,,,,4.819950103759766,-1.7970000505447388,0.05205000191926956
1763074407025,,,,5.830050468444824,-0.9709500670433044,0.05595000088214874
1763074407037,,42.70839832121327,259.1796875,,,
1763074407041,,,201.8310546875,,,
1763074407049,6.0,,,5.314950466156006,-0.9859500527381897,-0.40005001425743103
1763074407057,,,,3.189000129699707,-0.9810000658035278,-0.3859500288963318
1763074407073,9.0,42.134771737265766,201.8310546875,,,
1763074407100,,,,3.799950122833252,-0.9760500192642212,-0.817050039768219
1763074407117,,39.35875579352318,201.8310546875,,,
1763074407123,,,,4.915050029754639,-0.9280500411987305,-0.8070000410079956
1763074407146,,,,5.416050434112549,-0.9330000281333923,-0.8020500540733337
1763074407149,9.0,,,,,
1763074407154,,,,6.055050373077393,-1.76895010471344,-0.8050500154495239
1763074407158,,42.20995157847818,201.8310546875,,,
1763074407175,,,,,-2.3650500774383545,-0.8070000410079956
1763074407176,,,,7.8510003089904785,,
1763074407193,,36.91969456258888,,,,
1763074407196,,,,8.791950225830078,-2.7169501781463623,-0.814050018787384
1763074407218,,,,8.81100082397461,-2.7340500354766846,-0.7969500422477722
1763074407233,,35.24463168349166,,,,
1763074407236,,,148.857421875,,,
1763074407241,,,,8.796000480651855,-2.2639501094818115,-0.8119500279426575
1763074407265,,,,9.790050506591797,-1.6110000610351562,-0.364050030708313
1763074407266,9.0,,,,,
1763074407271,,,,10.285950660705566,-0.9139500260353088,0.3750000298023224
1763074407277,,35.40169735549383,148.857421875,,,
1763074407289,10.0,,,,,
1763074407291,,,,10.666050910949707,-1.201050043106079,0.820050060749054
1763074407313,,34.58248037954859,148.857421875,,,
1763074407314,,,,10.113000869750977,-1.6390501260757446,0.8220000267028809
1763074407317,,,158.93338448660714,,,
1763074407337,,,,10.113000869750977,-1.6609500646591187,2.098950147628784
1763074407358,,34.27503497219901,158.93338448660714,,,
1763074407360,,,,11.916000366210938,-0.9070500135421753,2.371950149536133
1763074407369,,,,12.979050636291504,-0.037950001657009125,2.3519999980926514
1763074407385,10.0,,,,,
1763074407388,,,,,1.1389501094818115,2.371950149536133
1763074407389,,,,13.920001029968262,,
1763074407398,,34.901775330342105,158.93338448660714,,,
1763074407410,,,,14.998050689697266,2.6329500675201416,2.3620500564575195
1763074407433,,34.73207413566317,158.93338448660714,,,
1763074407435,,,,14.988000869750977,2.920950174331665,2.3620500564575195
1763074407439,,,101.27655029296875,,,
1763074407459,,,,15.262950897216797,2.940000057220459,2.367000102996826
1763074407473,,34.02062232754532,,,,
1763074407474,,,101.27655029296875,,,
1763074407485,,,,15.975000381469727,3.4450502395629883,2.364000082015991
1763074407486,,,,,4.306950092315674,
1763074407489,10.0,,,,,
1763074407508,3.0,,,17.418001174926758,5.254950046539307,2.6299500465393066
1763074407513,,67.38949683140581,101.27655029296875,,,
1763074407521,,,93.38899739583334,,,
1763074407522,,,93.38899739583334,,,
1763074407532,,,,17.397001266479492,6.189000129699707,2.608950138092041
1763074407558,,72.60201204204334,93.38899739583334,16.276050567626953,6.201000213623047,2.620950222015381
1763074407581,,,,15.235051155090332,5.692950248718262,2.625000238418579
1763074407584,,,,15.22800064086914,5.169000148773193,2.6230502128601074
1763074407589,3.0,,,,,
1763074407593,,55.72502077230487,93.38899739583334,,,
1763074407607,,,,15.910050392150879,4.206000328063965,2.3430001735687256
1763074407630,,,,16.585050582885742,3.1720502376556396,2.3209500312805176
1763074407633,,69.86331992336106,,,,
1763074407653,,,,17.374950408935547,2.1739501953125,2.338050127029419
1763074407673,,66.89612253421858,,,,
1763074407677,,,,17.742000579833984,1.6849501132965088,2.824050188064575
1763074407680,,,,17.497051239013672,0.831000030040741,2.8219501972198486
1763074407690,3.0,,,,,
1763074407702,,,,15.916951179504395,-0.361050009727478,2.8410000801086426
1763074407717,,62.739253668470155,,,,
1763074407723,,,473.39691162109375,,,
1763074407728,,,,,-1.4310001134872437,
1763074407729,,,,14.071050643920898,,2.4649500846862793
1763074407753,,,,12.469050407409668,-2.6740500926971436,1.8979500532150269
1763074407754,,72.45408297694095,473.39691162109375,,,
1763074407776,,,,11.19105052947998,-3.1330502033233643,1.9090501070022583
1763074407779,,,,10.630050659179688,-3.138000249862671,1.9140000343322754
1763074407790,3.0,,,,,
1763074407793,,63.76489497236048,473.39691162109375,,,
1763074407796,,,293.3740234375,,,
1763074407797,,,293.3740234375,,,
1763074407802,,,,,-2.8530001640319824,
1763074407803,,,,9.63900089263916,,1.9170000553131104
1763074407828,,,,,-2.86995005607605,
1763074407829,,,,9.259050369262695,,1.9090501070022583
1763074407833,,62.55091221955393,293.3740234375,,,
1763074407836,,,,9.262950897216797,-2.551950216293335,1.902000069618225
1763074407856,,,,8.971050262451172,-2.5729501247406006,1.9000500440597534
1763074407874,,64.71813268521075,,,,
1763074407875,,,293.3740234375,,,
1763074407878,,,283.603515625,,,
1763074407881,,,,8.533050537109375,-2.299950122833252,1.3729500770568848
1763074407906,3.0,,,7.4920501708984375,-2.3050501346588135,0.934950053691864
1763074407913,,52.51113356771277,283.603515625,,,
1763074407931,6.0,,,7.032000541687012,-2.7310500144958496,0.44700002670288086
1763074407934,,,,6.529050350189209,-3.0040502548217773,0.44895002245903015
1763074407953,,42.65439497840653,283.603515625,,,
1763074407954,,,,5.860950469970703,-3.0139501094818115,0.45900002121925354
1763074407979,,,,5.344050407409668,-3.378000259399414,0.4630500078201294
1763074407993,,56.46272042204746,283.603515625,,,
1763074407996,,,240.068359375,,,
1763074408003,,,,,-3.7729501724243164,0.4510500133037567
1763074408004,,,,5.077950477600098,,
1763074408007,6.0,,,,,
1763074408029,,,,5.09505033493042,-4.311000347137451,0.1879500150680542
1763074408032,,,,5.092950344085693,-4.692000389099121,0.20205001533031464
1763074408033,,68.05826928635706,240.068359375,,,
1763074408055,,,,5.3580002784729,-5.008050441741943,0.2070000171661377
1763074408073,,61.89272628107717,240.068359375,,,
1763074408076,,,120.9326171875,,,
1763074408079,,,,5.782050132751465,-5.389050483703613,-0.3859500288963318
1763074408089,,,,,-5.410050392150879,
1763074408090,,,,6.522000312805176,,-0.37095001339912415
1763074408106,6.0,,,,,
1763074408113,,58.61917133619276,120.9326171875,,,
1763074408129,,,,,-6.32295036315918,
1763074408130,,,,8.016000747680664,,-0.36900001764297485
1763074408154,,78.22662645331735,120.9326171875,,,
1763074408156,9.0,,,9.402000427246094,-5.947050094604492,-0.7740000486373901
1763074408179,,,,8.920950889587402,-5.95395040512085,-1.0900501012802124
1763074408187,,,,9.510000228881836,-6.294000148773193,-1.0780500173568726
1763074408193,,72.02003475058213,,,,
1763074408208,,,,10.444050788879395,-6.301050186157227,-1.0699501037597656
1763074408211,9.0,,,,,
1763074408233,,,,,-6.313050270080566,-1.081950068473816
1763074408234,,53.85313327054807,,11.133000373840332,,
1763074408259,,,,11.722050666809082,-5.755050182342529,-1.0900501012802124
1763074408274,,48.9964230980885,,,,
1763074408279,,,103.07832263764881,,,
1763074408285,,,,12.103050231933594,-5.353050231933594,-1.0849500894546509
1763074408308,,,,,-5.092050075531006,-0.8380500674247742
1763074408309,,,,12.10995101928711,,
1763074408311,9.0,,,,,
1763074408313,,42.51772388349921,103.07832263764881,,,
1763074408323,,,,,-5.077950477600098,
1763074408324,,,,12.361950874328613,,-0.09795000404119492
1763074408353,,43.97624750109219,103.07832263764881,,,
1763074408358,,,89.92610386439732,,,
1763074408359,,,89.92610386439732,,,
1763074408364,6.0,,,12.046051025390625,-5.092050075531006,-0.09105000644922256
1763074408386,,,,12.820950508117676,-4.06695032119751,0.5160000324249268
1763074408397,,44.542092024338984,89.92610386439732,,,
1763074408410,,,,14.157000541687012,-2.479950189590454,0.5089499950408936
1763074408414,6.0,,,,,
1763074408421,,,,14.610000610351562,-1.0930500030517578,0.9490500688552856
1763074408433,,39.52588382309071,89.92610386439732,,,
1763074408439,,,55.61800130208333,,,
1763074408440,,,,14.605051040649414,0.16305001080036163,0.6409500241279602
1763074408460,,,,14.610000610351562,1.1389501094818115,0.6409500241279602
1763074408473,,36.784212306643795,55.61800130208333,,,
1763074408484,,,,13.963050842285156,1.519950032234192,0.6190500259399414
1763074408512,,,,,2.2099502086639404,0.6240000128746033
1763074408513,,36.99529942184971,55.61800130208333,14.860950469970703,,
1763074408536,,,,,2.5039501190185547,0.6409500241279602
1763074408537,,,,15.148950576782227,,
1763074408538,,,,14.422950744628906,2.0880000591278076,0.2740500271320343
1763074408539,6.0,,,,,
1763074408553,,37.65250829674362,55.61800130208333,,,
1763074408563,,,,13.446001052856445,2.1090002059936523,-0.040950000286102295
1763074408590,,,,,2.0880000591278076,-0.45705002546310425
1763074408591,3.0,,,13.432050704956055,,
1763074408593,,54.74925693247197,,,,
1763074408614,,,,14.020950317382812,2.4180002212524414,-0.9960000514984131
1763074408616,,,,14.818050384521484,2.422950029373169,-1.0110000371932983
1763074408633,,69.91270790759265,,,,
1763074408636,,,431.9140625,,,
1763074408638,,,,15.156001091003418,0.7369500398635864,-1.758000135421753
1763074408640,3.0,,,,,
1763074408664,,,,15.165000915527344,-0.3540000021457672,-1.7479500770568848
1763074408673,,79.1840711585774,431.9140625,,,
1763074408674,,,,16.045949935913086,-1.6470000743865967,-1.7479500770568848
1763074408694,,,,17.670000076293945,-2.329050064086914,-1.7359501123428345
1763074408713,,67.61357959762294,,,,
1763074408714,,,431.9140625,,,
1763074408718,,,,18.85500144958496,-2.3479502201080322,-1.741050124168396
1763074408745,,,,19.228050231933594,-2.3310000896453857,-1.758000135421753
1763074408746,3.0,,,,,
1763074408753,,69.9014626702295,,,,
1763074408774,,,,18.60300064086914,-3.1549501419067383,-1.7479500770568848
1763074408791,,,,16.46295166015625,-5.518050193786621,-1.2619500160217285
1763074408793,,58.26906192141843,,,,
1763074408796,,,192.080078125,,,
1763074408837,,,,,-6.6820502281188965,-0.8880000710487366
1763074408838,,65.72640186795257,192.080078125,14.73900032043457,,
1763074408867,3.0,,,11.952000617980957,-7.666050434112549,0.037050001323223114
1763074408870,,,,10.530000686645508,-7.675050258636475,0.04200000315904617
1763074408878,,50.363209518659446,192.080078125,,,
1763074408894,,,,9.180000305175781,-7.32105016708374,0.046950001269578934
1763074408913,,61.71536052756071,192.080078125,,,
1763074408916,,,183.3447265625,,,
1763074408920,,,,8.016000747680664,-6.732000350952148,0.05595000088214874
1763074408945,,,,7.261950492858887,-6.1650004386901855,0.04005000367760658
1763074408947,,,,7.281000137329102,-6.1810503005981445,0.05595000088214874
1763074408953,,53.354131937105784,183.3447265625,,,
1763074408973,3.0,,,7.282950401306152,-5.848950386047363,0.05895000323653221
1763074408993,,42.600261364735736,,,,
1763074408994,,,183.3447265625,,,
1763074408999,,,,6.6220502853393555,-5.869950294494629,0.05595000088214874
1763074409005,,,,6.22005033493042,-5.853000164031982,0.04005000367760658
1763074409024,6.0,,,,,
1763074409026,,,,6.238950252532959,-6.229050159454346,0.05595000088214874
1763074409033,,53.82337340275625,,,,
1763074409052,,,,5.824950218200684,-6.559950351715088,-0.7159500122070312
1763074409074,,72.36734910680923,,,,
1763074409078,6.0,,168.96321614583334,5.836950302124023,-6.8680500984191895,-0.703950047492981
1763074409083,,,,5.830050468444824,-6.885000228881836,-0.9960000514984131
1763074409104,,,,6.235050201416016,-6.880050182342529,-0.9960000514984131
1763074409113,,75.0670461478693,168.96321614583334,,,
1763074409130,,,,,-6.616950511932373,
1763074409131,,,,6.235050201416016,,-0.9960000514984131
1763074409141,,,,,-6.616950511932373,
1763074409142,,,,5.968950271606445,,-0.9960000514984131
1763074409154,,78.38044419812954,168.96321614583334,,,
1763074409184,,,,6.508050441741943,-6.982950210571289,-0.9889500737190247
1763074409186,6.0,,,,,
1763074409197,,73.56644629743934,,,,
1763074409198,,,168.96321614583334,,,
1763074409201,,,169.15323893229169,,,
1763074409212,,,,,-7.43595027923584,-0.9910500645637512
1763074409213,,,,8.598000526428223,,
1763074409234,,43.75101917877947,169.15323893229169,,,
1763074409236,7.0,,,9.330000877380371,-7.14900016784668,-0.9910500645637512
1763074409239,,,,9.345000267028809,-6.847050189971924,-0.9820500612258911
1763074409260,,,,9.60300064086914,-6.517050266265869,-0.9769500494003296
1763074409277,,48.93320304441471,,,,
1763074409278,,,169.15323893229169,,,
1763074409285,,,,10.120950698852539,-6.106950283050537,-0.9790500402450562
1763074409288,7.0,,,,,
1763074409312,,,,11.205000877380371,-5.310000419616699,-0.987000048160553
1763074409313,,42.38231253453793,,,,
1763074409337,,,,11.866050720214844,-4.6780500411987305,-0.9960000514984131
1763074409353,,43.57802387026794,,,,
1763074409358,,,60.17268880208333,,,
1763074409364,,,,11.884950637817383,-3.787050247192383,-1.815000057220459
1763074409389,,,,12.283050537109375,-3.355950117111206,-1.7959500551223755
1763074409390,7.0,,,,,
1763074409393,,48.28642202014112,60.17268880208333,,,
1763074409416,,,,11.908950805664062,-3.0330002307891846,-1.8079501390457153
1763074409437,,48.383210161708156,,,,
1763074409438,,,60.17268880208333,,,
1763074409442,,,,11.398950576782227,-2.53695011138916,-2.512050151824951
1763074409466,6.0,,,11.401050567626953,-1.9410001039505005,-2.509050130844116
1763074409473,,39.99379628832948,60.17268880208333,,,
1763074409490,,,,11.386950492858887,-1.4239500761032104,-2.524050235748291
1763074409494,,,,11.004000663757324,-1.171950101852417,-2.512050151824951
1763074409513,,40.1091648215008,,,,
1763074409515,,,,,-1.1820000410079956,
1763074409516,6.0,,,10.695000648498535,,-2.5260000228881836
1763074409543,,,,10.947000503540039,-0.583050012588501,-2.5260000228881836
1763074409553,,59.40028883597673,,,,
1763074409556,,,60.38653564453125,,,
1763074409567,,,,,0.06195000186562538,
1763074409568,,,,10.947000503540039,,-2.5260000228881836
1763074409570,,,,10.645050048828125,0.6079500317573547,-2.245950222015381
1763074409593,,61.72899114755702,60.38653564453125,,,
1763074409595,,,,11.125950813293457,0.9310500621795654,-1.9440001249313354
1763074409621,,,,11.78700065612793,0.9450000524520874,-1.966050148010254
1763074409623,6.0,,,,,
1763074409637,,44.32472430372704,60.38653564453125,,,
1763074409647,,,,11.782050132751465,0.9529500603675842,-1.9489500522613525
1763074409649,,,,12.052950859069824,0.9480000734329224,-1.9440001249313354
1763074409674,3.0,44.11635498653802,,12.61305046081543,0.32805001735687256,-1.9470001459121704
1763074409700,,,,13.410000801086426,0.3330000042915344,-1.9519500732421875
1763074409706,,,,,-0.016050001606345177,
1763074409707,,,,13.705050468444824,,-1.9609501361846924
1763074409713,,59.865565794723466,,,,
1763074409727,,,,14.143051147460938,-0.6340500116348267,-1.9420500993728638
1763074409730,3.0,,,,,
1763074409754,,64.01587252406445,,14.157000541687012,-0.6460500359535217,-1.9300501346588135
1763074409759,,,103.203125,,,
1763074409778,,,,14.164051055908203,-1.3950001001358032,-1.9230000972747803
1763074409784,,,,,-1.9270501136779785,-1.9420500993728638
1763074409785,,,,15.220050811767578,,
1763074409793,,48.73995784979124,103.203125,,,
1763074409804,,,,16.341001510620117,-2.6740500926971436,-1.9369500875473022
1763074409829,,,,17.074050903320312,-3.0040502548217773,-1.9420500993728638
1763074409831,3.0,,,,,
1763074409833,,50.17063731936524,103.203125,,,
1763074409856,,,,17.46900177001953,-3.4999501705169678,-1.924950122833252
1763074409873,,52.15664905163668,,,,
1763074409881,,,,16.699951171875,-3.8520002365112305,-1.6789500713348389
1763074409909,,,,,-5.323950290679932,
1763074409910,,,,14.7610502243042,,-1.6789500713348389
1763074409913,,40.235593177892675,,,,
1763074409917,,,140.9814453125,,,
1763074409933,,,,13.705050468444824,-5.899050235748291,-1.3980001211166382
1763074409936,3.0,,,,,
1763074409940,,,,12.678000450134277,-6.157050132751465,-1.1179500818252563
1763074409953,,44.8728830624639,140.9814453125,,,
1763074409981,,,,11.385000228881836,-5.676000118255615,-0.8670000433921814
1763074409993,,49.148506235691286,140.9814453125,,,
1763074410005,,,,9.180000305175781,-5.080050468444824,-0.8479500412940979
1763074410028,,,,,-5.092050075531006,
1763074410029,,,,8.461050033569336,,-0.859950065612793
1763074410033,,48.08538687877241,140.9814453125,,,
1763074410036,3.0,,138.4033203125,,,
1763074410038,,,,8.13794994354248,-5.085000038146973,-0.8670000433921814
1763074410057,,,,8.140049934387207,-5.086950302124023,-0.8650500178337097
1763074410073,,41.356628361890046,138.4033203125,,,
1763074410080,,,,7.585050582885742,-5.10105037689209,-0.8500500321388245
1763074410104,7.0,,,6.844950199127197,-5.092050075531006,-0.859950065612793
1763074410113,,40.45762165848555,138.4033203125,,,
1763074410116,,,169.0625,,,
1763074410127,,,,6.457050323486328,-5.719050407409668,-0.8550000190734863
1763074410152,7.0,,,6.759000301361084,-5.719050407409668,-1.1329500675201416
1763074410153,,35.22234655295809,169.0625,,,
1763074410155,,,,6.769050121307373,-6.2440505027771,-1.1230500936508179
1763074410177,,,,6.22005033493042,-6.760950088500977,-1.1329500675201416
1763074410193,,34.93553437570272,169.0625,,,
1763074410196,,,150.732421875,,,
1763074410202,,,,5.875050067901611,-7.012050151824951,-1.1209501028060913
1763074410228,,,,5.883000373840332,-7.030950546264648,-1.125
1763074410232,,,,,-7.029000282287598,
1763074410233,,34.97148740993241,150.732421875,,,
1763074410234,,,,5.880000114440918,,-1.128000020980835
1763074410252,,,,,-7.479000568389893,
1763074410253,,,,5.875050067901611,,-1.1329500675201416
1763074410256,7.0,,,,,
1763074410274,,34.56377912483583,150.732421875,,,
1763074410280,,,,7.032000541687012,-8.140049934387207,-1.1179500818252563
1763074410291,,,,7.729050159454346,-8.628000259399414,-1.390950083732605
1763074410317,,34.23199883445346,,,,
1763074410323,,,133.7650408063616,,,
1763074410334,6.0,,,8.590950012207031,-8.628000259399414,-1.390950083732605
1763074410354,,33.57461952943945,133.7650408063616,,,
1763074410358,,,,,-7.1770501136779785,
1763074410359,6.0,,,9.898050308227539,,-1.3819500207901
1763074410382,,,,,-6.150000095367432,
1763074410383,,,,11.068950653076172,,-1.3789501190185547
1763074410388,,,,11.686050415039062,-5.353050231933594,-1.3860000371932983
1763074410393,,34.559758137309935,133.7650408063616,,,
1763074410398,,,143.92338053385416,,,
1763074410408,,,,12.124950408935547,-4.671000003814697,-1.374000072479248
1763074410430,,,,12.139050483703613,-4.189050197601318,-1.377000093460083
1763074410433,,33.50127650065426,143.92338053385416,,,
1763074410454,,,,12.132000923156738,-3.6790502071380615,-1.3840500116348267
1763074410474,,33.55964465869112,143.92338053385416,,,
1763074410480,,,87.38677978515625,12.124950408935547,-3.385050058364868,-1.390950083732605
1763074410481,6.0,,,,,
1763074410485,,,,,-3.1050002574920654,
1763074410487,,,,11.428050994873047,,-1.3840500116348267
1763074410506,,,,10.810050964355469,-2.845950126647949,-1.3789501190185547
1763074410518,,52.60013308266578,87.38677978515625,,,
1763074410531,,,,10.19205093383789,-2.5159502029418945,-1.374000072479248
1763074410553,,43.21583237967877,87.38677978515625,,,
1763074410556,,,,9.733050346374512,-2.149049997329712,-1.3819500207901
1763074410582,,,,,-1.8979500532150269,-1.3699500560760498
1763074410583,,,,9.754050254821777,,
1763074410585,,,,9.747000694274902,-1.9150501489639282,-1.377000093460083
1763074410586,6.0,,,,,
1763074410597,,39.23595429340078,87.38677978515625,,,
1763074410607,,,,10.156050682067871,-1.9000500440597534,-1.390950083732605
1763074410632,,,,,-1.4449501037597656,
1763074410633,,37.41941084779066,,10.156050682067871,,-1.390950083732605
1763074410659,,,,10.171050071716309,-1.1010000705718994,-1.377000093460083
1763074410661,,,,10.67400074005127,-0.5040000081062317,-1.374000072479248
1763074410673,,39.547403933014216,,,,
1763074410678,,,147.3724365234375,,,
1763074410685,,,,10.954050064086914,-0.5119500160217285,-1.390950083732605
1763074410688,6.0,,,,,
1763074410714,,70.22881093770755,147.3724365234375,,,
1763074410716,,,,11.808000564575195,-1.4959501028060913,-1.3890000581741333
1763074410739,,,,12.382950782775879,-2.1349501609802246,-1.3720500469207764
1763074410753,,65.43575248123801,147.3724365234375,,,
1763074410756,,,174.0625,,,
1763074410764,3.0,,,13.303050994873047,-1.27305006980896,-1.3720500469207764
1763074410787,,,,,-0.46095001697540283,
1763074410788,,,,13.669050216674805,,-2.180999994277954
1763074410790,3.0,,,,,
1763074410794,,62.7409202292563,174.0625,,,
1763074410812,,,,13.68795108795166,-0.4830000102519989,-3.151050090789795
1763074410817,,,,13.67595100402832,-1.596000075340271,-3.4240500926971436
1763074410833,,59.62898423657372,,,,
1763074410834,,,174.0625,,,
1763074410837,,,,14.782051086425781,-2.451000213623047,-3.4240500926971436
1763074410864,,,,,-2.9389500617980957,
1763074410865,,,,14.791950225830078,,-3.4140002727508545
1763074410873,,52.358295465588434,174.0625,,,
1763074410876,,,108.603515625,,,
1763074410890,,,,14.265000343322754,-2.9440500736236572,-3.4099502563476562
1763074410895,,,,13.69800090789795,-2.949000120162964,-3.4050002098083496
1763074410896,3.0,,,,,
1763074410913,,63.297856353072675,108.603515625,,,
1763074410917,,,,12.5910005569458,-3.3490500450134277,-3.412050247192383
1763074410940,,,,11.622000694274902,-3.7219502925872803,-3.421950101852417
1763074410953,,62.1306850664898,108.603515625,,,
1763074410955,,,161.4990234375,,,
1763074410967,,,,,-4.0819501876831055,
1763074410968,,,,10.458000183105469,,-2.7490501403808594
1763074410972,,,,,-4.951050281524658,
1763074410973,,,,9.208050727844238,,-2.739000082015991
1763074410993,,60.68861256277364,161.4990234375,7.894050598144531,-6.049950122833252,-2.454000234603882
1763074411022,,,,7.908000469207764,-6.343950271606445,-2.4400501251220703
1763074411026,3.0,,,,,
1763074411033,,77.10701356945481,161.4990234375,,,
1763074411038,,,95.14042154947917,,,
1763074411039,,,95.14042154947917,,,
1763074411049,,,,8.224050521850586,-6.355950355529785,-1.9950001239776611
1763074411051,,,,8.224050521850586,-6.0420002937316895,-1.9950001239776611
1763074411073,,47.87663249907065,95.14042154947917,,,
1763074411074,,,,7.585050582885742,-5.554050445556641,-1.9800001382827759
1763074411089,,,,,-5.56095027923584,
1763074411090,,,,6.867000102996826,,-1.9729501008987427
1763074411109,,,,8.20305061340332,-5.86305046081543,-1.3270500898361206
1763074411113,,45.245175631414526,95.14042154947917,,,
1763074411134,,,,7.908000469207764,-5.56095027923584,-0.7740000486373901
1763074411135,3.0,,,,,
1763074411154,,43.82866291828013,95.14042154947917,,,
1763074411158,,,53.01198323567708,,,
1763074411160,,,,6.364050388336182,-5.86305046081543,-0.22800001502037048
1763074411167,,,,,-6.49500036239624,
1763074411168,,,,5.164050102233887,,-0.20595000684261322
1763074411184,1.0,,,,,
1763074411187,,,,4.495950222015381,-7.43595027923584,-0.22305001318454742
1763074411197,,44.0482937419621,53.01198323567708,,,
1763074411211,,,,4.510950088500977,-8.282999992370605,-0.21300001442432404
1763074411235,,,,,-9.196050643920898,0.13095000386238098
1763074411236,,,,4.7910003662109375,,
1763074411238,1.0,,,,,
1763074411253,,39.994268407106894,53.01198323567708,,,
1763074411264,,,,5.172000408172607,-9.841950416564941,0.1469999998807907
1763074411266,,,,6.522000312805176,-10.798050880432129,0.14505000412464142
1763074411273,,36.22430259664901,,,,
1763074411290,,,,,-10.819050788879395,
1763074411291,,,,8.029950141906738,,0.14205001294612885
1763074411313,,36.57163863165342,,,,
1763074411317,,,,8.035050392150879,-10.812000274658203,0.13500000536441803
1763074411318,,,57.37944103422619,,,
1763074411340,,,,,-11.178000450134277,
1763074411341,,,,8.44694995880127,,0.46800002455711365
1763074411342,1.0,,,,,
1763074411344,,,,8.977950096130371,-10.582050323486328,0.4819500148296356
1763074411353,,35.42279072599683,57.37944103422619,,,
1763074411364,,,,11.794050216674805,-9.62700080871582,0.4849500358104706
1763074411390,,,,13.152000427246094,-8.463000297546387,0.4710000157356262
1763074411393,,34.30142453156875,,,,
1763074411394,,,57.37944103422619,,,
1763074411399,,,60.46975272042411,,,
1763074411400,,,60.46975272042411,,,
1763074411416,3.0,,,12.175050735473633,-7.8600006103515625,0.4900500178337097
1763074411421,,,,11.176050186157227,-7.14900016784668,0.07304999977350235
1763074411437,,35.29895728930682,60.46975272042411,,,
1763074411441,,,,10.401000022888184,-6.294000148773193,0.08505000174045563
1763074411465,3.0,,,9.724950790405273,-4.51200008392334,0.07500000298023224
1763074411473,,34.33859326767275,60.46975272042411,,,
1763074411491,,,,9.970050811767578,-3.68595027923584,0.08700000494718552
1763074411513,,33.89306847002842,60.46975272042411,,,
1763074411514,,,,,-3.703050136566162,0.0799500048160553
1763074411515,,,,9.057000160217285,,
1763074411518,,,,8.467950820922852,-3.6940500736236572,-0.9030000567436218
1763074411519,,,79.0419921875,,,
1763074411539,,,,7.563000202178955,-3.9880502223968506,-1.3410000801086426
1763074411553,,34.37341986373401,79.0419921875,,,
1763074411563,,,,,-3.6790502071380615,
1763074411564,,,,7.570950508117676,,-1.6930500268936157
1763074411567,3.0,,,,,
1763074411587,,,,,-3.945000171661377,
1763074411588,,,,7.573050498962402,,-2.6989500522613525
1763074411594,,51.11462218334121,79.0419921875,,,
1763074411616,,,,,-3.967050075531006,
1763074411617,1.0,,,6.56505012512207,-3.9619503021240234,-2.69100022315979
1763074411633,,69.15368723319125,,,,
1763074411641,,,,,-3.046950101852417,
1763074411642,,,,6.400050163269043,,-1.3189500570297241
1763074411654,,,,,-2.608950138092041,
1763074411655,,,,6.414000511169434,,-1.6570501327514648
1763074411669,1.0,,,,,
1763074411673,,65.26638195622678,,,,
1763074411674,,,,6.412050247192383,-2.200050115585327,-1.645050048828125
1763074411676,,,178.5791015625,,,
1763074411694,,,,6.6660003662109375,-2.218950033187866,-1.6500000953674316
1763074411713,,46.634021959499364,178.5791015625,,,
1763074411720,,,,6.675000190734863,-2.2210500240325928,-1.6470000743865967
1763074411747,,,,7.61400032043457,-2.2210500240325928,-1.6470000743865967
1763074411753,,44.00313768351278,178.5791015625,,,
1763074411773,,,,8.080950736999512,-2.202000141143799,-1.6429500579833984
1763074411777,1.0,,,,,
1763074411793,,41.645185698415574,178.5791015625,,,
1763074411800,,,,,-2.4649500846862793,-1.6429500579833984
1763074411801,,,,9.667950630187988,,
1763074411826,,,,10.63800048828125,-2.8819501399993896,-1.6570501327514648
1763074411833,,39.82195597294855,,,,
1763074411851,3.0,,,11.671950340270996,-2.899050235748291,-2.02305006980896
1763074411874,,37.32333847343689,,,,
1763074411877,,,,12.61305046081543,-2.568000078201294,-2.69100022315979
1763074411878,,,62.90653773716518,,,
1763074411902,3.0,,,12.5910005569458,-2.571000099182129,-2.69100022315979
1763074411908,,,,12.594000816345215,-3.076050043106079,-3.129000186920166
1763074411917,,67.7201002918358,62.90653773716518,,,
1763074411928,,,,12.59595012664795,-3.484950065612793,-3.1249501705169678
1763074411952,,,,12.052950859069824,-4.0819501876831055,-3.1270501613616943
1763074411953,,57.24257640760433,62.90653773716518,,,
1763074411978,,,,,-4.090950012207031,
1763074411979,,,,12.064950942993164,,-3.1180500984191895
1763074411993,,69.31512973695092,,,,
1763074412003,,,,12.505050659179688,-3.81600022315979,-3.129000186920166
1763074412006,3.0,,,13.188000679016113,-3.514050245285034,-3.120000123977661
1763074412031,,,,12.8860502243042,-3.5310001373291016,-3.1270501613616943
1763074412037,,68.79457558575818,,,,
1763074412055,,,,11.491950988769531,-3.888000249862671,-3.129000186920166
1763074412073,,80.98313014885349,,,,
1763074412077,,,248.2177734375,,,
1763074412080,,,,10.177950859069824,-4.383000373840332,-2.505000114440918
1763074412084,,,,9.381000518798828,-4.821000099182129,-2.2240500450134277
1763074412108,,,,9.385050773620605,-5.209050178527832,-2.2200000286102295
1763074412113,3.0,,,,,
1763074412114,,73.76778577726084,248.2177734375,,,
1763074412122,,,,9.394950866699219,-5.218950271606445,-2.2099502086639404
1763074412142,,,,8.683950424194336,-4.612950325012207,-1.908000111579895
1763074412153,,76.93431499734808,,,,
1763074412154,,,248.2177734375,,,
1763074412165,,,,7.354950428009033,-4.630050182342529,-1.5640500783920288
1763074412190,,,,,-4.110000133514404,
1763074412191,,,,6.277950286865234,,-1.2120000123977661
1763074412193,,57.9991681742769,,,,
1763074412200,,,,5.703000068664551,-3.865950107574463,-1.2090001106262207
1763074412215,3.0,,,,,
1763074412220,,,,5.716950416564941,-3.6150002479553223,-1.1970000267028809
1763074412237,,56.311356087805045,,,,
1763074412240,,,236.865234375,,,
1763074412241,,,,5.373000144958496,-3.6310501098632812,-1.204050064086914
1763074412266,,,,5.38200044631958,-3.634050130844116,-1.2019500732421875
1763074412269,2.0,,,,,
1763074412273,,63.43460549784102,236.865234375,,,
1763074412290,,,,,-4.483950138092041,-1.1899501085281372
1763074412291,,,,6.213000297546387,,
1763074412313,,48.212410276132886,,,,
1763074412314,,,236.865234375,,,
1763074412315,,,,7.915050506591797,-5.338950157165527,-1.1970000267028809
1763074412317,,,,8.719950675964355,-5.899050235748291,-1.2120000123977661
1763074412318,2.0,,,,,
1763074412340,,,,,-6.724950313568115,-1.5420000553131104
1763074412341,,,,10.141950607299805,,
1763074412353,,39.43327191950501,236.865234375,,,
1763074412356,,,244.197998046875,,,
1763074412370,,,,11.47800064086914,-7.363950252532959,-1.5370501279830933
1763074412375,,,,,-7.383000373840332,
1763074412376,,,,11.47800064086914,,-1.5420000553131104
1763074412394,,41.737946138283505,244.197998046875,,,
1763074412397,,,,10.156050682067871,-8.089950561523438,-1.53000009059906
1763074412425,2.0,,,8.052000045776367,-9.088050842285156,-1.5370501279830933
1763074412433,,40.69947214124673,,,,
1763074412434,,,244.197998046875,,,
1763074412442,,,222.7537841796875,,,
1763074412455,,,,7.003050327301025,-10.32300090789795,-1.5229500532150269
1763074412478,,38.07252843339593,,,,
1763074412480,,,222.7537841796875,,,
1763074412489,,,,10.120950698852539,-10.927050590515137,-1.168950080871582
1763074412490,3.0,,,,,
1763074412492,,,,10.494000434875488,-10.209000587463379,-1.168950080871582
1763074412513,,40.1163399033217,222.7537841796875,,,
1763074412515,,,,9.532050132751465,-8.607000350952148,-0.19200000166893005
1763074412523,,,120.13775416782924,,,
1763074412524,,,120.13775416782924,,,
1763074412526,3.0,,,,,
1763074412540,,,,9.265950202941895,-6.315000534057617,-0.18195000290870667
1763074412553,,42.87358422262563,120.13775416782924,,,
1763074412569,,,,10.867950439453125,-4.303950309753418,-0.18195000290870667
1763074412570,,,,9.59595012664795,-3.8230502605438232,-0.18495000898838043
1763074412594,,39.62874299685382,120.13775416782924,,,
1763074412597,,,,8.095050811767578,-4.405050277709961,-0.1770000010728836
1763074412631,,,,7.627950191497803,-5.338950157165527,-0.1770000010728836
1763074412634,,44.71690394830123,120.13775416782924,,,
1763074412636,3.0,,,,,
1763074412640,,,154.88048735119048,,,
1763074412664,,,,,-6.616950511932373,
1763074412665,,,,7.096950531005859,,-0.9460500478744507
1763074412674,,41.709822964346095,,,,
1763074412695,,,,,-6.142950057983398,
1763074412696,,,,7.729050159454346,-5.073000431060791,-0.9409500360488892
1763074412702,2.0,,,,,
1763074412707,,,,7.117950439453125,-4.189050197601318,-0.6799500584602356
1763074412714,,38.47285518953503,154.88048735119048,,,
1763074412726,,,,7.125000476837158,-3.175950050354004,-1.3980001211166382
1763074412746,,,,7.426950454711914,-2.551950216293335,-1.39395010471344
1763074412747,2.0,,,,,
1763074412757,,59.41731024646871,,,,
1763074412772,,,,8.052000045776367,-1.9699500799179077,-1.8510000705718994
1763074412794,,66.97687477849206,,,,
1763074412797,,,192.705078125,8.064000129699707,-1.6249500513076782,-1.8390001058578491
1763074412804,,,,8.806050300598145,-1.2160500288009644,-1.8409501314163208
1763074412824,,,,,-0.8130000233650208,
1763074412825,,,,9.244050025939941,,-1.8370500802993774
1763074412837,,58.52788347929163,192.705078125,,,
1763074412849,,,,9.259050369262695,-0.8130000233650208,-1.8370500802993774
1763074412851,2.0,,,,,
1763074412873,,,,9.87600040435791,-0.5400000214576721,-1.8460501432418823
1763074412874,,42.185236416716236,192.705078125,,,
1763074412899,,,,10.88895034790039,-0.8059500455856323,-1.8439500331878662
1763074412902,,,,11.75100040435791,-0.8110500574111938,-2.281949996948242
1763074412913,,40.18031190583932,192.705078125,,,
1763074412916,,,180.6103515625,,,
1763074412927,3.0,,,,-0.8179500102996826,-2.263050079345703
1763074412928,,,,12.397050857543945,,
1763074412953,,39.745151389830966,180.6103515625,,,
1763074412954,,,,13.015050888061523,-0.21705001592636108,-2.265000104904175
1763074412956,3.0,,,,,
1763074412960,,,,13.012950897216797,0.40005001425743103,-2.284050226211548
1763074412981,,,,13.62600040435791,,-2.5980000495910645
1763074412982,,,,,0.40905001759529114,
1763074412993,,58.11162468611797,180.6103515625,,,
1763074413010,,,,14.422950744628906,-0.41805002093315125,-2.5960500240325928
1763074413034,,73.34107914562145,,,,
1763074413035,,,,15.120000839233398,-1.2160500288009644,-2.5879502296447754
1763074413038,,,,15.55095100402832,-1.5319501161575317,-2.584050178527832
1763074413060,,,,15.56295108795166,-1.5529500246047974,-2.281949996948242
1763074413061,3.0,,,,,
1763074413073,,68.95539980308806,,,,
1763074413075,,,153.310546875,,,
1763074413076,,,153.310546875,,,
1763074413086,,,,15.92400074005127,-1.0579500198364258,-2.263050079345703
1763074413113,,59.17396468250392,153.310546875,,,
1763074413114,,,,15.472050666809082,-1.0770000219345093,-2.2680001258850098
1763074413138,,,,,-2.170950174331665,
1763074413139,,,,15.019050598144531,-3.1330502033233643,-2.275050163269043
1763074413153,,74.18869189864799,153.310546875,,,
1763074413165,,,,15.31605052947998,-3.8800501823425293,-2.265000104904175
1763074413194,,,,15.309000968933105,-4.591950416564941,-2.272050142288208
1763074413195,3.0,,,,,
1763074413196,,73.81114019914682,153.310546875,,,
1763074413220,,,,15.309000968933105,-5.118000030517578,-2.272050142288208
1763074413233,,48.6103472284756,,,,
1763074413246,,,,14.257950782775879,-4.79295015335083,-2.263050079345703
1763074413270,,,,12.714000701904297,-4.797000408172607,-2.281949996948242
1763074413272,,,,11.290950775146484,-4.795050144195557,-2.260050058364868
1763074413273,,59.32949301889295,,,,
1763074413276,,,291.7919921875,,,
1763074413295,,,,10.386000633239746,-5.194950103759766,-2.2680001258850098
1763074413313,,46.21662940530129,291.7919921875,,,
1763074413320,,,,9.667950630187988,-5.212050437927246,-2.275050163269043
1763074413321,3.0,,,,,
1763074413344,,,,,-5.44605016708374,
1763074413345,,,,8.583000183105469,,-1.585050106048584
1763074413350,,,,7.470000267028809,-5.892000198364258,-1.0390501022338867
1763074413357,,35.5376094170157,291.7919921875,,,
1763074413360,,,169.296875,,,
1763074413373,,,,7.009950160980225,-5.893950462341309,-0.6010500192642212
1763074413394,,37.17302369597784,169.296875,,,
1763074413398,,,,7.032000541687012,-5.896050453186035,-0.3570000231266022
1763074413408,,,,6.048000335693359,-5.893950462341309,-0.3379500210285187
1763074413422,3.0,,,,,
1763074413437,,35.97283353979377,169.296875,,,
1763074413448,,,,6.049950122833252,-6.379950523376465,-0.3550500273704529
1763074413472,,,,5.703000068664551,-6.643050193786621,-0.3550500273704529
1763074413473,,33.04546212001482,169.296875,,,
1763074413497,,,,5.2860002517700195,-7.069950103759766,-0.09795000404119492
1763074413506,,,,5.035050392150879,-7.479000568389893,-0.09795000404119492
1763074413514,,33.94787393842562,,,,
1763074413527,,,,5.430000305175781,-7.7659502029418945,-0.09795000404119492
1763074413529,3.0,,,,,
1763074413553,,33.033327313021516,,7.068000316619873,-8.197050094604492,-0.09795000404119492
1763074413564,,,87.79742140997024,,,
1763074413581,7.0,,,7.555950164794922,-8.506050109863281,-0.07695000618696213
1763074413584,,,,7.566000461578369,-8.254950523376465,-0.08895000070333481
1763074413593,,34.7237786785871,87.79742140997024,,,
1763074413608,,,,7.575000286102295,-7.594050407409668,-0.07905000448226929
1763074413634,,35.091891069633114,87.79742140997024,,,
1763074413636,,,,8.583000183105469,-6.796950340270996,-0.08595000207424164
1763074413637,7.0,,,,,
1763074413640,,,123.42859903971355,,,
1763074413642,,,,10.803000450134277,-5.8560004234313965,-0.09405000507831573
1763074413665,,,,12.784950256347656,-4.821000099182129,0.1879500150680542
1763074413677,,33.732269396121985,123.42859903971355,,,
1763074413691,,,,11.995050430297852,-4.038000106811523,0.19500000774860382
1763074413714,,34.393133556120326,123.42859903971355,,,
1763074413716,,,,,-4.057950019836426,
1763074413717,,,,11.485050201416016,,0.19005000591278076
1763074413720,,,,10.96095085144043,-4.375950336456299,-0.2850000262260437
1763074413741,7.0,,,10.975050926208496,-4.381050109863281,-0.62295001745224
1763074413757,,34.61735643083046,123.42859903971355,,,
1763074413763,,,77.82185872395834,,,
1763074413768,,,,10.645050048828125,-4.387950420379639,-0.9670500755310059
1763074413794,,34.81543777568544,77.82185872395834,,,
1763074413795,,,,,-4.642050266265869,
1763074413796,6.0,,,9.661050796508789,,-0.9550500512123108
1763074413798,,,,11.053950309753418,-4.240050315856934,-0.9510000348091125
1763074413821,,,,11.068950653076172,-3.68595027923584,-0.9529500603675842
1763074413833,,35.17967333380489,77.82185872395834,,,
1763074413837,,,70.93668619791666,,,
1763074413838,,,70.93668619791666,,,
1763074413847,,,,,-3.0829501152038574,
1763074413848,6.0,,,11.794050216674805,,-0.9580500721931458
1763074413856,,,,12.441000938415527,-1.9339500665664673,-0.9580500721931458
1763074413873,,35.329201163323354,70.93668619791666,,,
1763074413876,,,,12.994050979614258,-0.89205002784729,-0.9460500478744507
1763074413902,,,,12.655950546264648,-0.10200000554323196,-0.970050036907196
1763074413913,,33.12756952186806,70.93668619791666,,,
1763074413929,,,,,0.18405000865459442,
1763074413930,,,,12.145950317382812,,-0.970050036907196
1763074413953,,35.20513016167825,,,,
1763074413955,,,,12.511950492858887,0.4429500102996826,-0.9889500737190247
1763074413957,6.0,,,,,
1763074413981,,,,13.561050415039062,0.4549500346183777,-0.6109500527381897
1763074413992,,,,,1.068000078201294,-0.6010500192642212
1763074413993,,,,14.445000648498535,,
1763074413994,,32.1004493013766,,,,
1763074413999,,,214.765625,,,
1763074414011,3.0,,,,,
1763074414013,,,,14.746050834655762,1.7430000305175781,-0.6060000061988831
1763074414034,,33.7119073470045,214.765625,,,
1763074414037,,,,15.09105110168457,2.2170000076293945,-0.6010500192642212
1763074414064,3.0,,,15.607951164245605,2.641050100326538,-0.6180000305175781
1763074414073,,57.265924717176134,214.765625,,,
1763074414088,,,,,2.1880500316619873,
1763074414089,,,,15.58905029296875,,-0.9460500478744507
1763074414091,,,,15.595951080322266,1.3189500570297241,-0.9580500721931458
1763074414113,,53.446172877713494,,,0.8449500203132629,
1763074414114,,,214.765625,15.307050704956055,,-0.9630000591278076
1763074414142,,,,15.019050598144531,0.49995002150535583,-0.9529500603675842
1763074414153,,35.42567300180459,,,,
1763074414170,,,,15.36405086517334,0.14100000262260437,-0.9529500603675842
1763074414172,3.0,,,,,
1763074414193,,37.603850390922446,,,,
1763074414197,,,133.18359375,,,
1763074414198,,,133.18359375,18.08595085144043,-0.7129500508308411,-1.9369500875473022
1763074414228,4.0,,,18.108001708984375,-1.3950001001358032,-1.915950059890747
1763074414234,,39.82642936526065,133.18359375,,,
1763074414255,,,,17.785051345825195,-4.548000335693359,-2.634000062942505
1763074414274,,34.83968030526637,133.18359375,,,
1763074414278,,,136.6845703125,,,
1763074414284,4.0,,,17.45400047302246,-5.985000133514404,-2.6200501918792725
1763074414285,,,,16.621049880981445,-6.8110504150390625,-2.1670501232147217
1763074414314,,59.418975846769214,136.6845703125,,,
1763074414316,,,,14.919000625610352,-7.126950263977051,-2.1600000858306885
1763074414340,,,,13.152000427246094,-7.129050254821777,-2.1570000648498535
1763074414343,,,,11.830050468444824,-6.567000389099121,-2.1450002193450928
1763074414357,,69.4943717544724,136.6845703125,,,
1763074414366,,,,10.717050552368164,-6.571950435638428,-2.164950132369995
1763074414392,4.0,,,9.582000732421875,-6.279000282287598,-0.7159500122070312
1763074414393,,66.19566993399432,136.6845703125,,,
1763074414421,,,,8.704950332641602,-5.812950134277344,-0.40005001425743103
1763074414434,,43.28105612321059,,,,
1763074414449,3.0,,,8.016000747680664,-6.2220001220703125,-0.38805001974105835
1763074414473,,42.22450672154865,,,,
1763074414474,,,,7.183050155639648,-6.229050159454346,-0.38100001215934753
1763074414477,,,173.515625,,,
1763074414499,,,,6.60105037689209,-6.2220001220703125,-0.13395000994205475
1763074414501,3.0,,,,,
1763074414513,,37.73588280296448,173.515625,,,
1763074414527,,,,6.56505012512207,-6.517050266265869,-0.11505000293254852
1763074414538,,,,6.57705020904541,-6.532950401306152,-0.12195000797510147
1763074414553,,35.8664387565926,173.515625,,,
1763074414556,,,139.9658203125,,,
1763074414557,,,,,-6.997950553894043,
1763074414558,,,,5.121000289916992,,-0.11295000463724136
1763074414581,,,,5.133000373840332,-7.012050151824951,-0.12195000797510147
1763074414593,,35.52128243392638,139.9658203125,,,
1763074414605,,,,5.136000156402588,-7.015050411224365,-0.12000000476837158
1763074414608,3.0,,,,,
1763074414629,,,,,-7.255950450897217,
1763074414630,,,,5.137950420379639,,-0.11700000613927841
1763074414633,,33.10668511180795,139.9658203125,,,
1763074414635,,,,,-7.729950428009033,
1763074414636,,,,6.277950286865234,,-0.12195000797510147
1763074414655,6.0,,,6.996000289916992,-7.740000247955322,-0.11295000463724136
1763074414673,,33.15846157930741,139.9658203125,,,
1763074414678,,,123.96723865327381,,,
1763074414679,,,123.96723865327381,,,
1763074414681,,,,7.555950164794922,-7.73805046081543,-0.6589500308036804
1763074414711,,,,,-7.335000514984131,
1763074414712,,,,7.858050346374512,,-0.6589500308036804
1763074414713,,,,,-6.817950248718262,
1763074414714,,32.82323283883258,123.96723865327381,9.057000160217285,,-1.0900501012802124
1763074414738,,,,10.401000022888184,-6.817950248718262,-1.0800000429153442
1763074414740,6.0,,,,,
1763074414752,,31.703545290351865,,,,
1763074414753,,,123.96723865327381,,,
1763074414759,,,89.6397705078125,,,
1763074414763,,,,11.362950325012207,-6.837000370025635,-1.0849500894546509
1763074414772,,,,11.607000350952148,-6.38700008392334,-1.0800000429153442
1763074414791,,,,,-6.397050380706787,
1763074414792,,,,11.967000961303711,,-1.0699501037597656
1763074414793,,31.167528414495326,89.6397705078125,,,
1763074414815,,,,12.30405044555664,-6.38700008392334,-1.6639500856399536
1763074414833,,31.865471455909784,89.6397705078125,,,
1763074414834,,,0.0,,,
1763074414841,,,,12.76395034790039,-6.394050121307373,-1.6470000743865967
1763074414845,6.0,,,,,
1763074414867,,,,13.468050956726074,-5.740950107574463,-1.6549500226974487
1763074414870,,,,13.87695026397705,-5.137050151824951,-1.2619500160217285
1763074414872,3.0,,,,,
1763074414873,,31.59178966986571,,,,
1763074414895,,,,14.350950241088867,-4.168050289154053,-1.2450000047683716
1763074414913,,31.057094151778234,,,,
1763074414927,,,,14.983050346374512,-2.580000162124634,-1.2520500421524048
1763074414928,,,,15.465001106262207,-0.583050012588501,-1.2619500160217285
1763074414953,,31.183271619381934,0.0,,,
1763074414954,3.0,,,15.019050598144531,1.0320000648498535,-1.2739500999450684
1763074414983,,,,,1.9440001249313354,-1.6639500856399536
1763074414984,,,,13.956000328063965,,
1763074414993,,30.26947412664063,,,,
1763074415012,,,,13.116000175476074,2.4750001430511475,-1.683000087738037
1763074415037,,,,12.655950546264648,2.860950231552124,-2.7270002365112305
1763074415038,,31.248831536982408,0.0,,,
1763074415062,,,,12.232050895690918,2.1739501953125,-2.731950044631958
1763074415065,3.0,,,11.607000350952148,0.9310500621795654,-2.7340500354766846
1763074415073,,30.603918039228954,,,,
1763074415087,,,,,0.364050030708313,-2.742000102996826
1763074415089,4.0,,,,,
1763074415112,,,,12.261000633239746,0.3660000264644623,-2.743950128555298
1763074415113,,31.095781643110776,,,,
1763074415114,,,0.0,,,
1763074415139,,,,12.778050422668457,1.1970000267028809,-2.7370500564575195
1763074415142,,,,13.590001106262207,1.2019500732421875,-2.742000102996826
1763074415157,,34.88965459109195,,,,
1763074415164,,,,,0.5359500050544739,-2.7460501194000244
1763074415165,,,,15.508050918579102,,
1763074415167,4.0,,,,,
1763074415190,,,,17.389951705932617,0.8089500665664673,-2.731950044631958
1763074415194,,44.88304248053973,,,,
1763074415218,,,,,1.1680500507354736,-2.731950044631958
1763074415219,,,,18.510000228881836,,
1763074415220,,,,,1.908000111579895,-2.7300000190734863
1763074415221,,,,20.4060001373291,,
1763074415233,,29.42241808511635,,,,
1763074415238,,,175.76416015625,,,
1763074415243,,,,,1.9200000762939453,
1763074415244,,,,21.498001098632812,,-2.742000102996826
1763074415271,,,,20.880001068115234,0.08400000631809235,-3.180000066757202
1763074415273,4.0,33.299574909418666,,,,
1763074415274,,,175.76416015625,,,
1763074415297,,,,20.104951858520508,-2.3149502277374268,-3.172950267791748
1763074415300,,,,19.393951416015625,-4.60605001449585,-3.180000066757202
1763074415313,,31.803367352586967,175.76416015625,,,
1763074415326,,,,,-6.445050239562988,
1763074415327,5.0,,,18.582000732421875,,-3.160950183868408
1763074415337,,,,17.647951126098633,-7.723050594329834,-3.1750502586364746
1763074415354,,44.428107579165534,,,,
1763074415356,,,,,-8.470050811767578,-3.169950246810913
1763074415357,,,,16.900951385498047,,
1763074415378,,,,,-8.485050201416016,
1763074415379,5.0,,,15.349950790405273,,-3.180000066757202
1763074415397,,69.43448905597164,,,,
1763074415401,,,154.794921875,,,
1763074415405,,,,13.402950286865234,-7.594050407409668,-3.160950183868408
1763074415431,,,,11.851950645446777,-6.688950538635254,-1.8439500331878662
1763074415433,,67.68872666874285,154.794921875,,,
1763074415457,,,,10.422000885009766,-5.877000331878662,-1.8409501314163208
1763074415473,,64.15774660806355,154.794921875,,,
1763074415487,,,,8.410950660705566,-5.238000392913818,-1.377000093460083
1763074415489,5.0,,,,,
1763074415493,,,,7.326000213623047,-5.238000392913818,-1.3669500350952148
1763074415514,,52.13737750189884,154.794921875,,,
1763074415515,,,,6.3349504470825195,-5.260050296783447,-0.9960000514984131
1763074415518,,,139.5751953125,,,
1763074415541,4.0,,,5.775000095367432,-4.89300012588501,-0.6010500192642212
1763074415557,,42.182361977616445,139.5751953125,,,
1763074415569,,,,5.782050132751465,-5.260050296783447,-0.5940000414848328
1763074415572,,,,5.784000396728516,-5.26200008392334,-0.5920500159263611
1763074415593,,36.69406862926054,139.5751953125,,,
1763074415596,,,158.6865234375,5.794050216674805,-6.013950347900391,-0.5820000171661377
1763074415597,4.0,,,,,
1763074415622,,,,5.350950241088867,-6.760950088500977,-0.6010500192642212
1763074415633,,35.02087418787277,158.6865234375,,,
1763074415648,,,,5.623950481414795,-7.156050205230713,-0.5890500545501709
1763074415649,,,,5.95395040512085,-7.1770501136779785,-0.3570000231266022
1763074415674,,36.4589903144127,158.6865234375,,,
1763074415679,,,80.71393694196428,,,
1763074415680,,,,5.443950176239014,-7.450050354003906,-0.3379500210285187
1763074415702,,,,4.7910003662109375,-8.347949981689453,-0.34995001554489136
1763074415704,4.0,,,,,
1763074415707,,,,6.019050121307373,-9.130949974060059,-0.3570000231266022
1763074415713,,33.98073034066819,80.71393694196428,,,
1763074415728,,,,7.183050155639648,-9.820950508117676,-0.3379500210285187
1763074415754,8.0,35.15127099973421,80.71393694196428,,-10.22295093536377,-0.3430500030517578
1763074415755,,,,7.197000503540039,,
1763074415780,,,,7.786050319671631,-10.231950759887695,-0.3570000231266022
1763074415797,,34.992718524081866,80.71393694196428,,,
1763074415804,,,107.87248883928572,,,
1763074415806,,,,9.3589506149292,-9.720000267028809,-0.3430500030517578
1763074415833,,,,12.333000183105469,-7.198950290679932,-0.7020000219345093
1763074415834,,34.475966589232655,107.87248883928572,,,
1763074415836,8.0,,,,,
1763074415862,,,,,-6.445050239562988,
1763074415863,,,,12.35205078125,-6.454050540924072,-0.9820500612258911
1763074415873,,33.44464344876512,107.87248883928572,,,
1763074415878,,,63.66650390625,,,
1763074415891,,,,,-6.4609503746032715,
1763074415892,,,,13.07295036315918,,-0.970050036907196
1763074415914,,32.39366167598569,63.66650390625,,,
1763074415924,,,,14.860950469970703,-6.447000503540039,-0.9600000381469727
1763074415951,8.0,,,17.296051025390625,-4.785000324249268,-2.1910500526428223
1763074415953,,33.34831319590918,63.66650390625,,,
1763074415957,3.0,,,,,
1763074415960,,,,,-3.2700002193450928,
1763074415961,,,,18.108001708984375,,-2.1979501247406006
1763074415980,,,,18.108001708984375,-1.4449501037597656,-2.203050136566162
1763074415992,,32.35050673261439,,,,
1763074416003,,,,16.87995147705078,0.14100000262260437,-2.2099502086639404
1763074416028,,,,,1.068000078201294,
1763074416029,,,,15.781050682067871,,-2.203050136566162
1763074416033,,31.830022522628674,,,,
1763074416054,,,,14.595000267028809,1.50600004196167,-2.2099502086639404
1763074416074,,32.574735422686004,,,,
1763074416079,,,71.64434814453125,,1.5130500793457031,
1763074416080,,,,13.152000427246094,,-2.2170000076293945
1763074416081,3.0,,,,,
1763074416107,,,,,2.0440499782562256,
1763074416108,,,,10.91100025177002,,-2.221950054168701
1763074416117,,32.1330162058397,71.64434814453125,,,
1763074416135,,,,10.321950912475586,2.0470499992370605,-2.2240500450134277
1763074416136,,,,10.302000045776367,1.6849501132965088,-2.221950054168701
1763074416153,,31.108215332244257,71.64434814453125,,,
1763074416158,,,88.81025041852678,,,
1763074416163,,,,10.302000045776367,0.895050048828125,-2.221950054168701
1763074416193,4.0,29.81718216333654,88.81025041852678,10.666050910949707,0.9120000600814819,-2.215050220489502
1763074416194,,,,11.557050704956055,0.9139500260353088,-2.2170000076293945
1763074416196,4.0,,,,,
1763074416220,,,,12.714000701904297,1.8510000705718994,-2.2200000286102295
1763074416233,,30.691968342892878,88.81025041852678,,,
1763074416250,,,,13.273950576782227,2.2890000343322754,-2.203050136566162
1763074416274,,63.890088577453675,,,,
1763074416276,,,,14.314950942993164,1.2400500774383545,-2.2080001831054688
1763074416302,,,,17.59800148010254,-0.17400000989437103,-2.482950210571289
1763074416303,4.0,,,,,
1763074416311,,,,18.862051010131836,-0.1789500117301941,-2.791950225830078
1763074416313,,52.29563446250449,,,,
1763074416331,,,,19.372051239013672,-0.5550000071525574,-3.4669501781463623
1763074416354,,42.48786962249359,,,,
1763074416357,,,,,-1.366050124168396,-3.450000047683716
1763074416358,,,,18.85500144958496,,
1763074416359,,,32.7763671875,,,
1763074416383,,,,,-2.5440001487731934,-3.4459502696990967
1763074416384,,,,18.582000732421875,,
1763074416389,,,,19.033950805664062,-3.9240002632141113,-3.4549500942230225
1763074416393,,48.467545163565006,32.7763671875,,,
1763074416409,4.0,,,19.0489501953125,-5.48205041885376,-3.453000068664551
1763074416433,,72.51495172737988,32.7763671875,,,
1763074416439,,,,17.8210506439209,-7.069950103759766,-3.7900502681732178
1763074416466,,,,16.693050384521484,-8.239950180053711,-3.7710001468658447
1763074416468,,,,15.658050537109375,-8.785950660705566,-3.5460002422332764
1763074416473,,79.37890493483368,,,,
1763074416492,,,,14.100000381469727,-8.785950660705566,-3.532050132751465
1763074416513,,55.98036011843408,,,,
1763074416518,,,,12.238950729370117,-8.226000785827637,-3.5410501956939697
1763074416519,4.0,,,,,
1763074416521,,,73.2904052734375,,,
1763074416522,,,73.2904052734375,,,
1763074416525,,,,10.077000617980957,-7.564950466156006,-3.532050132751465
1763074416545,,,,8.397000312805176,-6.7099504470825195,-2.992950201034546
1763074416553,,43.09779236867014,73.2904052734375,,,
1763074416570,,,,7.318950176239014,-6.732000350952148,-2.9740500450134277
1763074416595,,37.16013096780916,73.2904052734375,,,
1763074416597,,,,,-6.129000186920166,
1763074416598,,,,5.6670002937316895,,-2.9790000915527344
1763074416623,,,,,-5.4970502853393555,
1763074416624,3.0,,,4.683000087738037,-4.885950088500977,-2.5980000495910645
1763074416637,,32.98653473522433,73.2904052734375,,,
1763074416642,,,105.64982096354166,,,
1763074416650,3.0,,,3.928950071334839,-4.891050338745117,-1.377000093460083
1763074416673,,32.67204331870009,105.64982096354166,,,
1763074416677,,,,4.165950298309326,-4.903050422668457,-1.0030500888824463
1763074416681,,,,4.186950206756592,-4.267950057983398,-0.9820500612258911
1763074416704,,,,4.183050155639648,-3.8800501823425293,-0.987000048160553
1763074416713,,31.58790905792754,105.64982096354166,,,
1763074416718,,,107.958984375,,,
1763074416735,,,,4.567950248718262,-4.174950122833252,-1.0030500888824463
1763074416751,,,,,-4.483950138092041,
1763074416752,,,,5.005950450897217,,-0.9820500612258911
1763074416753,3.0,30.271070401201015,107.958984375,,,
1763074416759,,,,6.190950393676758,-4.972050189971924,-0.9960000514984131
1763074416778,,,,,-4.990950107574463,
1763074416780,,,,7.153950214385986,,-1.3549500703811646
1763074416793,,29.016260253817016,107.958984375,,,
1763074416798,,,,7.635000228881836,-5.662050247192383,-1.3530000448226929
1763074416817,,,,,-6.007050514221191,-1.3429501056671143
1763074416818,,,,8.065950393676758,,
1763074416825,6.0,,,,,
1763074416837,,30.827778418616294,,,-6.616950511932373,
1763074416838,,,,9.093000411987305,,-1.3549500703811646
1763074416856,,,,10.516050338745117,-7.723050594329834,-1.3510500192642212
1763074416867,6.0,,,,,
1763074416876,,,,11.284050941467285,-8.506050109863281,-1.606950044631958
1763074416877,,29.055863315612733,0.0,,,
1763074416895,,,,,-8.929950714111328,
1763074416896,,,,11.29800033569336,,-2.0380501747131348
1763074416913,,28.749450420623827,,,,
1763074416919,,,,11.78700065612793,-8.12505054473877,-2.0380501747131348
1763074416936,,,,13.67595100402832,-6.567000389099121,-1.5709500312805176
1763074416954,,27.719297745837434,,15.393000602722168,-5.251950263977051,-1.0750499963760376
1763074416966,6.0,,,,,
1763074416973,,,,15.85995101928711,-4.419000148773193,-0.7950000166893005
1763074416993,,,,15.61500072479248,-3.14805006980896,-0.7930500507354736
1763074416997,,28.171660968844712,0.0,,,
1763074417013,,,,15.05505084991455,-1.4959501028060913,-0.7930500507354736
1763074417033,,27.503745610920078,,14.193000793457031,-0.06599999964237213,-2.0380501747131348
1763074417051,,,,13.345951080322266,0.42795002460479736,-2.3179500102996826
1763074417066,6.0,,,,,
1763074417071,,,,12.784950256347656,0.42795002460479736,-2.6200501918792725
1763074417073,,29.113143621872695,0.0,,,
1763074417090,,,,,0.07605000585317612,
1763074417091,,,,12.274950981140137,,-2.634000062942505
1763074417110,,,,11.184000968933105,0.08400000631809235,-3.5029501914978027
1763074417114,,28.794505599488446,,,,
1763074417133,,,,10.329000473022461,0.09300000220537186,-3.510000228881836
1763074417151,,,,9.855000495910645,0.0880500078201294,-3.5050501823425293
1763074417154,,25.546759149417632,0.0,,,
1763074417167,6.0,,,,,
1763074417168,,,,9.381000518798828,0.09300000220537186,-3.510000228881836
1763074417187,,,,,-0.1879500150680542,
1763074417188,,,,8.878050804138184,,-3.490950107574463
1763074417197,,27.649762821257976,,,,
1763074417207,,,,8.503950119018555,-0.1789500117301941,-3.501000165939331
1763074417226,,,,,0.14805001020431519,
1763074417227,,,,8.49000072479248,,-3.517050266265869
1763074417234,,28.223634370906275,,,,
1763074417249,,,,8.50200080871582,0.16005000472068787,-3.0859501361846924
1763074417259,4.0,,,,,
1763074417269,,,,9.451950073242188,0.4429500102996826,-3.1080000400543213
1763074417270,4.0,,,,,
1763074417273,,40.605220403238256,0.0,,,
1763074417285,,,,10.077000617980957,0.14100000262260437,-3.094050168991089
1763074417304,,,,,0.15495000779628754,
1763074417305,,,,11.19795036315918,,-3.1080000400543213
1763074417317,,67.94541347142578,,,,
1763074417324,,,,11.722050666809082,0.14595000445842743,-3.0979502201080322
1763074417343,,,,,0.4710000157356262,
1763074417345,,,,12.382950782775879,,-3.0889501571655273
1763074417357,,70.04911747769106,,,,
1763074417366,,,442.88563319614957,,,
1763074417367,,,,,0.4909500181674957,-3.1080000400543213
1763074417368,,,,13.080000877380371,,
1763074417372,4.0,,,,,
1763074417393,,66.22485413100135,442.88563319614957,,,
1763074417397,,,,13.482000350952148,0.1770000010728836,-4.213950157165527
1763074417420,,,,,-1.1370000839233398,
1763074417421,,,,13.4839506149292,,-4.480050086975098
1763074417422,,,,13.504050254821777,-2.1850500106811523,-4.458000183105469
1763074417433,,66.58471296946195,442.88563319614957,,,
1763074417439,,,442.3165421258836,,,
1763074417447,,,,13.495950698852539,-3.3990001678466797,-4.465950012207031
1763074417460,,,,,-3.4180500507354736,-4.470000267028809
1763074417461,,,,14.50200080871582,,
1763074417472,4.0,,,,,
1763074417474,,60.89231299041466,442.3165421258836,,,
1763074417481,,,,15.781050682067871,-3.406050205230713,-4.458000183105469
1763074417515,,63.053246438788506,442.3165421258836,16.735950469970703,-3.076050043106079,-4.477050304412842
1763074417519,,,,17.389951705932617,-3.0900001525878906,-4.462950229644775
1763074417538,,,,,-3.4420502185821533,
1763074417539,,,,17.398950576782227,,-4.470000267028809
1763074417556,,66.50093047649499,,,,
1763074417557,,,442.3165421258836,,,
1763074417558,,,,16.807950973510742,-4.189050197601318,-4.14900016784668
1763074417561,,,442.13742157907194,,,
1763074417572,4.0,,,,,
1763074417577,,,,15.759000778198242,-4.978950023651123,-3.769050121307373
1763074417594,,69.68477861344519,442.13742157907194,,,
1763074417600,,,,14.659950256347656,-5.475000381469727,-3.000000238418579
1763074417618,,,,13.827000617980957,-5.488950252532959,-2.713050127029419
1763074417633,,80.04863385292872,442.13742157907194,,,
1763074417636,,,,12.35400104522705,-5.485050201416016,-2.3179500102996826
1763074417655,,,,,-5.488950252532959,-2.2960500717163086
1763074417656,,,,10.803000450134277,,
1763074417672,4.0,,,,,
1763074417673,,57.0256379448535,,,,
1763074417674,,,,,-5.086950302124023,
1763074417675,,,,9.31605052947998,,-2.3149502277374268
1763074417693,3.0,,,8.317950248718262,-5.092050075531006,-1.2480000257492065
1763074417713,,62.419212756134925,,,,
1763074417716,,,3199.2431640625,,,
1763074417718,,,,7.5199503898620605,-5.104050159454346,-0.5359500050544739
1763074417735,,,,6.766050338745117,-4.254000186920166,-0.5290500521659851
1763074417752,,,,,-3.765000104904175,
1763074417753,,60.497391558363525,3199.2431640625,6.169950485229492,,-0.5149500370025635
1763074417772,3.0,,,5.63100004196167,-3.787050247192383,-0.51705002784729
1763074417791,,,,,-3.787050247192383,
1763074417793,,57.84513630615527,3199.2431640625,5.373000144958496,,-0.51705002784729
1763074417811,,,,5.374950408935547,-5.014950275421143,-0.534000039100647
1763074417832,,,,4.920000076293945,-6.142950057983398,-0.9820500612258911
1763074417833,,53.82777314546005,3199.2431640625,,,
1763074417836,,,3183.7890625,,,
1763074417850,,,,4.252050399780273,-6.660000324249268,-1.434000015258789
1763074417869,,,,,-6.667050361633301,
1763074417870,,,,,,-1.432050108909607
1763074417871,,,,3.469050168991089,,
1763074417873,,54.36852603936191,3183.7890625,,,
1763074417886,3.0,,,,,
1763074417889,,,,3.475950241088867,-6.672000408172607,-1.4269500970840454
1763074417908,,,,4.417050361633301,-5.784000396728516,-1.4299501180648804
1763074417909,8.0,,,,,
1763074417913,,46.99790011808324,3183.7890625,,,
1763074417916,,,3178.6474609375,,,
1763074417928,,,,,-5.800950050354004,
1763074417929,,,,5.890050411224365,,-1.4130001068115234
1763074417953,,48.75722853133165,3178.6474609375,,,
1763074417956,,,,7.470000267028809,-5.7960004806518555,-1.4179500341415405
1763074417974,,,,8.683950424194336,-6.76800012588501,-1.4269500970840454
1763074417986,8.0,,,,-7.479000568389893,-1.434000015258789
1763074417987,,,,9.991050720214844,,
1763074417997,,56.223100973986675,3178.6474609375,,,
1763074418000,,,3910.1513671875,,,
1763074418006,,,,11.205000877380371,-7.498050212860107,-1.4149500131607056
1763074418025,,,,12.922050476074219,-6.265050411224365,-1.4269500970840454
1763074418037,,59.03620148804123,3910.1513671875,,,
1763074418045,,,,14.832000732421875,-4.540950298309326,-0.6799500584602356
1763074418064,,,,,-3.3349502086639404,-0.6589500308036804
1763074418065,,,,15.715950965881348,,
1763074418073,,58.105420623368346,3910.1513671875,,,
1763074418084,,,,15.715950965881348,-2.5950000286102295,-0.6799500584602356
1763074418088,8.0,,,,,
1763074418103,,,,15.076951026916504,-1.258950114250183,-0.675000011920929
1763074418113,,57.01079559695742,3910.1513671875,,,
1763074418116,,,3193.6181640625,,,
1763074418123,,,,,-0.10200000554323196,
1763074418124,,,,14.710050582885742,,-1.204050064086914
1763074418127,10.0,,,,,
1763074418142,,,,14.703001022338867,0.49995002150535583,-1.6210501194000244
1763074418157,,56.311463915142,3193.6181640625,,,
1763074418162,,,,14.25105094909668,0.5029500126838684,-1.6309500932693481
1763074418189,,,,,0.09795000404119492,
1763074418190,10.0,,,12.778050422668457,,-4.063050270080566
1763074418193,,55.72347019888401,3193.6181640625,,,
1763074418196,,,3895.947265625,,,
1763074418209,,,,,-0.2959500253200531,-4.063050270080566
1763074418210,,,,10.896000862121582,,
1763074418228,,,,,-0.3130500018596649,
1763074418229,,,,9.438000679016113,,-4.047000408172607
1763074418233,,50.45672590986288,,,,
1763074418234,,,3895.947265625,,,
1763074418239,,,,,-0.598050057888031,
1763074418240,,,,8.892000198364258,,-4.0489501953125
1763074418259,,,,8.124000549316406,-0.6169500350952148,-4.054049968719482
1763074418273,,40.496799050942855,3895.947265625,,,
1763074418275,,,3184.7265625,,,
1763074418276,,,3184.7265625,,,
1763074418279,,,,7.686000347137451,-0.89205002784729,-4.042050361633301
1763074418290,10.0,,,,,
1763074418298,,,,7.297950267791748,-0.9109500646591187,-2.6989500522613525
1763074418314,,34.427323825366216,3184.7265625,,,
1763074418318,,,,7.003050327301025,-0.21705001592636108,-2.4469501972198486
1763074418337,,,,6.550950527191162,-0.21495001018047333,-2.433000087738037
1763074418344,3.0,,,,,
1763074418353,,51.73814638097418,3184.7265625,,,
1763074418356,,,,,-0.21705001592636108,
1763074418357,,,,6.12000036239624,,-2.430000066757202
1763074418376,,,,,-0.22905001044273376,
1763074418377,,,,6.838050365447998,,-2.442000150680542
1763074418393,3.0,40.72724024597399,,,,
1763074418394,,,3184.7265625,,,
1763074418395,,,,,-0.583050012588501,
1763074418396,,,,8.23905086517334,,-2.4469501972198486
1763074418423,,,,9.330000877380371,-0.89205002784729,-2.425950050354004
1763074418433,,33.24822939175362,,,,
1763074418442,,,,10.558950424194336,-0.9000000357627869,-2.8279502391815186
1763074418464,,,,12.333000183105469,-0.1879500150680542,-2.8159501552581787
1763074418473,,,,,0.6370500326156616,
1763074418474,,,,13.94205093383789,,-2.8279502391815186
1763074418477,,68.05021067888313,,,,
1763074418483,,,152.54345703125,,,
1763074418493,3.0,,,15.666000366210938,1.2330000400543213,-3.2089500427246094
1763074418512,,,,,1.237950086593628,
1763074418513,,,,17.196001052856445,,-3.211050033569336
1763074418514,,76.62085002903183,152.54345703125,,,
1763074418533,,,,18.223051071166992,1.771950125694275,-3.2179501056671143
1763074418551,,,,,1.1830500364303589,
1763074418552,,,,18.20400047302246,,-3.2280001640319824
1763074418553,,61.71472445087577,152.54345703125,,,
1763074418561,4.0,,,,,
1763074418571,,,,17.374950408935547,0.5719500184059143,-3.2160000801086426
1763074418590,,,,,-0.361050009727478,-3.192000150680542
1763074418591,,,,16.92300033569336,,
1763074418593,4.0,72.54124082641,,,,
1763074418610,,,,16.51995086669922,-1.3950001001358032,-3.1870501041412354
1763074418629,,,,,-2.53695011138916,
1763074418631,,,,15.982050895690918,,-3.1939501762390137
1763074418634,,68.346806351223,,,,
1763074418652,,,,15.997950553894043,-3.664950132369995,-3.192000150680542
1763074418672,,,,15.370950698852539,-4.318950176239014,-3.2089500427246094
1763074418673,,64.0845404096321,,,,
1763074418678,,,469.1966029575893,,,
1763074418693,4.0,,,14.430000305175781,-4.978950023651123,-3.1939501762390137
1763074418710,,,,13.38900089263916,-5.224050045013428,-3.189000129699707
1763074418713,,66.69579758636706,469.1966029575893,,,
1763074418727,,,,12.426000595092773,-5.238000392913818,-3.199050188064575
1763074418746,,,,,-5.224050045013428,-3.189000129699707
1763074418747,,,,11.571000099182129,,
1763074418757,,69.92564929730138,469.1966029575893,,,
1763074418769,,,,10.579950332641602,-4.612950325012207,-2.848950147628784
1763074418778,6.0,,,,,
1763074418785,,,,9.747000694274902,-4.623000144958496,-2.245950222015381
1763074418794,6.0,46.166707915727976,,,,
1763074418805,,,,8.734050750732422,-4.630050182342529,-1.5640500783920288
1763074418824,,,,8.101950645446777,-4.612950325012207,-1.054050087928772
1763074418833,,35.53107427566117,,,,
1763074418837,,,325.263671875,,,
1763074418844,,,,7.65000057220459,-4.318950176239014,-0.5869500041007996
1763074418863,,,,,-4.335000038146973,
1763074418864,,,,,,-0.5700000524520874
1763074418865,,,,7.06095027923584,,
1763074418873,,35.91032031824864,325.263671875,,,
1763074418883,,,,6.579000473022461,-4.32105016708374,-0.5839500427246094
1763074418903,6.0,,,6.1120500564575195,-4.326000213623047,-0.5800500512123108
1763074418913,,35.36093278819088,325.263671875,,,
1763074418922,,,,5.63100004196167,-4.612950325012207,-0.5800500512123108
1763074418942,,,,4.783950328826904,-5.152050018310547,-0.5680500268936157
1763074418957,,36.58903936613668,325.263671875,,,
1763074418961,,,,4.788000106811523,-5.712000370025635,-0.5820000171661377
1763074418980,,,,,-5.734050273895264,-0.5839500427246094
1763074418981,,,,5.344050407409668,,
1763074418993,,34.92278332135646,,,,
1763074418995,14.0,,,,,
1763074419005,14.0,,,5.356050491333008,-5.719050407409668,-0.9820500612258911
1763074419023,,,,,-5.722050189971924,
1763074419024,,,,5.839950084686279,,-1.2480000257492065
1763074419037,,35.59789274823067,,,,
1763074419038,,,,,-6.064050197601318,
1763074419039,,,,6.091050148010254,,-1.6210501194000244
1763074419047,,,103.71647426060268,,,
1763074419048,,,103.71647426060268,,,
1763074419058,,,,7.197000503540039,-7.033950328826904,-1.6120500564575195
1763074419078,,34.99862191186839,103.71647426060268,8.704950332641602,-8.002950668334961,-1.6000500917434692
1763074419097,,,,9.754050254821777,-8.758049964904785,-1.6120500564575195
1763074419111,14.0,,,,,
1763074419113,,35.14240610976299,103.71647426060268,,,
1763074419118,,,126.17053803943452,9.771000862121582,-9.268050193786621,-1.603950023651123
1763074419136,,,,,-9.540000915527344,
1763074419137,,,,9.473999977111816,,-1.6189501285552979
1763074419153,,33.59092703611475,126.17053803943452,,,
1763074419155,,,,10.630050659179688,-8.901000022888184,-1.6120500564575195
1763074419175,,,,12.211050987243652,-7.126950263977051,-1.6140000820159912
1763074419193,,36.78416532715993,126.17053803943452,,,
1763074419194,,,,13.101000785827637,-5.554050445556641,-1.606950044631958
1763074419211,14.0,,,,,
1763074419212,15.0,,,,,
1763074419213,,,,,-4.849950313568115,
1763074419214,,,,12.232050895690918,,-1.615950107574463
1763074419233,,36.1542598215522,,,,
1763074419234,,,126.17053803943452,,,
1763074419238,,,77.27897135416666,,,
1763074419244,,,,,-4.849950313568115,
1763074419245,,,,12.237000465393066,,-1.615950107574463
1763074419253,,,,13.000950813293457,-4.41195011138916,-1.6000500917434692
1763074419272,,,,,-3.9019501209259033,-1.606950044631958
1763074419273,,33.556701876761096,77.27897135416666,13.45305061340332,,
1763074419292,,,,13.087050437927246,-3.6150002479553223,-1.8870000839233398
1763074419310,15.0,,,,,
1763074419311,,,,,-3.3130502700805664,-1.8870000839233398
1763074419312,,,,12.361950874328613,,
1763074419313,,32.31379712831541,77.27897135416666,,,
1763074419333,,,,12.36405086517334,-2.7169501781463623,-1.8840000629425049
1763074419351,,,,12.606000900268555,-1.696950078010559,-1.8750001192092896
1763074419353,,31.787827166911015,,,,
1763074419370,,,,12.618000984191895,-0.8350500464439392,-1.8750001192092896
1763074419389,,,,,-0.2749500274658203,
1763074419390,,,,11.952000617980957,,-1.8840000629425049
1763074419393,,29.954153009197228,0.0,,,
1763074419409,,,,11.406000137329102,0.012000000104308128,-1.908000111579895
1763074419419,15.0,,,,,
1763074419429,6.0,,,11.392050743103027,0.028050001710653305,-1.9009500741958618
1763074419434,,33.2052990386776,,,,
1763074419458,,,,,0.37800002098083496,
1763074419459,,,,11.16195011138916,,-1.8919501304626465
1763074419473,,35.67679069241568,,,,
1763074419477,,,29.41436767578125,11.149950981140137,0.3850500285625458,-1.606950044631958
1763074419496,,,,,0.7729500532150269,
1763074419497,,,,11.145000457763672,,-1.6230000257492065
1763074419506,,,,11.728950500488281,0.7950000166893005,-1.6210501194000244
1763074419513,,34.16895498078006,29.41436767578125,,,
1763074419519,6.0,,,,,
1763074419525,,,,,0.7800000309944153,
1763074419526,,,,11.728950500488281,,-1.606950044631958
1763074419545,,,,12.031050682067871,0.20595000684261322,-1.606950044631958
1763074419557,,30.453072306572643,,,,
1763074419558,,,29.41436767578125,,,
1763074419565,,,,12.562950134277344,0.6150000095367432,-1.6090500354766846
1763074419584,,,,12.559950828552246,0.6150000095367432,-1.6090500354766846
1763074419596,,35.70435711088652,,,,
1763074419597,,,29.41436767578125,,,
1763074419603,,,,,0.6150000095367432,
1763074419604,,,,13.116000175476074,,-1.6090500354766846
1763074419621,6.0,,,,,
1763074419623,,,,13.920001029968262,0.06195000186562538,-1.606950044631958
1763074419633,,37.63898657090501,,,,
1763074419643,,,,14.875950813293457,-0.8130000233650208,-1.5919500589370728
1763074419646,8.0,,,,,
1763074419665,,,,15.579000473022461,-1.2439500093460083,-1.5919500589370728
1763074419673,,30.718849282976603,,,,
1763074419677,,,86.24665178571428,,,
1763074419685,,,,16.15395164489746,-1.5460500717163086,-1.602000117301941
1763074419705,,,,17.35395050048828,-1.9270501136779785,-1.8720000982284546
1763074419717,,37.46528823706362,86.24665178571428,,,
1763074419725,,,,17.69099998474121,-2.4439501762390137,-1.855950117111206
1763074419726,8.0,,,,,
1763074419742,,,,16.959001541137695,-3.0109500885009766,-2.2390501499176025
1763074419753,,38.55014859599962,86.24665178571428,,,
1763074419756,,,129.35546875,,,
1763074419759,,,,,-3.9240002632141113,-2.2270500659942627
1763074419760,,,,16.384050369262695,,
1763074419779,,,,16.402950286865234,-5.224050045013428,-2.2200000286102295
1763074419798,,58.98042732197421,129.35546875,,,
1763074419803,,,,16.944000244140625,-6.315000534057617,-2.2290000915527344
1763074419822,,,,16.43400001525879,-6.8110504150390625,-1.966050148010254
1763074419827,8.0,,,,,
1763074419834,,50.15772704654974,129.35546875,,,
1763074419837,,,,15.307050704956055,-6.828000545501709,-1.9470001459121704
1763074419856,,,,,-6.828000545501709,
1763074419857,,,,13.870050430297852,,-1.3980001211166382
1763074419863,5.0,,,,,
1763074419873,,77.799539931093,129.35546875,,,
1763074419876,,,190.673828125,12.598950386047363,-6.828000545501709,-0.7950000166893005
1763074419896,,,,,-7.192050457000732,
1763074419897,,,,12.297000885009766,,-0.7950000166893005
1763074419913,,79.64759808077395,190.673828125,,,
1763074419924,,,,11.635950088500977,-7.201050281524658,-0.7849500179290771
1763074419945,5.0,,,10.480050086975098,-6.897000312805176,-0.7780500650405884
1763074419954,,71.99884221570316,190.673828125,,,
1763074419961,,,112.130126953125,,,
1763074419966,,,,9.157950401306152,-6.415950298309326,-0.43605002760887146
1763074419973,,,,,-5.820000171661377,
1763074419974,,,,8.044950485229492,,-0.15600000321865082
1763074419993,,,,7.117950439453125,-5.5759501457214355,-0.14400000870227814
1763074419998,,69.00993223591142,112.130126953125,,,
1763074420012,,,,,-6.021000385284424,
1763074420013,,,,7.120050430297852,,-0.15300001204013824
1763074420033,,,,6.607950210571289,-6.03000020980835,-0.14400000870227814
1763074420045,5.0,,,,,
1763074420052,,,,6.12000036239624,-6.021000385284424,-0.15300001204013824
1763074420054,,65.2608097693198,112.130126953125,,,
1763074420073,,59.22898268027132,,,,
1763074420074,,,,5.803950309753418,-5.776950359344482,-0.13395000994205475
1763074420080,13.0,,,,,
1763074420091,,,,5.820000171661377,-5.7960004806518555,-0.13905000686645508
1763074420110,,,,,-5.779050350189209,-0.15600000321865082
1763074420111,,,,5.803950309753418,,
1763074420113,,74.56108243270337,,,,
1763074420129,,,,,-6.057000160217285,
1763074420130,,,,5.818050384521484,,-0.14100000262260437
1763074420145,13.0,,,,,
1763074420153,,40.14711217538094,,5.538000106811523,-6.073950290679932,-0.1489500105381012
1763074420157,,,215.33203125,,,
1763074420173,,,,,-6.825000286102295,
1763074420174,,,,5.55495023727417,,-0.13905000686645508
1763074420192,,,,6.378000259399414,-7.350000381469727,-0.14100000262260437
1763074420193,,39.89460412153047,215.33203125,,,
1763074420212,,,,7.362000465393066,-7.354950428009033,-0.13695000112056732
1763074420227,,,,7.815000534057617,-7.012050151824951,-0.14400000870227814
1763074420234,,36.60434793107689,215.33203125,,,
1763074420244,13.0,,,,,
1763074420246,,,,,-7.299000263214111,
1763074420247,,,,7.827000141143799,,-0.14400000870227814
1763074420273,,35.68979613698677,,,,
1763074420274,,,,8.72700023651123,-6.409050464630127,-0.40005001425743103
1763074420295,,,,9.466950416564941,-5.596950054168701,-0.39000001549720764
1763074420305,,,,11.119050979614258,-4.756950378417969,-0.3930000066757202
1763074420313,,35.57777527116651,,,,
1763074420322,,,132.94921875,,,
1763074420324,,,,12.10995101928711,-4.110000133514404,-0.8880000710487366
1763074420344,13.0,,,12.10995101928711,-3.81600022315979,-0.8880000710487366
1763074420358,,37.37272988030179,132.94921875,,,
1763074420363,,,,12.115050315856934,-3.484950065612793,-2.0160000324249268
1763074420383,,,,12.127050399780273,-3.496950149536133,-2.512050151824951
1763074420397,,35.01136454566577,,,,
1763074420398,,,132.94921875,,,
1763074420402,,,,13.165950775146484,-3.175950050354004,-2.505000114440918
1763074420422,,,,,-3.1879501342773438,-2.8999500274658203
1763074420423,,,,13.791000366210938,,
1763074420433,,36.51758714585777,,,,
1763074420434,,,132.94921875,,,
1763074420441,,,,,-3.175950050354004,
1763074420443,,,,13.798050880432129,,-3.6180002689361572
1763074420458,13.0,,,,,
1763074420461,,,,12.871950149536133,-2.638050079345703,-3.598950147628784
1763074420474,,36.01352394119659,,,,
1763074420480,,,,,-2.640000104904175,-3.595950126647949
1763074420481,,,,12.34005069732666,,
1763074420513,,36.93647550065605,,12.35205078125,-1.9120501279830933,-3.6060001850128174
1763074420514,4.0,,,,,
1763074420517,,,119.8388671875,,,
1763074420519,,,,12.3589506149292,-1.0579500198364258,-3.598950147628784
1763074420538,,,,,-0.6910500526428223,
1763074420539,,,,12.35205078125,,-3.6060001850128174
1763074420557,4.0,33.71733241171911,119.8388671875,,,
1763074420558,,,,11.169000625610352,-0.4330500066280365,-3.6010501384735107
1763074420577,,,,,-0.4540500342845917,
1763074420578,,,,10.372050285339355,,-3.3379502296447754
1763074420593,,48.66641235263846,119.8388671875,,,
1763074420597,,,,9.747000694274902,-0.16005000472068787,-3.331050157546997
1763074420617,,,,9.481050491333008,-0.15000000596046448,-3.340050220489502
1763074420633,,37.89257296126989,,,,
1763074420636,,,,9.473999977111816,-0.14505000412464142,-3.3450002670288086
1763074420655,,,,,-0.4330500066280365,
1763074420656,,,,9.91200065612793,,-3.321000099182129
1763074420658,4.0,,,,,
1763074420673,,39.90336966756765,,,,
1763074420675,,,,,-0.44700002670288086,
1763074420676,,,,9.919050216674805,,-3.0580501556396484
1763074420695,,,,9.91200065612793,-0.7270500063896179,-3.0580501556396484
1763074420713,,41.81866150172471,,,,
1763074420714,,,,10.67400074005127,-0.30300000309944153,-3.049950122833252
1763074420717,,,123.87586805555556,,,
1763074420744,6.0,,,11.385000228881836,0.27000001072883606,-3.3379502296447754
1763074420753,,50.85516421459046,123.87586805555556,,,
1763074420762,,,,11.758050918579102,0.28005000948905945,-3.340050220489502
1763074420763,6.0,,,,,
1763074420772,,,,,0.2850000262260437,
1763074420773,,,,12.412050247192383,,-3.3450002670288086
1763074420792,,,,12.793050765991211,0.27000001072883606,-3.6750001907348633
1763074420793,,50.90472380892011,123.87586805555556,,,
1763074420813,,,,13.201951026916504,-0.39000001549720764,-3.6540002822875977
1763074420833,,49.709460487757546,,13.52505111694336,-0.41100001335144043,-3.4240500926971436
1763074420851,,,,14.236050605773926,-1.0290000438690186,-3.4099502563476562
1763074420863,6.0,,,,,
1763074420870,,,,15.09795093536377,-1.0309500694274902,-3.4069502353668213
1763074420873,,48.75388945083864,,,,
1763074420879,,,186.092529296875,,,
1763074420880,,,186.092529296875,,,
1763074420889,,,,,-1.3810501098632812,
1763074420890,,,,15.781050682067871,,-3.4170000553131104
1763074420909,,,,15.78795051574707,-1.7400001287460327,-3.4170000553131104
1763074420913,,53.35737870814814,186.092529296875,,,
1763074420928,,,,,-2.0850000381469727,
1763074420929,,,,,,-2.6989500522613525
1763074420930,,,,15.796950340270996,,
1763074420947,,,,,-2.350050210952759,
1763074420948,,,,14.911050796508789,,-2.67900013923645
1763074420958,,57.37170545585076,186.092529296875,,,
1763074420972,,,,,-3.3490500450134277,
1763074420973,6.0,,,14.071050643920898,,-2.686950206756592
1763074420994,,53.90837304172129,186.092529296875,,,
1763074420995,,,,14.718000411987305,-4.51200008392334,-2.6959500312805176
1763074421014,,,,14.730000495910645,-5.647050380706787,-2.203050136566162
1763074421026,,,,14.734050750732422,-6.466050148010254,-1.771950125694275
1763074421033,,51.92704967819935,,,,
1763074421045,,,,,-6.9910502433776855,-1.758000135421753
1763074421046,,,,14.25105094909668,,
1763074421074,,51.91169369455224,,13.209000587463379,-7.0000505447387695,-1.3189500570297241
1763074421075,6.0,,,,,
1763074421081,,,96.2600368923611,,,
1763074421092,,,,,-7.249050140380859,
1763074421093,,,,12.03795051574707,,-0.8670000433921814
1763074421104,,,,10.875000953674316,-6.982950210571289,-0.859950065612793
1763074421114,,59.832248714401885,96.2600368923611,,,
1763074421123,,,,,-6.588000297546387,
1763074421124,,,,9.782999992370605,,0.9570000171661377
1763074421143,,,,8.467950820922852,-6.258000373840332,1.480950117111206
1763074421154,,60.902517513192336,96.2600368923611,,,
1763074421158,,,112.509765625,,,
1763074421162,,,,7.44795036315918,-5.899050235748291,1.480950117111206
1763074421178,12.0,,,,,
1763074421183,,,,,-5.596950054168701,
1763074421184,,,,6.651000499725342,,1.4899500608444214
1763074421193,,59.90827723206611,112.509765625,,,
1763074421201,,,,6.084000110626221,-5.611050128936768,1.480950117111206
1763074421226,,,,5.587950229644775,-4.972050189971924,1.4880000352859497
1763074421237,,59.527182790329064,112.509765625,,,
1763074421245,,,,5.344050407409668,-4.44795036315918,1.4899500608444214
1763074421259,,,,,-4.4599504470825195,
1763074421260,,,,5.077950477600098,,1.0860000848770142
1763074421273,,50.24885112350967,112.509765625,,,
1763074421276,,,98.798828125,,,
1763074421278,12.0,,,,,
1763074421279,,,,5.077950477600098,-4.462050437927246,0.6910500526428223
1763074421314,,44.05566043950043,98.798828125,5.085000038146973,-4.468950271606445,0.3679500222206116
1763074421333,,,,5.545050144195557,-4.843050003051758,0.38895002007484436
1763074421337,,,,,-5.188050270080566,
1763074421338,,,,6.040950298309326,,0.037050001323223114
1763074421357,,,,6.56505012512207,-5.928000450134277,0.04200000315904617
1763074421358,,39.81984958381565,98.798828125,,,
1763074421364,,,81.45138113839286,,,
1763074421376,,,,,-6.732000350952148,
1763074421378,12.0,,,7.362000465393066,,0.05595000088214874
1763074421392,18.0,,,,,
1763074421393,,39.2949935282558,81.45138113839286,,,
1763074421396,,,,8.704950332641602,-7.429050445556641,-0.27105000615119934
1763074421416,,,,10.08495044708252,-7.903050422668457,-0.25394999980926514
1763074421433,,43.093407875813554,81.45138113839286,,,
1763074421435,,,,11.004000663757324,-7.9170002937316895,-0.2639999985694885
1763074421455,,,,11.75100040435791,-7.90500020980835,-0.5359500050544739
1763074421473,,47.48351564463527,,,,
1763074421476,,,,12.204000473022461,-7.1770501136779785,-0.5269500017166138
1763074421477,18.0,,,,,
1763074421494,,,,12.634950637817383,-6.610050201416016,-0.520050048828125
1763074421513,,46.00373083512466,,13.396050453186035,-4.885950088500977,-0.520050048828125
1763074421534,,,,,-3.457050085067749,-0.5359500050544739
1763074421535,,,,13.396050453186035,,
1763074421553,,51.10062166031845,,12.418951034545898,-2.4150002002716064,-0.9100500345230103
1763074421559,,,89.2607189360119,,,
1763074421573,,,,11.521050453186035,-2.6670000553131104,-0.9100500345230103
1763074421578,18.0,,,,,
1763074421592,,,,,-2.6860501766204834,-0.8910000324249268
1763074421593,,54.165518762009235,89.2607189360119,10.932000160217285,,
1763074421599,14.0,,,,,
1763074421610,,,,,-3.5500502586364746,-1.3270500898361206
1763074421611,,,,11.362950325012207,,
1763074421630,,,,11.083050727844238,-4.168050289154053,-3.919950246810913
1763074421633,,49.994222701350054,89.2607189360119,,,
1763074421663,,,,,-4.186950206756592,-3.9079501628875732
1763074421664,,,,11.095050811767578,,
1763074421669,,,,11.095050811767578,-3.277050256729126,-3.9079501628875732
1763074421673,,50.732105019558645,,,,
1763074421678,14.0,,,,,
1763074421688,,,,11.089950561523438,-2.386050224304199,-3.9120001792907715
1763074421708,,,,,-1.5679501295089722,
1763074421709,,,,10.551000595092773,,-3.916950225830078
1763074421713,,47.48939219394831,,,,
1763074421718,,,324.628173828125,,,
1763074421728,,,,10.257000923156738,-0.9280500411987305,-4.256999969482422
1763074421750,,,,9.654000282287598,-0.5190000534057617,-4.249950408935547
1763074421757,,38.8642012116116,324.628173828125,,,
1763074421770,,,,9.673050880432129,-0.531000018119812,-4.237950325012207
1763074421778,14.0,,,,,
1763074421790,,,,9.1360502243042,-0.20295001566410065,-4.255050182342529
1763074421793,,64.901346120101,324.628173828125,,,
1763074421811,,,,8.655000686645508,-0.19305001199245453,-4.240050315856934
1763074421831,8.0,,,8.665050506591797,-0.21000000834465027,-4.248000144958496
1763074421833,,58.80835066754183,324.628173828125,,,
1763074421837,,,195.283203125,,,
1763074421844,,,,,-0.5329500436782837,
1763074421845,,,,8.914050102233887,,-5.125950336456299
1763074421864,,,,8.914050102233887,-0.5359500050544739,-5.125950336456299
1763074421877,,50.71177980560669,195.283203125,,,
1763074421880,8.0,,,,,
1763074421893,,,,8.932950019836426,-0.5550000071525574,-5.10705041885376
1763074421903,,,,9.402000427246094,-0.5400000214576721,-5.1220502853393555
1763074421913,,40.72124236803969,195.283203125,,,
1763074421922,,,,,-1.0429500341415405,
1763074421924,,,,10.020000457763672,,-5.1220502853393555
1763074421942,,,,,-1.4599500894546509,
1763074421943,,,,10.579950332641602,,-5.112000465393066
1763074421954,,34.93158320231182,,,,
1763074421961,,,,,-1.963050127029419,
1763074421962,,,,10.981950759887695,,-5.112000465393066
1763074421981,,,,11.622000694274902,-2.386050224304199,-4.465950012207031
1763074421986,8.0,,,,,
1763074421993,,35.70905005422819,,,,
1763074421996,,,223.4423828125,,,
1763074422005,,,,12.181950569152832,-2.3959500789642334,-3.89805006980896
1763074422024,,,,12.426000595092773,-2.817000150680542,-3.453000068664551
1763074422033,,36.78972035359406,223.4423828125,,,
1763074422045,12.0,,,12.426000595092773,-3.385050058364868,-2.992950201034546
1763074422063,,,,,-4.038000106811523,
1763074422064,,,,12.433050155639648,,-2.1889500617980957
1763074422073,,36.64375551637395,223.4423828125,,,
1763074422078,,,,12.958050727844238,-4.570050239562988,-1.0609500408172607
1763074422086,12.0,,,,,
1763074422098,,,,12.979050636291504,-4.843050003051758,-0.13395000994205475
1763074422113,,41.33574678117959,223.4423828125,,,
1763074422116,,,226.0986328125,,,
1763074422126,,,,13.258950233459473,-4.861950397491455,-0.11700000613927841
1763074422136,,,,,-4.455000400543213,
1763074422137,,,,13.276050567626953,,-0.11700000613927841
1763074422153,,60.82770446350267,226.0986328125,,,
1763074422156,,,,12.397050857543945,-4.471950054168701,0.10905000567436218
1763074422176,,,,11.169000625610352,-4.474050045013428,0.12105000764131546
1763074422191,12.0,,,,,
1763074422193,,58.11315558453467,226.0986328125,,,
1763074422195,,,,,-4.836000442504883,0.12300000339746475
1763074422196,,,,10.458000183105469,,
1763074422214,,,,,-4.855050086975098,
1763074422216,,,,9.747000694274902,,0.1189500093460083
1763074422233,,65.74691969617828,,,,
1763074422248,,,,,-4.857000350952148,
1763074422249,,,,9.3589506149292,,0.12105000764131546
1763074422250,6.0,,,,,
1763074422253,,,,,-5.6260504722595215,0.12300000339746475
1763074422255,,,,9.87600040435791,,
1763074422273,,72.92959164293066,,10.522950172424316,-5.6449503898620605,0.1189500093460083
1763074422277,,,597.6953125,,,
1763074422291,6.0,,,,,
1763074422292,,,,,-4.942950248718262,-0.22800001502037048
1763074422293,,,,10.525050163269043,,
1763074422313,,73.65516377611507,597.6953125,,,
1763074422315,,,,,-4.326000213623047,
1763074422316,,,,10.530000686645508,,-0.7230000495910645
1763074422331,,,,,-4.003050327301025,
1763074422332,,,,10.542000770568848,,-0.703950047492981
1763074422353,,64.74201712416114,597.6953125,10.542000770568848,-3.643050193786621,-0.703950047492981
1763074422374,,,,10.543950080871582,-3.646050214767456,-0.7020000219345093
1763074422394,,65.57088956912325,,,,
1763074422395,6.0,,,9.819000244140625,-3.664950132369995,-0.7060500383377075
1763074422409,,,,8.986050605773926,-3.2989501953125,-0.7140000462532043
1763074422429,,,,8.986050605773926,-3.3130502700805664,-0.7230000495910645
1763074422434,,66.65481575351971,,,,
1763074422448,,,,,-3.315000057220459,
1763074422450,,,,8.988000869750977,,-0.2989500164985657
1763074422473,,67.73990620654011,,,,
1763074422477,,,503.2177734375,,,
1763074422489,12.0,,,8.998050689697266,-2.7019500732421875,-0.286950021982193
1763074422511,12.0,,,8.593050003051758,-1.8619500398635864,-0.28995001316070557
1763074422513,,57.888524905276526,503.2177734375,,,
1763074422530,,,,8.20305061340332,-1.5319501161575317,-0.2850000262260437
1763074422546,,,,8.22195053100586,-1.5360000133514404,-0.28005000948905945
1763074422554,,48.59435088319485,503.2177734375,,,
1763074422565,,,,,-1.5360000133514404,
1763074422572,,,,7.800000190734863,,-0.28005000948905945
1763074422592,,,,7.5199503898620605,-1.1080501079559326,-0.2779500186443329
1763074422593,,47.47450052881977,,,,
1763074422611,12.0,,,7.5199503898620605,-0.7990500330924988,-0.2989500164985657
1763074422624,,,,7.537050247192383,-0.28905001282691956,-0.283050000667572
1763074422633,,48.55136173647779,,,,
1763074422637,,,493.310546875,,,
1763074422643,,,,8.016000747680664,-0.0019500000635161996,-0.30705001950263977
1763074422663,,,,8.914050102233887,0.24900001287460327,-0.31905001401901245
1763074422674,,43.574347001991384,493.310546875,,,
1763074422698,,,,9.388050079345703,0.2659500241279602,-0.31095001101493835
1763074422699,14.0,,,,,
1763074422702,,,,10.006050109863281,-0.30300000309944153,-0.29205000400543213
1763074422713,,53.8905462847998,493.310546875,,,
1763074422722,14.0,,,11.248050689697266,-0.6340500116348267,-0.2970000207424164
1763074422742,,,,,-0.6529500484466553,-0.2779500186443329
1763074422743,,,,12.046051025390625,,
1763074422754,,51.47323805178138,493.310546875,,,
1763074422758,,,594.8193359375,,,
1763074422764,,,,12.706050872802734,-0.6390000581741333,-0.29205000400543213
1763074422782,,,,12.714000701904297,-0.6390000581741333,-0.5509500503540039
1763074422797,,45.89417118779895,,,,
1763074422798,,,594.8193359375,,,
1763074422803,,,,12.714000701904297,-0.8779500126838684,-0.9240000247955322
1763074422822,,,,13.575000762939453,-0.41100001335144043,-0.9049500226974487
1763074422823,14.0,,,,,
1763074422837,,43.71115025093079,594.8193359375,,,
1763074422841,,,559.86328125,,,
1763074422843,,,,14.100000381469727,0.6150000095367432,-0.9270000457763672
1763074422857,,,,,1.9870500564575195,
1763074422858,,,,14.089950561523438,,-1.297950029373169
1763074422873,,41.21925136458281,559.86328125,,,
1763074422877,,,,13.38900089263916,3.1870501041412354,-1.3099501132965088
1763074422896,,,,12.714000701904297,3.847050189971924,-2.1310501098632812
1763074422910,10.0,,,,,
1763074422913,,42.65170827435897,559.86328125,,,
1763074422930,10.0,,,11.722050666809082,3.856950283050537,-2.143050193786621
1763074422935,,,,,2.82705020904541,
1763074422936,,,,10.681050300598145,,-2.863950252532959
1763074422953,,50.091295599338864,,,,
1763074422955,,,,,2.0440499782562256,
1763074422956,,,,9.961950302124023,,-2.883000135421753
1763074422975,,,,9.63900089263916,1.612950086593628,-2.883000135421753
1763074422993,,61.298417021277096,,,,
1763074422995,,,,9.62700080871582,1.1749500036239624,-2.8759500980377197
1763074423014,,,,,1.1899501085281372,
1763074423015,,,,9.904950141906738,,-2.8660502433776855
1763074423034,,73.61591512255694,,,,
1763074423035,10.0,,,10.300050735473633,1.1899501085281372,-2.8660502433776855
1763074423038,,,101.141357421875,,,
1763074423055,,,,10.279050827026367,1.1850000619888306,-2.8849501609802246
1763074423073,,77.40528499680792,101.141357421875,,1.6639500856399536,
1763074423074,,,,10.279050827026367,,-2.8849501609802246
1763074423093,,,,10.294950485229492,2.245950222015381,-2.512050151824951
1763074423110,,,,,2.668950080871582,
1763074423111,,,,10.279050827026367,,-1.6429500579833984
1763074423113,,68.39035767373319,101.141357421875,,,
1763074423119,,,59.14913504464286,,,
1763074423130,,,,9.84795093536377,3.1080000400543213,-0.7810500264167786
1763074423141,10.0,,,,,
1763074423153,,73.01312316657035,59.14913504464286,,,
1763074423163,,,,8.740950584411621,3.109950065612793,-0.40005001425743103
1763074423182,,,,8.052000045776367,3.1080000400543213,-0.004950000438839197
1763074423189,,,,7.153950214385986,3.129000186920166,0.25995001196861267
1763074423193,,59.79268412840118,59.14913504464286,,,
1763074423208,,,,,2.7340500354766846,
1763074423209,,,,6.550950527191162,,0.6910500526428223
1763074423227,,,,,2.7340500354766846,
1763074423228,,,,6.292050361633301,,1.2220500707626343
1763074423237,,58.39365670036202,,,,
1763074423248,,,,6.277950286865234,2.302950143814087,1.2079501152038574
1763074423252,10.0,,,,,
1763074423269,,,,,2.313000202178955,1.609950065612793
1763074423270,,,,6.292050361633301,,
1763074423273,,60.738550247888774,,,,
1763074423288,,,,5.278950214385986,2.325000047683716,1.9549500942230225
1763074423308,,,,4.884000301361084,1.9369500875473022,3.4200000762939453
1763074423313,,55.77327079919637,,,,
1763074423317,,,387.20703125,,,
1763074423318,,,387.20703125,,,
1763074423333,,,,,1.5700501203536987,
1763074423334,,,,4.884000301361084,,5.496000289916992
1763074423336,55.0,,,,,
1763074423352,,,,4.374000072479248,1.585050106048584,6.070950508117676
1763074423353,,69.246268771294,387.20703125,,,
1763074423372,55.0,,,4.353000164031982,1.5919500589370728,6.372000217437744
1763074423392,,,,,1.1680500507354736,
1763074423393,,64.27792448930413,387.20703125,4.933950424194336,,6.367950439453125
1763074423411,,,,,1.1779500246047974,
1763074423412,,,,5.193000316619873,,6.789000511169434
1763074423431,,,,4.819950103759766,0.7159500122070312,6.7819504737854
1763074423433,,64.75865745449778,,,,
1763074423451,,,,4.396049976348877,0.7230000495910645,7.312950134277344
1763074423471,,,,4.152000427246094,1.111050009727478,7.636950492858887
1763074423473,,64.48170738081105,,,,
1763074423478,,,387.91015625,,,
1763074423491,,,,3.706050157546997,0.4429500102996826,7.615050315856934
1763074423494,55.0,,,,,
1763074423512,,,,4.008000373840332,1.111050009727478,7.974000453948975
1763074423513,,69.57733686613507,387.91015625,,,
1763074423536,,,,,1.4629501104354858,
1763074423537,,,,3.649050235748291,,7.962000370025635
1763074423539,,,,,1.467000126838684,
1763074423540,,,,3.181950092315674,,7.957050323486328
1763074423553,,56.9470762391061,387.91015625,,,
1763074423558,179.0,,,,,
1763074423579,,,,2.671950101852417,1.1970000267028809,7.965000152587891
1763074423594,,45.78118814953993,387.91015625,,,
1763074423597,,,393.8330078125,,,
1763074423600,,,,2.143050193786621,1.8859500885009766,7.969050407409668
1763074423601,179.0,,,,,
1763074423620,,,,2.1480000019073486,1.9060500860214233,8.218050003051758
1763074423637,,42.149760696391006,393.8330078125,,,
1763074423643,,,,1.759950041770935,1.9009500741958618,8.199000358581543
1763074423664,,,,1.3720500469207764,1.8889501094818115,8.211000442504883
1763074423677,,32.71062287930179,393.8330078125,,,
1763074423684,,,,2.0179500579833984,2.482950210571289,8.215950012207031
1763074423706,,,,2.0160000324249268,2.482950210571289,8.215950012207031
1763074423718,,35.51974720300474,,,,
1763074423727,,,,,2.499000072479248,
1763074423728,179.0,,,1.9990501403808594,,8.199000358581543
1763074423748,,,,1.9990501403808594,3.409050226211548,8.199000358581543
1763074423753,,34.30260762324201,,,,
1763074423762,,,46.1715339781746,,,
1763074423769,178.0,,,1.1710500717163086,3.1150500774383545,8.206049919128418
1763074423773,,,,1.162950038909912,3.4450502395629883,8.463000297546387
1763074423796,,35.98164015880844,46.1715339781746,,,
1763074423813,,,,,3.4669501781463623,
1763074423814,,,,1.165950059890747,3.4669501781463623,8.458050727844238
1763074423836,,33.09657200165748,46.1715339781746,,,
1763074423839,,,,0.5029500126838684,3.4669501781463623,8.83905029296875
1763074423841,178.0,,,,,
1763074423866,,,,0.49800002574920654,3.4669501781463623,8.83905029296875
1763074423877,,31.941229220117787,46.1715339781746,,,
1763074423893,,,,0.7969500422477722,3.4669501781463623,8.83905029296875
1763074423917,,36.893457621848974,,,,
1763074423921,,,,0.28005000948905945,3.009000062942505,8.8410005569458
1763074423929,,,,0.8119500279426575,3.0210001468658447,8.829000473022461
1763074423952,,,,0.7999500632286072,3.019050121307373,8.830950736999512
1763074423953,178.0,,,,,
1763074423959,,33.41731768035045,,,,
1763074423968,,,118.3701171875,,,
1763074423969,,,118.3701171875,,,
1763074423981,,,,0.5100000500679016,3.4020001888275146,8.830950736999512
1763074423993,191.0,,,0.8830500245094299,3.6889500617980957,8.830950736999512
1763074423996,,32.85366941675109,118.3701171875,,,
1763074424010,,,,0.8689500689506531,4.027050018310547,8.58495044708252
1763074424036,,40.40026643058929,118.3701171875,1.207050085067749,4.507950305938721,8.568000793457031
1763074424056,,,,,4.515000343322754,
1763074424057,,,,1.207050085067749,,8.58495044708252
1763074424060,191.0,,,,,
1763074424065,,,,,4.507950305938721,
1763074424066,,,,,,8.31195068359375
1763074424067,,,,1.1899501085281372,,
1763074424076,,56.41492448546447,,,,
1763074424086,,,,0.7830000519752502,3.8830502033233643,8.296950340270996
1763074424110,,,,0.7660500407218933,3.574050188064575,8.295000076293945
1763074424118,,62.26000499116345,,,,
1763074424138,,,,0.38805001974105835,3.586050271987915,8.307000160217285
1763074424143,,,,,3.9190502166748047,
1763074424144,,,,0.3850500285625458,,8.308950424194336
1763074424158,,58.96076426161379,,,,
1763074424165,,,445.3369140625,,,
1763074424166,,,,0.6390000581741333,3.9379501342773438,8.290050506591797
1763074424169,191.0,,,,,
1763074424194,,,,0.984000027179718,3.928950071334839,8.677950859069824
1763074424196,,60.47513638748899,,,,
1763074424197,,,445.3369140625,,,
1763074424221,,,,,4.278000354766846,
1763074424222,160.0,,,0.9820500612258911,4.522950172424316,8.958000183105469
1763074424237,,51.53622169834519,445.3369140625,,,
1763074424242,,,248.54329427083331,,,
1763074424243,,,248.54329427083331,,,
1763074424249,,,,,4.539000034332275,
1763074424250,,,,,,8.958000183105469
1763074424251,,,,0.9049500226974487,,
1763074424272,,,,0.559950053691864,4.522950172424316,8.950950622558594
1763074424273,,33.796418418942885,248.54329427083331,,,
1763074424292,,,,0.8040000200271606,4.539000034332275,8.958000183105469
1763074424293,160.0,,,,,
1763074424313,,56.39466399329962,248.54329427083331,1.1850000619888306,4.810050010681152,8.950950622558594
1763074424320,,,,1.1749500036239624,4.812000274658203,8.506050109863281
1763074424338,,,,1.1850000619888306,4.827000141143799,8.506050109863281
1763074424353,,56.102821922959514,,,,
1763074424358,,,,,4.350000381469727,
1763074424359,,,,0.08595000207424164,,8.503050804138184
1763074424380,,,,0.08100000023841858,4.353000164031982,8.500950813293457
1763074424393,,58.85962358232041,,,,
1763074424404,,,,0.4740000367164612,4.35705041885376,8.496000289916992
1763074424405,160.0,,,,,
1763074424426,,,,,4.361999988555908,
1763074424427,162.0,,,0.4600500166416168,,8.491050720214844
