timestamp,AmbientLightSensor,DecibelSource,PitchSensor,AccX,AccY,AccZ
1763074862430,11.0,,,-0.1570500135421753,,
1763074862441,12.0,,,,,
1763074862443,,,,,5.322000026702881,
1763074862444,,,,,,8.632950782775879
1763074862447,,,,-1.1509500741958618,,
1763074862459,,31.480992995697324,,,,
1763074862462,,,172.265625,,,
1763074862463,,,,-1.1479500532150269,4.027050018310547,8.635050773620605
1763074862487,,,,-1.141050100326538,2.9419500827789307,8.641950607299805
1763074862499,,29.43856372520889,172.265625,,,
1763074862503,,,,-1.5079500675201416,2.9640002250671387,9.777000427246094
1763074862520,,,,,3.2149500846862793,
1763074862521,,,,-1.5240000486373901,,10.25100040435791
1763074862531,12.0,,,,,
1763074862539,,24.837037103003077,172.265625,,,
1763074862540,,,,,3.826050281524658,10.246050834655762
1763074862541,,,,-1.5120000839233398,,
1763074862562,,,,-0.9330000281333923,3.826050281524658,10.246050834655762
1763074862580,,25.496370738869697,,,,
1763074862589,,,,-0.3940500319004059,3.835050106048584,9.777000427246094
1763074862598,,,,,3.3160500526428223,
1763074862599,,,,-0.4159500300884247,,9.475050926208496
1763074862618,,,,0.04305000230669975,3.328050136566162,9.466050148010254
1763074862619,,25.999628628099952,0.0,,,
1763074862632,12.0,,,,,
1763074862638,,,,-0.21495001018047333,3.847050189971924,9.472949981689453
1763074862650,9.0,,,,,
1763074862658,,,,,3.309000253677368,
1763074862659,,,,-0.22905001044273376,,9.46095085144043
1763074862660,,22.349139470458425,,,,
1763074862677,,,,-0.22200001776218414,3.325050115585327,8.878950119018555
1763074862696,,,,,3.049950122833252,
1763074862697,,,,,,8.556000709533691
1763074862698,,,,0.10005000233650208,,
1763074862699,,28.09238965372606,,,,
1763074862716,,,,,3.072000026702881,8.539050102233887
1763074862717,,,,-0.21495001018047333,,
1763074862732,9.0,,,,,
1763074862735,,,,-0.23595000803470612,3.0520501136779785,7.543050289154053
1763074862739,,24.313473506031016,0.0,,,
1763074862755,,,,-0.21705001592636108,3.057000160217285,7.540950298309326
1763074862774,,,,-0.22200001776218414,3.061950206756592,7.5360002517700195
1763074862780,,22.830190343808813,,,,
1763074862795,,,,,3.057000160217285,7.540950298309326
1763074862796,,,,-0.21705001592636108,,
1763074862813,,,,,2.7840001583099365,7.5259504318237305
1763074862814,,,,0.3450000286102295,,
1763074862821,,24.252655738439046,,,,
1763074862822,,,0.0,,,
1763074862833,9.0,,,0.8550000190734863,3.258000135421753,7.531050205230713
1763074862852,,,,,4.422000408172607,
1763074862853,,,,1.4149500131607056,,7.219950199127197
1763074862862,,57.49472901235461,,,,
1763074862867,5.0,,,,,
1763074862872,,,,1.120050072669983,6.031050205230713,7.213050365447998
1763074862892,,,,,3.739950180053711,7.64400053024292
1763074862893,,,,0.7609500288963318,,
1763074862903,,61.68937470835887,,,,
1763074862906,,,2098.5498046875,,,
1763074862907,,,2098.5498046875,,,
1763074862921,,,,0.08595000207424164,1.527000069618225,7.639050483703613
1763074862938,,,,,0.4069500267505646,
1763074862939,5.0,,,-0.24300001561641693,,7.633950233459473
1763074862941,,41.4156190820127,2098.5498046875,,,
1763074862950,,,,0.5239500403404236,1.7070001363754272,8.138999938964844
1763074862970,,,,,3.2440502643585205,
1763074862973,,,,,,9.42495059967041
1763074862974,,,,0.5029500126838684,,
1763074862981,,40.752251080622585,2098.5498046875,,,
1763074862984,,,2093.720703125,,,
1763074862985,,,2093.720703125,,,
1763074862999,,,,-0.8400000333786011,3.510000228881836,9.42495059967041
1763074863014,,,,-1.8600001335144043,2.9059500694274902,9.406050682067871
1763074863021,,32.12304344285629,2093.720703125,,,
1763074863031,,,,-1.8600001335144043,2.9110500812530518,9.42495059967041
1763074863040,5.0,,,,,
1763074863047,,,,,3.4450502395629883,
1763074863048,,,,-0.7609500288963318,,9.418050765991211
1763074863061,,29.1776859748949,2093.720703125,,,
1763074863068,,,,,4.14900016784668,9.407999992370605
1763074863069,,,,0.06495000422000885,,
1763074863084,22.0,,,,,
1763074863087,,,,-0.4729500114917755,4.162950038909912,9.418050765991211
1763074863101,,32.74149336991651,2093.720703125,,,
1763074863107,,,,,4.153950214385986,9.403950691223145
1763074863108,,,,-0.781950056552887,,
1763074863129,,,,-1.2709500789642334,4.159049987792969,9.181050300598145
1763074863141,,31.18969373672168,,,,
1763074863146,,,,-1.2709500789642334,4.156050205230713,8.772000312805176
1763074863147,22.0,,,,,
1763074863164,,,,,4.159049987792969,
1763074863165,,,,-2.728950023651123,,8.769000053405762
1763074863181,,37.470608660358444,,,,
1763074863184,,,,-2.368950128555298,3.7830002307891846,8.290050506591797
1763074863186,,,128.49609375,,,
1763074863203,,,,,3.7830002307891846,
1763074863205,,,,-2.379000186920166,,7.543050289154053
1763074863221,,48.60382082388711,,,,
1763074863222,,,128.49609375,,,
1763074863223,,,,,3.7920002937316895,
1763074863226,,,,,,7.52400016784668
1763074863227,,,,-2.857950210571289,,
1763074863251,22.0,,,-2.8600502014160156,3.7990500926971436,7.105050563812256
1763074863262,,43.76661980380288,128.49609375,,,
1763074863269,,,,,4.120050430297852,7.093050479888916
1763074863270,,,,-2.3910000324249268,,
1763074863273,,,150.8984375,,,
1763074863274,,,150.8984375,,,
1763074863281,,,,,5.650050163269043,7.096050262451172
1763074863282,,,,-1.6870501041412354,,
1763074863300,,,,,7.417050361633301,
1763074863301,17.0,36.19938933215151,150.8984375,-1.3999500274658203,,7.099950313568115
1763074863321,,,,-2.319000005722046,8.595000267028809,7.096050262451172
1763074863340,,,,,8.617050170898438,7.543050289154053
1763074863341,,33.06541849830724,150.8984375,-2.6640000343322754,,
1763074863351,17.0,,,,,
1763074863360,,,,-1.960050106048584,8.25,7.543050289154053
1763074863380,,,,-2.3550000190734863,8.260050773620605,7.534050464630127
1763074863384,,47.71034369021966,150.8984375,,,
1763074863387,,,139.3408203125,,,
1763074863388,,,139.3408203125,,,
1763074863399,,,,-1.6080000400543213,8.265000343322754,7.528950214385986
1763074863418,,,,,9.529050827026367,8.068050384521484
1763074863419,,,,-0.739050030708313,,
1763074863423,,36.165892802895215,139.3408203125,,,
1763074863437,,,,,10.261950492858887,
1763074863438,,,,-1.429050087928772,,8.764050483703613
1763074863452,17.0,,,,,
1763074863458,,,,,10.534950256347656,
1763074863460,,,,-0.4440000355243683,,8.755050659179688
1763074863462,,34.42115295441469,139.3408203125,,,
1763074863477,,,,,9.256050109863281,
1763074863478,,,,0.6460500359535217,,9.540000915527344
1763074863498,,,,,6.289950370788574,
1763074863499,,,,0.07905000448226929,,11.020050048828125
1763074863502,,32.83860713720567,,,,
1763074863515,,,,,4.73805046081543,
1763074863516,,,,,,11.40000057220459
1763074863517,,,,0.07200000435113907,,
1763074863518,9.0,,,,,
1763074863535,,,,,3.718050241470337,11.383950233459473
1763074863536,,,,0.43095001578330994,,
1763074863544,,29.797052528665205,,,,
1763074863548,,,144.3408203125,,,
1763074863549,,,144.3408203125,,,
1763074863552,9.0,,,,,
1763074863555,,,,0.7830000519752502,2.641050100326538,11.383950233459473
1763074863574,,,,,0.4069500267505646,
1763074863576,,,,,,11.020050048828125
1763074863577,,,,0.7729500532150269,,
1763074863583,,32.379345166734275,,,,
1763074863584,,,144.3408203125,,,
1763074863597,,,,,-1.5390000343322754,8.878950119018555
1763074863598,,,,1.752000093460083,,
1763074863615,,,,,-2.6449501514434814,8.881950378417969
1763074863616,,,,1.755000114440918,,
1763074863620,,31.454888558136318,,,,
1763074863621,,,144.3408203125,,,
1763074863632,,,,,-2.329050064086914,
1763074863633,,,,1.3930500745773315,,8.901000022888184
1763074863652,9.0,,,,-2.0850000381469727,8.896050453186035
1763074863653,,,,1.738050103187561,,
1763074863662,,29.405641974238623,144.3408203125,,,
1763074863671,,,,,-1.065000057220459,
1763074863672,,,,1.741050124168396,,7.564950466156006
1763074863691,,,,,-1.078950047492981,
1763074863692,,,,,,6.372000217437744
1763074863693,,,,3.5910000801086426,,
1763074863701,,24.127518879768598,,,,
1763074863711,,,,4.8480000495910645,-0.7410000562667847,6.38700008392334
1763074863730,,,,,-0.4540500342845917,
1763074863731,,,,5.551950454711914,,6.38700008392334
1763074863735,43.0,,,,,
1763074863744,,26.23180114781965,0.0,,,
1763074863750,,,,,-0.15300001204013824,7.255950450897217
1763074863751,,,,4.647000312805176,,
1763074863752,43.0,,,,,
1763074863769,,,,,0.8809500336647034,7.564950466156006
1763074863770,,,,6.996000289916992,,
1763074863784,,26.67066275336446,,,,
1763074863789,,,,,3.4519500732421875,
1763074863790,,,,7.456050395965576,,8.86500072479248
1763074863808,,,,,8.365050315856934,
1763074863810,,,,5.121000289916992,,8.84595012664795
1763074863823,,40.14072650098462,,,,
1763074863829,,,,,8.370000839233398,
1763074863830,,,,2.800950050354004,,8.86500072479248
1763074863837,,,431.35416666666663,,,
1763074863847,,,,,4.228050231933594,9.856050491333008
1763074863848,,,,5.494950294494629,,
1763074863852,43.0,,,,,
1763074863861,,29.50497593693878,431.35416666666663,,,
1763074863867,,,,8.368050575256348,8.136000633239746,9.850950241088867
1763074863886,,,,,10.980000495910645,11.28600025177002
1763074863887,,,,7.635000228881836,,
1763074863901,,28.913563263920917,431.35416666666663,,,
1763074863906,,,,1.8820500373840332,7.603950500488281,11.28600025177002
1763074863926,,,,-3.957000255584717,2.7990000247955322,11.278050422668457
1763074863941,,29.49391113154451,,,,
1763074863942,,,431.35416666666663,,,
1763074863951,,,,,-0.17400000989437103,11.307000160217285
1763074863952,,,,-7.699050426483154,,
1763074863953,42.0,,,,,
1763074863964,,,,,-0.8350500464439392,
1763074863965,,,,,,11.296950340270996
1763074863966,,,,-7.6870503425598145,,
1763074863983,,28.641840383840965,,,,
1763074863984,,,,,4.293000221252441,11.724000930786133
1763074863985,,,,-1.6300500631332397,,
1763074864006,,,,,8.890050888061523,11.707050323486328
1763074864007,,,,0.4600500166416168,,
1763074864022,,28.296111388415675,,,,
1763074864023,,,0.0,-4.408950328826904,8.905950546264648,11.713950157165527
1763074864047,,,,-7.813950538635254,5.383950233459473,10.380000114440918
1763074864054,42.0,,,,,
1763074864062,,46.41690239398063,,,,
1763074864064,,,,-9.15000057220459,3.100050210952759,10.359000205993652
1763074864081,,,,,3.388050079345703,
1763074864082,,,,-5.487000465393066,,10.359000205993652
1763074864101,,56.4173018280639,,0.10005000233650208,5.383950233459473,10.372950553894043
1763074864105,,,218.76953125,,,
1763074864120,,,,,5.392050266265869,
1763074864121,,,,0.08595000207424164,,11.170950889587402
1763074864140,,,,0.7330500483512878,4.378950119018555,11.163000106811523
1763074864144,,58.875606192758816,218.76953125,,,
1763074864155,42.0,,,,,
1763074864164,,,,2.212050199508667,4.398000240325928,11.167950630187988
1763074864171,72.0,,,,,
1763074864182,,,,2.7799501419067383,5.313000202178955,11.163000106811523
1763074864184,,60.18083739545239,218.76953125,,,
1763074864198,,,,,5.9659504890441895,
1763074864199,,,,2.370000123977661,,11.155950546264648
1763074864218,,,,2.8590002059936523,5.478000164031982,11.53695011138916
1763074864222,,57.5412316809561,218.76953125,,,
1763074864227,,,223.5205078125,,,
1763074864237,,,,,4.579950332641602,
1763074864239,,,,,,12.22605037689209
1763074864240,,,,1.6230000257492065,,
1763074864255,72.0,,,,,
1763074864257,,,,2.6580002307891846,4.6020002365112305,12.211950302124023
1763074864266,,58.7041356564967,223.5205078125,,,
1763074864282,,,,,4.6020002365112305,
1763074864283,,,,3.555000066757202,,12.211950302124023
1763074864296,,,,3.2820000648498535,3.868950128555298,11.53695011138916
1763074864301,,58.414874124874146,223.5205078125,,,
1763074864307,,,180.1416015625,,,
1763074864316,,,,2.4850502014160156,1.8510000705718994,11.257050514221191
1763074864335,,,,1.8169500827789307,0.21300001442432404,10.467000961303711
1763074864340,,69.04363046352236,180.1416015625,,,
1763074864356,,,,,-1.0429500341415405,
1763074864357,72.0,,,2.8159501552581787,,8.980050086975098
1763074864374,,,,4.855050086975098,-1.6390501260757446,8.296950340270996
1763074864381,,78.22813238599159,180.1416015625,,,
1763074864386,21.0,,,,,
1763074864389,,,101.57244001116072,,,
1763074864397,,,,,-2.0059502124786377,6.9970502853393555
1763074864398,,,,7.434000492095947,,
1763074864414,,,,8.346000671386719,-2.3650500774383545,6.135000228881836
1763074864424,,74.97980568745507,101.57244001116072,,,
1763074864432,,,,,-2.3770501613616943,
1763074864433,,,,5.962050437927246,,5.697000503540039
1763074864452,,,,,-2.3740501403808594,
1763074864453,,,,3.8710501194000244,,5.071950435638428
1763074864457,21.0,,,,,
1763074864463,,58.34016390669682,,,,
1763074864464,,,101.57244001116072,,,
1763074864471,,,,,-1.0290000438690186,
1763074864473,,,,3.3040502071380615,,4.555050373077393
1763074864491,,,,,0.6439500451087952,
1763074864492,,,,,,4.548000335693359
1763074864493,,,,3.61995005607605,,
1763074864504,,41.822776524792104,101.57244001116072,,,
1763074864513,,,90.352783203125,,,
1763074864516,,,,,3.0360002517700195,4.549950122833252
1763074864517,,,,3.928950071334839,,
1763074864531,,,,4.237950325012207,3.3010501861572266,4.548000335693359
1763074864542,,64.90851183895953,90.352783203125,,,
1763074864550,,,,3.5629501342773438,5.599950313568115,5.071950435638428
1763074864558,21.0,,,,,
1763074864571,,,,2.67900013923645,8.107049942016602,5.697000503540039
1763074864583,,55.888805349134635,90.352783203125,,,
1763074864589,,,,,8.112000465393066,6.135000228881836
1763074864590,,,,4.266000270843506,,
1763074864603,119.0,,,,,
1763074864608,,,,,5.8660502433776855,8.190000534057617
1763074864609,,,,4.256999969482422,,
1763074864620,,43.28938080541541,,,,
1763074864628,,,,3.9790501594543457,5.419950485229492,9.763050079345703
1763074864647,,,,,7.669050216674805,
1763074864648,,,,3.4620001316070557,,10.315950393676758
1763074864663,,51.75554381626717,,,,
1763074864664,119.0,,,,,
1763074864667,,,,4.24500036239624,9.63705062866211,10.632000923156738
1763074864672,,,1537.1240234375,,,
1763074864686,,,,,9.306000709533691,
1763074864687,,,,6.313950061798096,,10.629000663757324
1763074864704,,71.38750403735324,1537.1240234375,,,
1763074864706,,,,5.716950416564941,6.9649505615234375,10.624950408935547
1763074864725,,,,,4.573050022125244,
1763074864726,,,,2.650050163269043,,
1763074864743,,66.52459007989262,,,,
1763074864744,,,1537.1240234375,,,
1763074864749,,,,,3.3520500659942627,
1763074864750,,,,-3.1240501403808594,,10.621950149536133
1763074864769,,,,,3.80400013923645,
1763074864770,,,,-7.282950401306152,,10.624950408935547
1763074864771,119.0,,,,,
1763074864783,,58.56928490412487,1537.1240234375,,,
1763074864787,,,,-7.294950485229492,5.19795036315918,10.380000114440918
1763074864804,,,,,5.923050403594971,
1763074864805,,,,-6.636000156402588,,10.360950469970703
1763074864820,90.0,,,,,
1763074864822,,,,,6.333000183105469,
1763074864823,,,,-7.462050437927246,,9.648000717163086
1763074864824,,73.89124528510035,,,,
1763074864843,,,,,5.743950366973877,8.10300064086914
1763074864847,,,,-7.159950256347656,,
1763074864864,,64.78841856596824,,,,
1763074864865,,,,-3.7920002937316895,4.981950283050537,8.092050552368164
1763074864870,,,233.974609375,,,
1763074864871,90.0,,,,,
1763074864882,,,,0.4240500330924988,4.249950408935547,8.082000732421875
1763074864901,,,,,2.7769501209259033,9.648000717163086
1763074864902,,,,2.67900013923645,,
1763074864903,,51.289337898023774,233.974609375,,,
1763074864920,,,,,2.782050132751465,
1763074864921,,,,3.634050130844116,,10.230000495910645
1763074864940,,43.3862975806667,233.974609375,3.630000114440918,4.759950160980225,10.225050926208496
1763074864946,,,180.7666015625,,,
1763074864966,,,,2.67900013923645,6.498000144958496,11.227950096130371
1763074864971,90.0,,,,,
1763074864979,,,,,6.502950191497803,
1763074864981,,40.52833417576757,180.7666015625,2.67900013923645,,11.946000099182129
1763074864998,,,,,7.0219502449035645,
1763074865000,,,,1.5150001049041748,,11.929950714111328
1763074865018,,,,,8.365050315856934,11.926950454711914
1763074865019,,,,0.9480000734329224,,
1763074865022,,37.71543404497531,,,,
1763074865023,,,180.7666015625,,,
1763074865037,,,,,8.056950569152832,11.925000190734863
1763074865038,,,,-0.028050001710653305,,
1763074865057,,,,,5.061000347137451,11.926950454711914
1763074865058,,,,-1.2850500345230103,,
1763074865063,,37.52213347841558,180.7666015625,,,
1763074865067,,,155.419921875,,,
1763074865068,,,155.419921875,,,
1763074865070,90.0,,,,,
1763074865080,,,,-1.5580500364303589,2.2669501304626465,11.227950096130371
1763074865099,,,,-0.22905001044273376,0.8380500674247742,10.711050033569336
1763074865104,,36.65039282077581,155.419921875,,,
1763074865117,,,,1.8960001468658447,1.1040000915527344,4.7989501953125
1763074865135,,,,,1.3759500980377197,4.777950286865234
1763074865136,,,,5.904000282287598,,
1763074865141,,42.55271752828892,,,,
1763074865142,,,155.419921875,,,
1763074865154,,,,,-0.7630500197410583,
1763074865155,,,,6.723000526428223,,4.81095027923584
1763074865170,90.0,,,,,
1763074865174,,,,,-3.43500018119812,
1763074865175,,,,3.5839502811431885,,4.801950454711914
1763074865182,,41.950979988680174,,,,
1763074865198,,,,2.4780001640319824,-3.1330502033233643,4.81095027923584
1763074865213,,,,,-1.8480000495910645,
1763074865214,,,,3.490950107574463,,4.819050312042236
1763074865222,,38.47401195475199,,,,
1763074865231,,,67.13288225446428,,,
1763074865232,,,,,0.24195000529289246,
1763074865234,,,,,,4.78695011138916
1763074865235,,,,3.778050184249878,,
1763074865252,,,,,1.5490500926971436,
1763074865256,141.0,,,3.7759501934051514,,6.055950164794922
1763074865264,,32.508945744322865,,,,
1763074865265,,,67.13288225446428,,,
1763074865271,141.0,,,,,
1763074865272,,,,1.7809500694274902,3.567000150680542,6.046950340270996
1763074865292,,,,,7.402950286865234,
1763074865293,,,,0.9190500378608704,,6.0420002937316895
1763074865302,,33.934586038369126,67.13288225446428,,,
1763074865315,,,,,11.77695083618164,6.049050331115723
1763074865316,,,,0.9120000600814819,,
1763074865330,,,,,14.586000442504883,
1763074865331,,,,2.8950002193450928,,6.0420002937316895
1763074865346,,72.76642551618531,67.13288225446428,,,
1763074865351,,,,6.39300012588501,11.941950798034668,6.5809502601623535
1763074865356,,,70.98126220703125,,,
1763074865357,,,70.98126220703125,,,
1763074865369,,,,,7.798050403594971,
1763074865370,,,,5.07105016708374,,8.26200008392334
1763074865371,141.0,,,,,
1763074865383,,39.920113922249875,70.98126220703125,,,
1763074865389,,,,,4.228050231933594,9.589950561523438
1763074865391,,,,1.3000500202178955,,
1763074865408,,,,,3.6820502281188965,10.171950340270996
1763074865409,,,,-2.110949993133545,,
1763074865422,,37.280306583736625,70.98126220703125,,,
1763074865431,,,,,3.687000274658203,
1763074865432,,,,-2.5630500316619873,,10.16295051574707
1763074865448,,,,-1.6080000400543213,4.759950160980225,10.167000770568848
1763074865464,,40.054532646098686,,,,
1763074865467,,,,-1.0120500326156616,6.109950065612793,9.589950561523438
1763074865471,130.0,,,,,
1763074865486,,,,,5.140050411224365,
1763074865487,,,,-1.5720000267028809,,5.869950294494629
1763074865502,,41.185335488409585,,,,
1763074865506,,,,-2.4049501419067383,4.788000106811523,5.860050201416016
1763074865512,,,219.08660888671875,,,
1763074865525,,,,,4.79295015335083,
1763074865526,,,,-2.419950008392334,,10.171950340270996
1763074865545,,38.9200365747466,219.08660888671875,,,
1763074865551,,,,-2.914950132369995,5.277000427246094,10.153050422668457
1763074865565,,,,-3.828000068664551,5.289000034332275,9.259950637817383
1763074865572,130.0,,,,,
1763074865581,,36.379538552558145,219.08660888671875,,,
1763074865584,,,,-4.194000244140625,5.715000152587891,8.08905029296875
1763074865603,,,,,7.159050464630127,
1763074865604,,,,,,7.486050128936768
1763074865605,,,,-4.624950408935547,,
1763074865621,,45.8588909573615,219.08660888671875,,,
1763074865623,,,,-3.934950113296509,7.174950122833252,7.483050346374512
1763074865642,,,,,5.491950035095215,
1763074865643,,,,-2.571000099182129,,8.08905029296875
1763074865661,,41.500233325119964,,,,
1763074865665,,,,0.38100001215934753,5.758050441741943,8.599050521850586
1763074865682,130.0,,,4.366950035095215,9.163050651550293,9.259950637817383
1763074865688,111.0,,,,,
1763074865701,,,,-1.0260000228881836,11.410950660705566,10.201050758361816
1763074865703,,76.16147487792102,,,,
1763074865711,,,374.15120442708337,,,
1763074865721,,,,-4.273050308227539,8.229000091552734,10.19895076751709
1763074865740,,,,,5.212050437927246,
1763074865741,,,,-4.819050312042236,,10.19895076751709
1763074865742,,55.0888902190824,374.15120442708337,,,
1763074865760,,,,,2.6550002098083496,
1763074865765,,,,-2.7430500984191895,,11.07705020904541
1763074865784,,55.51985719413872,374.15120442708337,,,
1763074865788,,,,,1.9369500875473022,12.291000366210938
1763074865789,111.0,,,-0.034950003027915955,,
1763074865791,,,218.1573486328125,,,
1763074865802,,,,2.571000099182129,3.7900502681732178,12.27405071258545
1763074865818,,,,,5.6569504737854,12.27405071258545
1763074865819,,,,3.3109500408172607,,
1763074865821,,51.08520414228215,218.1573486328125,,,
1763074865838,,,,3.2989501953125,6.202950477600098,12.279000282287598
1763074865857,,,,,5.599950313568115,
1763074865858,,,,3.031050205230713,,11.343000411987305
1763074865865,,38.775848070896686,218.1573486328125,,,
1763074865881,,,,,4.14900016784668,11.07705020904541
1763074865882,,,,2.6650500297546387,,
1763074865889,111.0,,,,,
1763074865897,,,,,2.3460001945495605,
1763074865898,,,,,,10.309050559997559
1763074865899,,,,2.6550002098083496,,
1763074865903,,39.98022765062649,,,,
1763074865905,5.0,,,,,
1763074865916,,,,3.132000207901001,1.0459500551223755,6.552000522613525
1763074865935,,,,,0.19095000624656677,
1763074865936,,,,,,6.541950225830078
1763074865937,,,,3.490950107574463,,
1763074865941,,36.21927715296011,,,,
1763074865957,,,,,0.6580500602722168,6.529950141906738
1763074865958,,,,3.166950225830078,,
1763074865975,,,,1.8460501432418823,1.5630000829696655,6.535050392150879
1763074865981,,35.611984995241606,,,,
1763074865988,,,29.037446521577383,,,
1763074865989,5.0,,29.037446521577383,,,
1763074866000,,,,,3.868950128555298,6.552000522613525
1763074866001,,,,-0.09300000220537186,,
1763074866015,,,,,5.413050174713135,
1763074866016,,,,1.3930500745773315,,6.5400004386901855
1763074866023,,36.81994208690461,29.037446521577383,,,
1763074866033,,,,,7.62600040435791,
1763074866034,,,,2.2770001888275146,,6.529950141906738
1763074866052,,,,,8.752950668334961,
1763074866053,,,,2.2770001888275146,,6.982950210571289
1763074866064,,35.301550315428365,,,,
1763074866065,,,29.037446521577383,,,
1763074866072,,,,2.6140501499176025,8.7649507522583,8.12505054473877
1763074866089,5.0,,,,,
1763074866091,,,,,7.7910003662109375,
1763074866092,,,,1.6230000257492065,,8.37600040435791
1763074866102,,33.07057145949458,,,,
1763074866117,,,,,6.382950305938721,
1763074866118,,,,-2.2039501667022705,,8.37600040435791
1763074866123,120.0,,,,,
1763074866133,,,,,5.377050399780273,
1763074866134,,,,-4.273050308227539,,8.37600040435791
1763074866141,,36.36363130184683,,,,
1763074866147,,,247.18868582589286,,,
1763074866150,,,,-3.06600022315979,5.047050476074219,8.371950149536133
1763074866169,,,,,5.0560503005981445,
1763074866170,,,,-0.6960000395774841,,8.36205005645752
1763074866182,,36.05084633231057,247.18868582589286,,,
1763074866189,120.0,,,1.4080500602722168,4.752000331878662,9.030000686645508
1763074866208,,,,,4.774050235748291,
1763074866209,,,,2.26200008392334,,9.316950798034668
1763074866221,,33.940786487856535,247.18868582589286,,,
1763074866232,,,,,4.2709503173828125,9.298050880432129
1763074866233,,,,0.8760000467300415,,
1763074866247,,,,,3.7540502548217773,
1763074866248,,,,-1.4359500408172607,,9.313050270080566
1763074866262,,34.5835199322582,247.18868582589286,,,
1763074866267,,,,,3.7680001258850098,
1763074866268,,,,-3.0810000896453857,,9.030000686645508
1763074866287,,,,-3.085050106048584,3.3229501247406006,8.161050796508789
1763074866299,120.0,,,,,
1763074866301,,35.41665970800554,,,,
1763074866305,,,,,2.848950147628784,
1763074866306,,,,-2.368950128555298,,6.789000511169434
1763074866325,,,,,2.382000207901001,
1763074866326,,,,-2.118000030517578,,6.7669501304626465
1763074866339,99.0,,,,,
1763074866341,,34.456635869251585,,,,
1763074866347,,,,,1.9870500564575195,7.471050262451172
1763074866348,,,212.44140625,-2.1280500888824463,,
1763074866365,,,,,1.4629501104354858,
1763074866366,,,,-3.1519501209259033,,7.459050178527832
1763074866385,,,,,2.302950143814087,7.4569501876831055
1763074866386,,34.36654675405959,212.44140625,-5.221050262451172,,
1763074866402,99.0,,,,,
1763074866403,,,,,3.9910502433776855,
1763074866404,,,,-5.665950298309326,,7.468950271606445
1763074866421,,37.65049576621884,212.44140625,,,
1763074866423,,,,-3.0949501991271973,5.908950328826904,6.802950382232666
1763074866431,,,143.25899251302081,,,
1763074866442,,,,,8.373000144958496,6.801000118255615
1763074866443,,,,-0.23595000803470612,,
1763074866463,,56.17212412099961,143.25899251302081,,,
1763074866466,,,,,7.999050617218018,7.378050327301025
1763074866467,,,,-2.620950222015381,,
1763074866482,,,,-3.96405029296875,7.237950325012207,7.360950469970703
1763074866501,,,,-0.8250000476837158,7.891050338745117,7.378050327301025
1763074866503,99.0,51.34433609889777,143.25899251302081,,,
1763074866520,,,,,9.141000747680664,
1763074866521,,,,4.353000164031982,,7.729950428009033
1763074866540,,43.130285228287136,,,7.633050441741943,
1763074866541,,,143.25899251302081,4.348050117492676,,8.958000183105469
1763074866556,15.0,,,,,
1763074866567,,,,,4.924950122833252,9.42495059967041
1763074866568,,,,0.9550500512123108,,
1763074866579,,,,,2.052000045776367,
1763074866580,,,,,,9.877950668334961
1763074866581,,,,-0.6030000448226929,,
1763074866584,,37.47515339929579,,,,
1763074866599,,,,-2.6569502353668213,0.895050048828125,9.859050750732422
1763074866603,15.0,,,,,
1763074866618,,,,,1.527000069618225,9.873000144958496
1763074866619,,,,-3.6259500980377197,,
1763074866621,,40.0706150742662,,,,
1763074866626,,,41.75059000651042,,,
1763074866637,,,,,2.0880000591278076,
1763074866638,,,,-1.6939500570297241,,9.862950325012207
1763074866659,,,,,2.1040501594543457,
1763074866660,,,,1.321950078010559,,9.870000839233398
1763074866664,,37.01765731061288,,,,
1763074866665,,,41.75059000651042,,,
1763074866678,,,,2.464050054550171,1.1389501094818115,9.877950668334961
1763074866699,,,,2.823000192642212,1.1509500741958618,9.865950584411621
1763074866701,,35.32785134689428,41.75059000651042,,,
1763074866718,,,,1.4650501012802124,1.4269500970840454,9.877950668334961
1763074866719,15.0,,,,,
1763074866735,,,,,2.668950080871582,
1763074866736,,,,3.3540000915527344,,9.856050491333008
1763074866741,,34.98061000769589,,,,
1763074866754,,,,,4.852950096130371,
1763074866755,,,,3.807000160217285,,9.166950225830078
1763074866773,,,,,5.491950035095215,
1763074866774,42.0,,,5.380050182342529,,9.147000312805176
1763074866781,,34.50056471878813,,,,
1763074866794,,,,3.211050033569336,4.486950397491455,9.147000312805176
1763074866817,,,,,3.6180002689361572,8.563050270080566
1763074866818,,,,3.199050188064575,,
1763074866820,42.0,,,,,
1763074866821,,36.48991369588688,,,,
1763074866828,,,107.666015625,,,
1763074866833,,,,2.0329501628875732,6.748950481414795,8.556000709533691
1763074866852,,,,1.4940000772476196,7.252050399780273,8.556000709533691
1763074866862,,50.668344135297836,,,,
1763074866863,,,107.666015625,,,
1763074866871,,,,,7.942050457000732,
1763074866872,,,,5.509050369262695,,10.516950607299805
1763074866891,,,,5.035050392150879,4.744950294494629,10.503000259399414
1763074866901,,37.25568762498651,107.666015625,,,
1763074866914,,,,,0.15495000779628754,
1763074866915,,,,-1.6870501041412354,,10.495050430297852
1763074866920,42.0,,,,,
1763074866932,,,,,3.9049501419067383,
1763074866933,,,,-5.989950180053711,,7.809000492095947
1763074866941,,37.18087614123328,,,,
1763074866955,,,,-3.058950185775757,3.079050064086914,7.809000492095947
1763074866969,,,,,4.206000328063965,7.8070502281188965
1763074866970,,,,-1.672950029373169,,
1763074866982,,38.23427352776627,,,,
1763074866985,,,184.4384765625,,,
1763074866988,,,,,4.216050148010254,
1763074866989,78.0,,,,,6.135000228881836
1763074866990,,,,-0.09300000220537186,,
1763074867008,,,,,3.8550002574920654,5.755050182342529
1763074867009,,,,-0.10200000554323196,,
1763074867021,78.0,35.543104317452766,184.4384765625,,,
1763074867031,,,,-0.9109500646591187,3.007050037384033,5.323950290679932
1763074867048,,,,,2.7120001316070557,
1763074867061,,34.55926785446546,184.4384765625,,,
1763074867067,,,,-5.938950061798096,1.4119501113891602,5.314050197601318
1763074867086,,,,,1.4170501232147217,5.308950424194336
1763074867087,,,,-4.732950210571289,,
1763074867102,,32.564212793935944,184.4384765625,,,
1763074867106,,,,-1.2060000896453857,2.5470001697540283,5.305050373077393
1763074867118,,,166.3427734375,,,
1763074867122,78.0,,,,,
1763074867125,,,,,2.977950096130371,5.305050373077393
1763074867126,,,,-0.14295001327991486,,
1763074867141,,46.888204970099714,166.3427734375,,,
1763074867148,,,,-3.3100502490997314,2.3530499935150146,5.307000160217285
1763074867165,,,,-6.234000205993652,3.6100502014160156,5.755050182342529
1763074867182,,73.2685909864129,166.3427734375,,,
1763074867184,,,,,5.622000217437744,
1763074867185,,,,-3.934950113296509,,5.749950408935547
1763074867186,,,129.130859375,,,
1763074867207,,,,,7.015050411224365,5.74500036239624
1763074867208,196.0,,,-4.963050365447998,,
1763074867220,,75.63637625611926,129.130859375,,,
1763074867225,,,,-4.978950023651123,6.0169501304626465,7.105050563812256
1763074867226,196.0,,,,,
1763074867242,,,,,5.061000347137451,
1763074867243,,,,-4.63200044631958,,7.086000442504883
1763074867264,,71.92980262424426,129.130859375,,,
1763074867266,,,,,5.064000129699707,8.82194995880127
1763074867267,,,,-4.0219502449035645,,
1763074867272,,,78.83433024088541,,,
1763074867282,,,,,4.019999980926514,9.109050750732422
1763074867283,,,,-1.5940500497817993,,
1763074867301,,,,-0.4230000078678131,2.5039501190185547,11.961000442504883
1763074867303,,77.76051002471695,78.83433024088541,,,
1763074867321,,,,,1.4629501104354858,
1763074867322,,,,0.30900001525878906,,14.173050880432129
1763074867327,196.0,,,,,
1763074867340,,,,,1.4790000915527344,
1763074867341,,72.8249962647869,78.83433024088541,0.8119500279426575,,14.167950630187988
1763074867360,,,,,1.815000057220459,
1763074867361,,,,0.28005000948905945,,14.167950630187988
1763074867381,,50.151866498925585,78.83433024088541,-0.11400000751018524,2.533050060272217,14.167950630187988
1763074867387,,,105.00774274553572,,,
1763074867404,,,,,2.281050205230713,
1763074867405,,,,2.902050256729126,,14.155950546264648
1763074867421,,34.65741630541177,105.00774274553572,,,
1763074867422,,,,2.890050172805786,1.4629501104354858,14.161050796508789
1763074867424,225.0,,,,,
1763074867439,,,,,-1.27305006980896,10.459050178527832
1763074867440,225.0,,,3.318000078201294,,
1763074867457,,,,,-2.0629501342773438,8.922000885009766
1763074867458,,,,3.337050199508667,,
1763074867462,,38.82502047138702,105.00774274553572,,,
1763074867469,,,62.53753662109375,,,
1763074867470,,,62.53753662109375,,,
1763074867486,,,,2.9449501037597656,-1.5600000619888306,8.94105052947998
1763074867496,,,,,-0.8130000233650208,
1763074867497,,,,2.959050178527832,,8.937000274658203
1763074867502,,37.972283907264625,62.53753662109375,,,
1763074867517,,,,3.4050002098083496,0.025950001552700996,7.888050556182861
1763074867536,,,,2.8369500637054443,1.3410000801086426,6.961050510406494
1763074867541,,35.6668782781356,62.53753662109375,,,
1763074867548,,,70.571044921875,,,
1763074867550,225.0,,,,,
1763074867555,,,,,3.5530502796173096,6.055950164794922
1763074867558,,,,1.4800500869750977,,
1763074867576,,,,,7.495950222015381,
1763074867577,,,,,,5.683050155639648
1763074867578,,,,2.8660502433776855,,
1763074867581,,36.216667529075586,70.571044921875,,,
1763074867595,,,,6.607950210571289,10.506000518798828,6.961050510406494
1763074867614,,,,,7.6900506019592285,7.888050556182861
1763074867615,,,,8.23905086517334,,
1763074867621,,58.748005431343266,70.571044921875,,,
1763074867633,,,,,4.126950263977051,
1763074867634,,,,6.357000350952148,,8.922000885009766
1763074867641,234.0,,,,,
1763074867651,234.0,,,,,
1763074867652,,,,,2.842050075531006,
1763074867653,,,,6.354000091552734,,8.920050621032715
1763074867661,,53.91552907401344,70.571044921875,,,
1763074867672,,,,,4.099050045013428,
1763074867673,,,,4.258950233459473,,9.826950073242188
1763074867691,,,,,5.313000202178955,
1763074867692,,,,2.370000123977661,,11.551050186157227
1763074867701,,46.56091576880663,,,,
1763074867717,,,,0.5239500403404236,5.650050163269043,11.5420503616333
1763074867733,,,,,5.3269500732421875,
1763074867734,,,,-0.5809500217437744,,11.530050277709961
1763074867741,,71.13959875977126,,,,
1763074867747,,,204.5654296875,,,
1763074867752,,,,,4.171050071716309,
1763074867753,,,,-1.327950119972229,,11.53695011138916
1763074867754,234.0,,,,,
1763074867769,,,,,3.6180002689361572,
1763074867770,,,,-2.2039501667022705,,11.539050102233887
1763074867782,,62.478722333087774,,,,
1763074867783,,,204.5654296875,,,
1763074867789,,,,,2.7559502124786377,
1763074867790,,,,-3.475950241088867,,11.539050102233887
1763074867808,,,,,1.2330000400543213,
1763074867809,,,,,,5.719050407409668
1763074867811,,,,-4.6459503173828125,,
1763074867821,,42.45473554034347,204.5654296875,,,
1763074867825,,,199.5654296875,,,
1763074867832,,,,,0.9600000381469727,3.613950252532959
1763074867833,,,,-5.371950149536133,,
1763074867852,,,,-5.389050483703613,0.9649500250816345,3.103950262069702
1763074867855,234.0,,,,,
1763074867858,7.0,,,,,
1763074867862,,61.994926773390816,199.5654296875,,,
1763074867868,,,,-5.925000190734863,0.6370500326156616,3.103950262069702
1763074867899,,,,-6.592950344085693,1.50600004196167,3.097050189971924
1763074867901,,60.503834623799136,199.5654296875,,,
1763074867907,,,,,4.924950122833252,3.1020002365112305
1763074867908,,,,-4.453050136566162,,
1763074867927,,,,,10.246950149536133,3.0949501991271973
1763074867928,,,,-1.371000051498413,,
1763074867940,,60.467519908474934,199.5654296875,,,
1763074867945,,,223.9111328125,,,
1763074867949,,,,-2.239950180053711,10.864950180053711,3.0990002155303955
1763074867966,,,,,9.177000045776367,4.159950256347656
1763074867967,7.0,,,-2.728950023651123,,
1763074867982,,67.94560582115548,223.9111328125,,,
1763074867991,,,,,8.170949935913086,6.013050079345703
1763074867992,,,,-1.7089500427246094,,
1763074868009,,,,-1.162950038909912,6.720000267028809,7.069050312042236
1763074868021,,60.84800932147936,223.9111328125,,,
1763074868024,,,,,4.78095006942749,
1763074868025,,,,,,10.7760009765625
1763074868026,,,,-1.4070000648498535,,
1763074868028,,,121.2603759765625,,,
1763074868045,,,,,3.4669501781463623,
1763074868047,,,,-1.0120500326156616,,10.771050453186035
1763074868065,,44.929564566601606,121.2603759765625,-0.15000000596046448,3.1080000400543213,10.771050453186035
1763074868069,7.0,,,,,
1763074868075,3.0,,,,,
1763074868085,,,,,2.6329500675201416,
1763074868087,,,,0.8329500555992126,,10.765950202941895
1763074868100,,42.41949091345334,121.2603759765625,,,
1763074868103,,,,2.593050241470337,1.9300501346588135,10.7760009765625
1763074868122,,,,4.209000110626221,0.8380500674247742,10.765950202941895
1763074868140,,41.49557024180213,,,,
1763074868141,,,,,0.4069500267505646,10.122000694274902
1763074868142,,,,6.22005033493042,,
1763074868166,,,,7.879050254821777,0.41895002126693726,6.451050281524658
1763074868170,3.0,,,,,
1763074868183,,47.20015945217517,,,,
1763074868184,,,,,1.0030500888824463,
1763074868185,,,,8.842050552368164,,6.444000244140625
1763074868201,,,,8.835000038146973,1.0030500888824463,6.444000244140625
1763074868223,,,,,1.8360000848770142,
1763074868224,,,,,,6.448950290679932
1763074868225,,57.56073294414843,,7.3690505027771,,
1763074868233,,,162.9052734375,,,
1763074868239,,,,,2.454000234603882,
1763074868240,,,,,,6.430050373077393
1763074868241,,,,6.816000461578369,,
1763074868258,,,,,2.4679501056671143,
1763074868259,,,,5.278950214385986,,6.439050197601318
1763074868264,,57.14420186522262,162.9052734375,,,
1763074868271,3.0,,,,,
1763074868284,,,,,5.81505012512207,6.444000244140625
1763074868285,,,,1.968000054359436,,
1763074868302,11.0,,,,10.792950630187988,6.7099504470825195
1763074868303,,42.724422975234155,162.9052734375,1.6879501342773438,,
1763074868307,,,231.865234375,,,
1763074868319,,,,3.879000186920166,11.848950386047363,7.285050392150879
1763074868337,,,,8.289000511169434,10.276050567626953,7.801950454711914
1763074868341,,47.55521676146306,,,,
1763074868342,,,231.865234375,,,
1763074868356,,,,,5.061000347137451,8.901000022888184
1763074868357,,,,8.626049995422363,,
1763074868372,11.0,,,,,
1763074868375,,,,,6.649050235748291,9.27405071258545
1763074868376,,,,7.678050518035889,,
1763074868381,,39.2007369903273,231.865234375,,,
1763074868400,,,,5.4370503425598145,7.438950538635254,9.835050582885742
1763074868418,,,,,6.268050193786621,
1763074868419,,,,2.3340001106262207,,9.829950332641602
1763074868422,,42.116991162802236,,,,
1763074868441,,,,,4.939050197601318,9.817950248718262
1763074868442,,,,0.38100001215934753,,
1763074868454,,,,,3.1150500774383545,9.823050498962402
1763074868455,,,,-1.6440000534057617,,
1763074868464,,36.62077362322385,,,,
1763074868470,,,55.79502650669643,,,
1763074868473,11.0,,,-2.9010000228881836,1.807050108909607,9.27405071258545
1763074868492,,,,,1.8220500946044922,
1763074868493,,,,-2.2900500297546387,,9.26205062866211
1763074868502,,39.71917910376584,55.79502650669643,,,
1763074868509,13.0,,,,,
1763074868517,,,,-0.9540000557899475,2.245950222015381,6.789000511169434
1763074868533,,,,-0.16395001113414764,2.2579500675201416,3.8149502277374268
1763074868543,,35.3177411029728,,,,
1763074868544,,,55.79502650669643,,,
1763074868551,,,,-0.16905000805854797,2.245950222015381,3.384000062942505
1763074868571,,,,,1.0459500551223755,
1763074868573,,,,-2.628000020980835,,3.3820502758026123
1763074868583,,38.045095002427416,55.79502650669643,,,
1763074868584,13.0,,,,,
1763074868590,,,,,0.5790000557899475,
1763074868593,,,,-4.753950119018555,,3.3700501918792725
1763074868610,,,,-4.431000232696533,2.073000192642212,3.384000062942505
1763074868622,,33.89172113678252,,,,
1763074868629,,,,,4.723950386047363,3.367950201034546
1763074868635,,,,-2.5420501232147217,,
1763074868648,,,,,7.4320502281188965,
1763074868649,,,,-2.5609500408172607,,3.364950180053711
1763074868661,,72.55506543785447,,,,
1763074868668,,,82.60996500651041,,,
1763074868669,,,,-2.5630500316619873,9.780000686645508,3.8580002784729004
1763074868685,13.0,,,,,
1763074868688,,,,-5.809950351715088,12.03600025177002,6.739050388336182
1763074868702,,76.08937802334391,82.60996500651041,,,
1763074868707,,,,,11.317950248718262,
1763074868708,,,,-3.246000051498413,,7.312950134277344
1763074868726,6.0,,,,11.326950073242188,8.484000205993652
1763074868727,,,,-0.8610000610351562,,
1763074868741,,57.31302369109831,82.60996500651041,,,
1763074868747,,,,,10.111050605773926,
1763074868748,,,,-0.286050021648407,,10.503000259399414
1763074868765,,,,,7.489050388336182,
1763074868766,,,,-0.29100000858306885,,12.234000205993652
1763074868783,,44.231806774894764,,,,
1763074868785,6.0,,,,5.392050266265869,
1763074868786,,,,0.21495001018047333,,12.528000831604004
1763074868805,,,,1.4800500869750977,4.393050193786621,12.507000923156738
1763074868822,,59.49467820035211,,,,
1763074868824,,,,,3.1150500774383545,
1763074868826,,,,2.5570502281188965,,12.516000747680664
1763074868844,,,,4.044000148773193,1.1470500230789185,12.520950317382812
1763074868861,,59.683791636726326,,,,
1763074868866,,,291.9091796875,,,
1763074868870,,,,,-0.8419500589370728,12.547050476074219
1763074868871,,,,6.141000270843506,,
1763074868892,,,,,-2.0850000381469727,
1763074868893,,,,8.3100004196167,,12.544950485229492
1763074868894,6.0,,,,,
1763074868902,,39.00773491483151,,,-2.6950502395629883,
1763074868903,,,291.9091796875,7.506000518798828,,9.217050552368164
1763074868921,,,,,-3.945000171661377,6.6739501953125
1763074868922,,,,5.803950309753418,,
1763074868942,,,,,-4.369050025939941,4.468950271606445
1763074868943,9.0,41.05440490467723,291.9091796875,3.706050157546997,,
1763074868948,,,300.99609375,,,
1763074868949,,,300.99609375,,,
1763074868961,,,,2.6359500885009766,-3.0109500885009766,3.8230502605438232
1763074868983,,44.35486463341721,300.99609375,,,
1763074868992,,,,,-2.0490000247955322,3.8269500732421875
1763074868993,,,,3.57705020904541,,
1763074868998,9.0,,,,,
1763074869012,,,,,-0.6550500392913818,
1763074869013,,,,4.834050178527832,,3.8230502605438232
1763074869022,,47.39541875733383,300.99609375,4.008000373840332,1.50600004196167,3.8149502277374268
1763074869031,,,341.953125,,,
1763074869039,,,,,5.176050186157227,3.8080501556396484
1763074869040,,,,1.3429501056671143,,
1763074869058,,,,,7.834050178527832,
1763074869059,,,,,,3.8080501556396484
1763074869060,,,,-0.6030000448226929,,
1763074869062,,38.214417052325196,341.953125,,,
1763074869078,,,,,11.662050247192383,3.8110501766204834
1763074869080,,,,-1.2850500345230103,,
1763074869102,9.0,,,2.5789501667022705,13.486950874328613,4.468950271606445
1763074869104,,61.68018231962371,341.953125,,,
1763074869122,,,,5.092950344085693,11.03700065612793,5.10105037689209
1763074869143,,45.90541650359708,341.953125,,,
1763074869147,,,,5.077950477600098,8.479949951171875,5.82705020904541
1763074869152,,,341.14973958333337,,,
1763074869162,,,,,6.361050128936768,
1763074869163,32.0,,,3.3330001831054688,,7.299000263214111
1763074869175,,,,,5.880000114440918,
1763074869176,,,,1.5510001182556152,,8.26200008392334
1763074869184,,40.86494674150195,341.14973958333337,,,
1763074869195,,,,,5.563950061798096,
1763074869196,,,,1.234950065612793,,8.973000526428223
1763074869205,32.0,,,,,
1763074869214,,,,,5.583000183105469,
1763074869215,,,,1.221000075340271,,8.958000183105469
1763074869222,,37.43900529281133,341.14973958333337,,,
1763074869234,,,,0.9340500235557556,4.759950160980225,8.968050003051758
1763074869254,,,,,4.027050018310547,8.958000183105469
1763074869255,,,,0.3520500063896179,,
1763074869265,,36.21879792782888,,,,
1763074869273,,,,,3.4669501781463623,
1763074869274,,,,0.3469500243663788,,8.968050003051758
1763074869293,,,,0.3520500063896179,2.7199501991271973,8.973000526428223
1763074869304,32.0,,,,,
1763074869305,,36.88270866436286,,,,
1763074869317,,,,0.34905001521110535,2.722050189971924,6.186000347137451
1763074869318,,,91.468017578125,,,
1763074869319,,,91.468017578125,,,
1763074869335,,,,,2.3749501705169678,6.1710004806518555
1763074869336,,,,-0.364950031042099,,
1763074869342,,37.81137159269798,91.468017578125,,,
1763074869356,,,,-1.062000036239624,2.382000207901001,5.8909502029418945
1763074869371,,,,-1.651050090789795,2.3800501823425293,5.8720502853393555
1763074869377,76.0,,,,,
1763074869382,,41.05746432620225,91.468017578125,,,
1763074869390,,,,,1.8859500885009766,
1763074869391,,,,-1.6560001373291016,,5.886000156402588
1763074869405,76.0,,,,,
1763074869410,,,,-1.9960501194000244,3.2370002269744873,5.877000331878662
1763074869423,,39.85505622166602,,,,
1763074869424,,,91.468017578125,,,
1763074869429,,,118.0419921875,,,
1763074869436,,,,-4.215000152587891,7.696950435638428,5.869950294494629
1763074869457,,,,-4.668000221252441,13.012950897216797,5.869950294494629
1763074869462,,69.2500297122715,,,,
1763074869463,,,118.0419921875,,,
1763074869468,,,,,16.11600112915039,6.487050533294678
1763074869469,,,,-3.397050142288208,,
1763074869487,,,,,15.469050407409668,
1763074869488,,,,1.264050006866455,,8.010000228881836
1763074869504,,54.690534484559336,118.0419921875,,,
1763074869505,76.0,,,,,
1763074869507,,,,,12.724950790405273,9.030000686645508
1763074869508,,,,6.1120500564575195,,
1763074869527,,,,,9.5149507522583,10.704000473022461
1763074869529,,,,7.039050102233887,,
1763074869543,,80.90240468231174,,,,
1763074869547,,,,,6.253950119018555,
1763074869548,,,,4.855050086975098,,10.689000129699707
1763074869566,,,,1.7020500898361206,3.8110501766204834,12.046950340270996
1763074869583,,66.44349539038949,,,,
1763074869588,,,,0.8190000653266907,3.3160500526428223,12.025050163269043
1763074869593,,,79.70916748046875,,,
1763074869594,60.0,,,,,
1763074869605,,,,2.218950033187866,3.000000238418579,12.030000686645508
1763074869608,60.0,,,,,
1763074869622,,62.91444585690134,79.70916748046875,,,
1763074869625,,,,,1.585050106048584,12.033000946044922
1763074869626,,,,4.273950099945068,,
1763074869644,,,,,-0.22395001351833344,12.046950340270996
1763074869645,,,,6.400050163269043,,
1763074869664,,36.31622973882048,,,,
1763074869665,,,79.70916748046875,,,
1763074869669,,,,7.8510003089904785,-1.0140000581741333,12.046950340270996
1763074869689,,,,,0.2560500204563141,5.7330002784729
1763074869690,,,,9.883050918579102,,
1763074869704,,37.19931427782225,79.70916748046875,,,
1763074869712,,,,,1.9150501489639282,4.735050201416016
1763074869713,,,,9.87405014038086,,
1763074869718,60.0,,,,,
1763074869722,,,,8.611950874328613,2.5260000228881836,4.038000106811523
1763074869741,,,,,2.539950132369995,3.255000114440918
1763074869742,,,,8.599950790405273,,
1763074869744,,40.2989494875679,,,,
1763074869761,,,,,1.8220500946044922,0.6910500526428223
1763074869762,,,,9.733050346374512,,
1763074869784,,,,,1.828950047492981,
1763074869785,,40.526544698370614,,10.789050102233887,,0.6720000505447388
1763074869790,,,122.39932105654762,,,
1763074869803,,,,,3.6030001640319824,
1763074869804,,,,9.819000244140625,,0.6690000295639038
1763074869811,58.0,,,,,
1763074869824,,51.491260989594224,122.39932105654762,,,
1763074869826,58.0,,,5.63100004196167,5.586000442504883,3.255000114440918
1763074869845,,,,5.121000289916992,5.952000141143799,4.038000106811523
1763074869858,,,,,10.98705005645752,
1763074869859,,,,7.462950229644775,,5.7330002784729
1763074869862,,47.42261161876566,,,,
1763074869863,,,122.39932105654762,,,
1763074869873,,,146.00149972098214,,,
1763074869878,,,,10.96095085144043,12.250950813293457,6.034950256347656
1763074869901,,38.686525338918585,146.00149972098214,,,
1763074869906,,,,10.069950103759766,11.029950141906738,7.9960503578186035
1763074869925,,,,6.508050441741943,8.157000541687012,9.892050743103027
1763074869926,58.0,,,,,
1763074869937,,,,3.5839502811431885,5.758050441741943,9.870000839233398
1763074869940,,41.252347388717034,,,,
1763074869941,,,146.00149972098214,,,
1763074869956,,,,,3.6180002689361572,9.880050659179688
1763074869957,,,,0.33705002069473267,,
1763074869979,,,,,2.7990000247955322,9.885000228881836
1763074869980,,,,-1.9030500650405884,,
1763074869984,,74.94007123518064,146.00149972098214,,,
1763074869991,,,173.125,,,
1763074870003,,,,-2.677950143814087,2.7990000247955322,9.885000228881836
1763074870020,,,,,2.7990000247955322,9.885000228881836
1763074870021,,70.3435371710334,173.125,-2.6860501766204834,,
1763074870026,58.0,,,,,
1763074870028,45.0,,,,,
1763074870037,,,,-2.0749499797821045,2.8030500411987305,8.922000885009766
1763074870054,,,,-0.753000020980835,2.820000171661377,5.403000354766846
1763074870062,,69.12790525150508,173.125,,,
1763074870067,,,217.98828125,,,
1763074870073,,,,,2.8030500411987305,5.137050151824951
1763074870074,,,,-0.76500004529953,,
1763074870092,,,,,2.482950210571289,5.134950160980225
1763074870093,,,,-0.7560000419616699,,
1763074870103,,66.10378770338016,217.98828125,,,
1763074870113,,,,-0.7579500079154968,2.748000144958496,5.131950378417969
1763074870130,45.0,,,,,
1763074870145,,52.030874838489865,217.98828125,,,
1763074870146,,,,,3.415950059890747,5.134950160980225
1763074870147,,,,0.16500000655651093,,
1763074870153,,,,,5.844000339508057,5.125050067901611
1763074870154,,,189.189453125,0.15300001204013824,,
1763074870171,,,,-0.6960000395774841,9.091050148010254,5.134950160980225
1763074870183,,54.80575674968917,,,,
1763074870184,,,189.189453125,,,
1763074870191,,,,1.4940000772476196,13.68795108795166,6.825000286102295
1763074870209,,,,,16.036951065063477,
1763074870210,,,,5.2860002517700195,,7.407000541687012
1763074870225,,69.96785422134579,189.189453125,,,
1763074870233,,,,9.409049987792969,13.96095085144043,8.404950141906738
1763074870234,45.0,,,,,
1763074870245,40.0,,,,,
1763074870251,,,,,12.517050743103027,10.380000114440918
1763074870252,,,,10.200000762939453,,
1763074870263,,44.20855743359432,189.189453125,,,
1763074870270,,,249.80712890625,,10.815000534057617,
1763074870271,,,,6.385050296783447,,11.593950271606445
1763074870289,,,,,8.760000228881836,11.587050437927246
1763074870290,,,,2.155050039291382,,
1763074870301,,43.01494213604835,,,,
1763074870302,,,249.80712890625,,,
1763074870307,,,,,6.850050449371338,11.581950187683105
1763074870308,,,,-0.021000001579523087,,
1763074870326,,,,,5.254950046539307,
1763074870327,,,,,,11.57295036315918
1763074870328,,,,-0.04200000315904617,,
1763074870333,40.0,,,,,
1763074870342,,76.96796828686121,249.80712890625,,,
1763074870347,,,208.0810546875,,,
1763074870352,,,,1.4440500736236572,3.487950086593628,11.592000961303711
1763074870369,,,,,2.1670501232147217,11.57295036315918
1763074870370,,,,3.721050262451172,,
1763074870381,,73.72643655766214,,,,
1763074870382,,,208.0810546875,,,
1763074870387,,,,,0.8809500336647034,
1763074870388,,,,5.824950218200684,,11.083950996398926
1763074870405,,,,,-1.0720500946044922,5.3959503173828125
1763074870406,,,,6.823950290679932,,
1763074870422,,57.462244034052354,208.0810546875,,,
1763074870424,,,,,-2.1060001850128174,2.7019500732421875
1763074870425,,,,6.055050373077393,,
1763074870429,,,180.2197265625,,,
1763074870433,40.0,,,,,
1763074870443,,,,,-2.1229500770568848,
1763074870444,,,,5.422950267791748,,2.1630001068115234
1763074870460,,41.29371799540632,,,,
1763074870461,,,180.2197265625,,,
1763074870462,,,,,-2.1229500770568848,
1763074870470,54.0,,,,,2.1700501441955566
1763074870471,,,,6.378000259399414,,
1763074870494,,,,,-0.5400000214576721,1.689000129699707
1763074870495,,,,6.745050430297852,,
1763074870504,,39.31626659840723,,,,
1763074870505,,,180.2197265625,,,
1763074870514,,,,,0.37095001339912415,1.6680001020431519
1763074870515,,,,6.723000526428223,,
1763074870522,,,,7.362000465393066,0.895050048828125,1.6699501276016235
1763074870535,54.0,,,,,
1763074870541,,,,,3.121950149536133,1.6699501276016235
1763074870542,,,,7.987050533294678,,
1763074870544,,36.03860275671111,180.2197265625,,,
1763074870561,,,,7.5199503898620605,7.080000400543213,1.6870501041412354
1763074870580,,,,,9.92400074005127,1.6680001020431519
1763074870581,,,,6.7009501457214355,,
1763074870584,,38.97621730982175,,,,
1763074870601,,,,7.8510003089904785,11.518950462341309,2.946000099182129
1763074870619,,,,,13.450950622558594,
1763074870620,,,,11.205000877380371,,2.9410500526428223
1763074870624,,66.2600262003623,,,,
1763074870632,,,2572.2802734375,,,
1763074870638,54.0,,,,,
1763074870639,,,,11.808000564575195,13.077000617980957,6.372000217437744
1763074870658,,,,,10.864950180053711,
1763074870661,,,,9.079050064086914,,6.367950439453125
1763074870664,,42.03421864037259,2572.2802734375,,,
1763074870678,38.0,,,,7.525050163269043,7.111950397491455
1763074870679,,,,5.710050106048584,,
1763074870700,,,,,5.743950366973877,8.017050743103027
1763074870701,,,,3.864000082015991,,
1763074870703,,38.54341093570063,,,,
1763074870704,,,2572.2802734375,,,
1763074870720,,,,,4.73805046081543,8.010000228881836
1763074870721,,,,1.9750500917434692,,
1763074870738,,,,,4.756950378417969,
1763074870739,38.0,,,-0.37995001673698425,,8.0149507522583
1763074870744,,38.76079364495605,,,,
1763074870759,,,,,6.297000408172607,8.008049964904785
1763074870761,,,,-1.8739501237869263,,
1763074870777,,,,-3.058950185775757,8.170949935913086,8.00100040435791
1763074870783,,37.25753286570041,,,,
1763074870796,,,,,9.33495044708252,
1763074870797,,,,-2.449050188064575,,8.010000228881836
1763074870818,,,,,9.357000350952148,8.01300048828125
1763074870819,,,,-0.7030500173568726,,
1763074870823,,39.492976031512654,,,,
1763074870831,,,307.32421875,,,
1763074870832,,,307.32421875,,,
1763074870839,,,,,10.132050514221191,
1763074870840,,,,3.0739500522613525,,8.002950668334961
1763074870842,38.0,,,,,
1763074870860,,,,,9.766050338745117,8.010000228881836
1763074870861,,,,4.827000141143799,,
1763074870865,,36.794498891177895,307.32421875,,,
1763074870873,,,,,7.639950275421143,8.005050659179688
1763074870874,,,,3.2470500469207764,,
1763074870893,,,,,6.490950107574463,8.005050659179688
1763074870895,,,,2.959050178527832,,
1763074870904,30.0,47.10562900097731,307.32421875,,,
1763074870912,,,,,6.510000228881836,
1763074870915,,,,2.6580002307891846,,8.010000228881836
1763074870941,,51.830734909637,,,,
1763074870944,,,,,7.051050186157227,7.9960503578186035
1763074870945,30.0,,,1.4800500869750977,,
1763074870951,,,,,5.980950355529785,8.01300048828125
1763074870952,,,,0.22995001077651978,,
1763074870970,,,,,5.1469502449035645,
1763074870971,,,,,,8.772000312805176
1763074870972,,,,-2.9659502506256104,,
1763074870982,,70.24022835684312,,,,
1763074870990,,,,-4.273050308227539,4.019999980926514,9.862950325012207
1763074870992,,,457.4515351795015,,,
1763074871009,,,,,5.19795036315918,
1763074871010,,,,-4.753950119018555,,10.143000602722168
1763074871022,,43.373974978171496,457.4515351795015,,,
1763074871029,,,,,5.692950248718262,
1763074871030,,,,-4.759050369262695,,10.13895034790039
1763074871047,30.0,,,,,
1763074871061,,,,,6.217950344085693,9.862950325012207
1763074871062,,,,-3.885000228881836,,
1763074871063,,41.46845920131153,457.4515351795015,,,
1763074871080,,,,,4.981950283050537,
1763074871081,,,,-3.8970000743865967,,8.772000312805176
1763074871088,,,,,1.951050043106079,8.226000785827637
1763074871089,,,,-3.1879501342773438,,
1763074871104,,36.93609066551518,,,,
1763074871105,,,457.4515351795015,,,
1763074871107,,,,,0.364050030708313,
1763074871108,,,,-1.1269500255584717,,7.636950492858887
1763074871114,,,403.5888671875,,,
1763074871124,49.0,,,,,
1763074871127,,,,,0.37095001339912415,7.615050315856934
1763074871128,,,,3.0169501304626465,,
1763074871142,,40.42914857236994,403.5888671875,,,
1763074871148,,,,6.630000114440918,2.0659501552581787,7.62000036239624
1763074871149,49.0,,,,,
1763074871167,,,,,2.0850000381469727,
1763074871168,,,,6.618000507354736,,6.301050186157227
1763074871183,,37.98006215131608,403.5888671875,,,
1763074871189,,,,,-0.009000000543892384,5.6610002517700195
1763074871190,,,463.8232421875,5.14995002746582,,
1763074871208,,,,4.294950008392334,-1.3450500965118408,5.680050373077393
1763074871223,,33.559095751113055,463.8232421875,,,
1763074871228,,,,5.2860002517700195,-0.8640000224113464,5.677950382232666
1763074871244,,,,8.526000022888184,1.125,6.301050186157227
1763074871250,49.0,,,,,
1763074871266,,33.05880374305647,463.8232421875,,,
1763074871270,,,,9.0,3.9120001792907715,7.773000240325928
1763074871288,,,,,5.212050437927246,8.368950843811035
1763074871289,,,,5.257950305938721,,
1763074871302,,32.05907701330559,,,,
1763074871310,,,,3.8209502696990967,4.422000408172607,8.367000579833984
1763074871329,,,,,7.051050186157227,9.030000686645508
1763074871330,,,,0.5740500092506409,,
1763074871332,52.0,,,,,
1763074871341,,,,,7.51800012588501,9.346050262451172
1763074871342,,32.90760479932413,,-1.371000051498413,,
1763074871349,,,165.5615234375,,,
1763074871351,52.0,,,,,
1763074871361,,,,-1.3729500770568848,7.1509504318237305,9.589950561523438
1763074871384,,30.87602967562058,165.5615234375,,,
1763074871392,,,,,8.968950271606445,9.91395092010498
1763074871393,,,,-0.8250000476837158,,
1763074871411,,,,,10.21095085144043,9.892050743103027
1763074871414,,,,-0.1789500117301941,,
1763074871423,,30.826600147139334,,,,
1763074871424,,,165.5615234375,,,
1763074871430,,,,-0.531000018119812,8.788949966430664,9.90195083618164
1763074871440,,,,,7.927050590515137,
1763074871441,,,,-0.5430000424385071,,9.90195083618164
1763074871460,,,,,7.051050186157227,9.346050262451172
1763074871461,52.0,,,-0.021000001579523087,,
1763074871466,,30.213819947140756,165.5615234375,,,
1763074871481,,,,-0.034950003027915955,7.068000316619873,8.901000022888184
1763074871502,,,,,8.667000770568848,8.404950141906738
1763074871503,,30.63699417202367,,1.0049999952316284,,
1763074871528,,,,,8.25,5.439000129699707
1763074871529,,,,-0.05700000375509262,,
1763074871542,,31.160236647626327,,,,
1763074871543,,,0.0,,,
1763074871549,63.0,,,-1.062000036239624,6.117000102996826,5.00100040435791
1763074871556,,,,,3.948000192642212,4.9930500984191895
1763074871557,,,,-1.4719500541687012,,
1763074871570,63.0,,,,,
1763074871575,,,,,2.6550002098083496,
1763074871576,,,,-2.009999990463257,,4.9930500984191895
1763074871585,,32.17848314585348,,,,
1763074871615,,,,,2.0160000324249268,
1763074871617,,,,-2.6929500102996826,,
1763074871618,,,,-3.238950252532959,2.0160000324249268,4.986000061035156
1763074871624,,31.81944647225204,,,,
1763074871625,,,0.0,,,
1763074871641,,,,,2.0179500579833984,4.984050273895264
1763074871642,,,,-4.207950115203857,,
1763074871660,,,,-5.680950164794922,3.948000192642212,6.982950210571289
1763074871661,,29.75407839298517,,,,
1763074871670,63.0,,,,,
1763074871673,,,,,6.735000133514404,
1763074871674,,,,-4.3090500831604,,7.276950359344482
1763074871693,,,,,9.436050415039062,
1763074871695,,,,0.49500003457069397,,7.528950214385986
1763074871701,,71.1890192167438,,,,
1763074871712,,,,,10.462950706481934,8.290050506591797
1763074871713,,,,1.7740501165390015,,
1763074871740,,50.70828554691782,,,,
1763074871744,,,,,8.623950004577637,
1763074871745,,,,0.8040000200271606,,9.159000396728516
1763074871746,,,473.80859375,,,
1763074871751,,,,,6.784950256347656,9.1399507522583
1763074871752,,,,0.1360500007867813,,
1763074871768,67.0,,,,,
1763074871771,67.0,,,-0.5380499958992004,5.952000141143799,10.099950790405273
1763074871781,,33.683951566510956,473.80859375,,,
1763074871790,,,,,4.752000331878662,10.078950881958008
1763074871791,,,,-1.2420001029968262,,
1763074871810,,,,,3.3730502128601074,
1763074871811,,,,-0.7750500440597534,,10.093050003051758
1763074871823,,34.76658647291937,473.80859375,,,
1763074871829,,,,,2.0880000591278076,
1763074871830,,,,,,10.086000442504883
1763074871831,,,,0.8760000467300415,,
1763074871835,,,279.5484561011905,,,
1763074871849,,,,,0.9960000514984131,
1763074871850,,,,2.155050039291382,,9.331950187683105
1763074871860,,35.35290602904445,,,,
1763074871861,,,279.5484561011905,,,
1763074871869,,,,,-0.15300001204013824,9.331950187683105
1763074871870,,,,3.052950143814087,,
1763074871871,67.0,,,,,
1763074871888,,,,,-0.89205002784729,6.982950210571289
1763074871889,,,,3.0739500522613525,,
1763074871900,,33.39636304493217,279.5484561011905,,,
1763074871910,,,,3.0670502185821533,-2.1060001850128174,6.150000095367432
1763074871927,,,,,-2.5660500526428223,
1763074871928,,,,,,5.854950428009033
1763074871929,,,,3.4399502277374268,,
1763074871941,,32.939994476416395,,,,
1763074871954,,,,,-1.7260501384735107,5.8720502853393555
1763074871955,,,,5.416050434112549,,
1763074871973,,,,,0.7440000176429749,
1763074871974,,,,8.346000671386719,,5.842950344085693
1763074871975,67.0,,,,,
1763074871983,,33.49767445282937,,,,
1763074871996,63.0,,,8.863950729370117,2.4970500469207764,5.83905029296875
1763074872016,,,,,2.8560001850128174,5.83905029296875
1763074872017,,,,6.823950290679932,,
1763074872020,,30.9749498086888,,,,
1763074872024,,,,,5.061000347137451,
1763074872025,,,,3.166950225830078,,5.836050510406494
1763074872028,,,322.998046875,,,
1763074872044,,,,,9.558000564575195,6.565950393676758
1763074872045,,,,4.209000110626221,,
1763074872061,,57.42747790787178,322.998046875,,,
1763074872076,,,,,11.518950462341309,
1763074872077,63.0,,,5.215050220489502,,7.134000301361084
1763074872097,,,,9.121950149536133,11.977950096130371,7.98900032043457
1763074872102,,70.65237067219924,322.998046875,,,
1763074872115,,,,10.041000366210938,9.105000495910645,9.23805046081543
1763074872122,,,,,7.087050437927246,
1763074872123,,,,6.880950450897217,,9.856050491333008
1763074872131,,60.525507914160684,,,,
1763074872141,,,,,6.088050365447998,
1763074872142,,,,3.4260001182556152,,10.438050270080566
1763074872161,,,,,6.097950458526611,
1763074872162,,,,2.0250000953674316,,10.43595027923584
1763074872178,63.0,,,,,
1763074872182,,,,,5.823000431060791,
1763074872183,,,,0.5100000500679016,,10.4239501953125
1763074872184,,60.496398932559636,,,,
1763074872189,,,3133.0810546875,,,
1763074872200,65.0,,,,4.9609503746032715,10.4239501953125
1763074872201,,,,-0.9469500184059143,,
1763074872219,,,,,4.0920000076293945,
1763074872220,,,,-1.9960501194000244,,10.431000709533691
1763074872223,,56.592320140004304,3133.0810546875,,,
1763074872241,,,,-2.4409501552581787,3.7759501934051514,10.43595027923584
1763074872258,,,,,3.5029501914978027,
1763074872259,,,,-3.5689501762390137,,8.857950210571289
1763074872263,,57.99663741971125,,,,
1763074872265,,,3133.0810546875,,,
1763074872278,65.0,,,,2.7840001583099365,4.095000267028809
1763074872279,,,,-4.4599504470825195,,
1763074872304,,48.400431313387216,,,,
1763074872305,,,3133.0810546875,,,
1763074872310,,,3141.66015625,,,
1763074872314,,,,,1.4770500659942627,3.6640501022338867
1763074872315,,,,-4.093050003051758,,
1763074872321,,,,-3.346050262451172,0.895050048828125,3.6450002193450928
1763074872338,,,,-1.8090001344680786,0.9139500260353088,3.6499502658843994
1763074872345,,46.942861823763806,3141.66015625,,,
1763074872357,,,,-0.8110500574111938,2.0880000591278076,3.6499502658843994
1763074872382,,,,-1.7590501308441162,4.708950042724609,3.66195011138916
1763074872383,,42.18214643713885,3141.66015625,,,
1763074872384,65.0,,,,,
1763074872401,,,,-5.623050212860107,7.618050575256348,3.6499502658843994
1763074872419,63.0,,,,10.828950881958008,5.956050395965576
1763074872420,,,,-4.108050346374512,,
1763074872422,,71.42257556866943,,,,
1763074872439,,,,4.453050136566162,11.986050605773926,7.809000492095947
1763074872457,,,,,11.992950439453125,
1763074872458,,,,5.860950469970703,,8.836050033569336
1763074872460,,59.24071173697052,,,,
1763074872466,,,1983.8671875,,,
1763074872467,,,1983.8671875,,,
1763074872473,,,,,8.638050079345703,
1763074872474,,,,4.13700008392334,,9.27405071258545
1763074872487,63.0,,,,,
1763074872493,,,,,6.0960001945495605,11.214000701904297
1763074872494,,,,1.3650000095367432,,
1763074872500,,45.53405331130279,,,,
1763074872501,,,1983.8671875,,,
1763074872512,,,,,4.810050010681152,
1763074872513,,,,-0.6379500031471252,,11.206050872802734
1763074872536,,,,-1.2130500078201294,4.084050178527832,11.214000701904297
1763074872541,,39.81445554823158,1983.8671875,,,
1763074872557,,,,,4.093950271606445,11.203950881958008
1763074872558,,,,-0.8899500370025635,,
1763074872571,,,,0.5029500126838684,2.9350502490997314,11.214000701904297
1763074872583,,37.50311697474507,1983.8671875,,,
1763074872587,63.0,,,,,
1763074872589,,,1164.35546875,,,
1763074872590,,,1164.35546875,,,
1763074872591,,,,2.3989500999450684,1.6489500999450684,11.206050872802734
1763074872610,,,,5.064000129699707,1.6540501117706299,8.836050033569336
1763074872621,,35.35996115862447,1164.35546875,,,
1763074872644,,,,,1.659000039100647,
1763074872645,50.0,,,7.326000213623047,,5.589000225067139
1763074872649,,,,,1.333050012588501,2.2930500507354736
1763074872651,,,,6.571950435638428,,
1763074872661,,33.309349645255054,,,,
1763074872662,,,1164.35546875,,,
1763074872670,,,,,0.9169500470161438,2.2759501934051514
1763074872671,,,,5.559000492095947,,
1763074872697,,,,7.189950466156006,0.9220500588417053,2.2710001468658447
1763074872698,50.0,,,,,
1763074872703,,49.27791757777564,,,,
1763074872726,,,,9.610950469970703,1.5630000829696655,2.2759501934051514
1763074872728,,,,11.995050430297852,2.2099502086639404,2.2759501934051514
1763074872743,,65.11110861236881,,,,
1763074872748,,,672.451171875,,,
1763074872752,,,,,2.2139999866485596,2.2710001468658447
1763074872753,,,,10.92495059967041,,
1763074872767,,,,5.602050304412842,4.027050018310547,2.278050184249878
1763074872780,,50.18344687820508,672.451171875,,,
1763074872789,,,,,5.844000339508057,4.4760003089904785
1763074872790,,,,1.968000054359436,,
1763074872813,50.0,,,-2.7360000610351562,9.529050827026367,4.4670000076293945
1763074872822,,76.72442051767293,672.451171875,,,
1763074872825,,,,-1.8739501237869263,13.507950782775879,4.462050437927246
1763074872844,,,,,8.896950721740723,
1763074872845,,,,4.827000141143799,,4.4760003089904785
1763074872849,81.0,,,,,
1763074872859,,61.04882861786621,672.451171875,,,
1763074872864,,,,,4.587000370025635,7.564950466156006
1763074872865,,,,8.626049995422363,,
1763074872885,,,,5.48805046081543,4.594050407409668,7.558050155639648
1763074872902,,58.67739045609547,,,,
1763074872903,,,,,6.922050476074219,11.26395034790039
1763074872904,,,,4.669050216674805,,
1763074872923,81.0,,,4.669050216674805,8.610000610351562,11.26395034790039
1763074872942,,58.56732611767938,,,,
1763074872944,,,,,8.623950004577637,
1763074872945,,,,3.268050193786621,,10.23705005645752
1763074872946,,,515.15625,,,
1763074872961,,,,,6.835050106048584,
1763074872964,,,,,,7.672950267791748
1763074872965,,,,0.984000027179718,,
1763074872985,,57.73211164917811,515.15625,,,
1763074872998,,,,,4.723950386047363,4.4760003089904785
1763074872999,,,,-1.6579500436782837,,
1763074873017,,,,,3.2370002269744873,
1763074873018,,,,-3.5329501628875732,,3.255000114440918
1763074873019,,58.30147799890712,,,,
1763074873020,,,515.15625,,,
1763074873037,,,,,1.9009500741958618,3.235950231552124
1763074873038,,,,-4.3660502433776855,,
1763074873039,81.0,,,,,
1763074873055,,,,-4.369050025939941,1.5490500926971436,3.2530500888824463
1763074873059,,,,,2.1379501819610596,
1763074873060,,,,-2.1040501594543457,,2.5510501861572266
1763074873061,,61.52006593043198,,,,
1763074873076,50.0,,,,,
1763074873078,,,,,1.64205002784729,
1763074873079,,,,-3.3319501876831055,,2.5510501861572266
1763074873100,,,,,3.6100502014160156,
1763074873101,,,,-4.453050136566162,,2.545950174331665
1763074873102,,59.75367879943828,,,,
1763074873119,,,,-4.861950397491455,6.735000133514404,2.533950090408325
1763074873142,,,,,11.503950119018555,
1763074873143,50.0,55.19845622285167,,-1.0909500122070312,,2.530050039291382
1763074873151,,,377.3974609375,,,
1763074873152,,,377.3974609375,,,
1763074873165,,,,,16.294950485229492,2.5510501861572266
1763074873166,,,,7.951050281524658,,
1763074873176,,,,7.578000545501709,11.914050102233887,3.0109500885009766
1763074873185,,70.49156731007383,377.3974609375,,,
1763074873196,,,,,8.782050132751465,
1763074873197,,,,4.209000110626221,,4.885950088500977
1763074873224,,63.81220475456284,377.3974609375,,,
1763074873231,,,433.9996337890625,,,
1763074873233,,,,3.864000082015991,7.374000549316406,6.8610005378723145
1763074873239,,,,3.181950092315674,6.181950092315674,9.316950798034668
1763074873255,,,,,5.241000175476074,
1763074873256,,,,3.1750502586364746,,9.310050010681152
1763074873257,50.0,,,,,
1763074873263,,58.009855871193075,433.9996337890625,,,
1763074873274,,,,2.7940502166748047,3.6180002689361572,9.304950714111328
1763074873294,53.0,,,3.0810000896453857,1.908000111579895,9.315000534057617
1763074873305,,46.703422964866945,433.9996337890625,,,
1763074873310,,,376.2646484375,,,
1763074873315,,,,4.611000061035156,0.8449500203132629,9.301050186157227
1763074873335,,,,,0.8590500354766846,9.310050010681152
1763074873336,,,,5.947050094604492,,
1763074873345,,49.04670994215272,376.2646484375,,,
1763074873356,,,,,0.4930500090122223,
1763074873357,,,,5.028000354766846,,5.496000289916992
1763074873361,53.0,,,,,
1763074873376,,,,,0.16305001080036163,4.153050422668457
1763074873377,,,,4.258950233459473,,
1763074873383,,59.756238260396586,376.2646484375,,,
1763074873396,,,,,0.18405000865459442,
1763074873397,,,,4.256999969482422,,4.1509504318237305
1763074873410,,,,5.013000011444092,0.7729500532150269,4.135950088500977
1763074873423,,65.44440344509685,,,,
1763074873424,,,376.2646484375,,,
1763074873429,,,,,1.8859500885009766,
1763074873430,,,,,,3.68595027923584
1763074873431,,,,6.4860005378723145,,
1763074873462,,38.566969073453464,,,,
1763074873463,,,,6.751950263977051,2.820000171661377,3.681000232696533
1763074873464,53.0,,,,,
1763074873469,,,,5.179050445556641,6.0169501304626465,3.6690001487731934
1763074873489,,,,5.16195011138916,7.956000328063965,3.6690001487731934
1763074873502,,39.89318601189724,,,,
1763074873507,,,1782.568359375,,,
1763074873508,,,1782.568359375,,,
1763074873510,49.0,,,6.694050312042236,11.281950950622559,3.6720001697540283
1763074873531,,,,,13.615950584411621,3.684000253677368
1763074873532,,,,9.883050918579102,,
1763074873541,,64.62198567091494,1782.568359375,,,
1763074873546,,,,,12.237000465393066,
1763074873547,,,,12.289950370788574,,3.6739501953125
1763074873573,,,,,10.693050384521484,7.651050567626953
1763074873574,49.0,,,10.860000610351562,,
1763074873583,,53.81197330921608,1782.568359375,,,
1763074873598,,,,,8.365050315856934,9.352950096130371
1763074873599,,,,5.8969502449035645,,
1763074873605,,,,1.924950122833252,6.361050128936768,9.351000785827637
1763074873622,,40.355419312954865,,,,
1763074873625,,,,,5.254950046539307,9.331950187683105
1763074873626,,,,0.2580000162124634,,
1763074873644,,,,,4.056000232696533,9.334050178527832
1763074873645,,,,-0.5879999995231628,,
1763074873660,,48.22500420511439,,,,
1763074873665,,,,-2.419950008392334,2.86995005607605,9.346050262451172
1763074873682,49.0,,,,,
1763074873684,,,,,2.3460001945495605,
1763074873685,,,,-4.273050308227539,,9.343950271606445
1763074873700,,39.63349131341657,,,,
1763074873702,,,,,2.3610000610351562,
1763074873703,,,,-4.897950172424316,,6.4009504318237305
1763074873710,,,85.94029017857143,,,
1763074873725,29.0,,,,3.3229501247406006,3.2190001010894775
1763074873726,,,,-3.3390002250671387,,
1763074873741,,44.104655631079986,85.94029017857143,,,
1763074873745,,,,,5.349000453948975,
1763074873746,,,,,,2.7090001106262207
1763074873747,,,,-0.17205001413822174,,
1763074873765,,,,0.7969500422477722,6.333000183105469,2.688000202178955
1763074873781,,45.38589576859235,85.94029017857143,,,
1763074873790,,,,-0.2580000162124634,5.313000202178955,2.7019500732421875
1763074873791,29.0,,,,,
1763074873808,,,,-1.0549499988555908,5.332050323486328,2.707050085067749
1763074873821,,44.07374147219276,,,,
1763074873829,,,,,7.999050617218018,2.697000026702881
1763074873830,,,,-2.7360000610351562,,
1763074873841,,,,,11.20995044708252,2.6950502395629883
1763074873842,,,,-0.7960500121116638,,
1763074873858,,,,,15.634050369262695,
1763074873859,,,,5.077950477600098,,5.509950160980225
1763074873861,,71.14703028412056,,,,
1763074873864,,,473.73046875,,,
1763074873878,,,,,13.458000183105469,7.276950359344482
1763074873879,,,,7.197000503540039,,
1763074873890,29.0,,,,,
1763074873901,,,,4.180050373077393,10.800000190734863,9.805950164794922
1763074873902,,62.68873684609091,473.73046875,,,
1763074873917,,,,,8.236050605773926,12.040050506591797
1763074873918,,,,3.2179501056671143,,
1763074873936,32.0,,,,,
1763074873937,,,,2.155050039291382,6.390000343322754,12.643050193786621
1763074873940,,52.038276017943005,,,,
1763074873941,,,473.73046875,,,
1763074873958,,,,,5.112000465393066,12.622050285339355
1763074873959,,,,2.133000135421753,,
1763074873980,,,,,3.6180002689361572,
1763074873981,,47.59101218232431,,1.1710500717163086,,12.631051063537598
1763074873990,32.0,,,,,
1763074873995,,,,1.1590501070022583,2.1090002059936523,12.631051063537598
1763074874015,,,,3.721050262451172,1.585050106048584,12.628951072692871
1763074874021,,46.27669416814467,,,,
1763074874045,,,,5.337000370025635,0.5290500521659851,12.631051063537598
1763074874060,,43.824206922879306,,,,
1763074874065,,,473.88671875,,-0.9930000305175781,10.552950859069824
1763074874066,,,,5.338950157165527,,
1763074874078,,,,,-1.503000020980835,
1763074874079,,,,5.3460001945495605,,5.869950294494629
1763074874091,32.0,,,,,
1763074874093,,,,4.6180500984191895,-2.013000011444092,3.3700501918792725
1763074874102,,39.88598816992643,473.88671875,,,
1763074874112,,,,,-2.0220000743865967,1.6680001020431519
1763074874113,,,,4.065000057220459,,
1763074874132,,,,4.068000316619873,-1.2799500226974487,0.6910500526428223
1763074874141,,38.40817495309251,,,,
1763074874142,,,473.88671875,,,
1763074874152,36.0,,,,0.21300001442432404,-0.6439500451087952
1763074874153,,,,6.874050140380859,,
1763074874176,,,,,1.7640000581741333,-0.6469500064849854
1763074874177,,,,9.1360502243042,,
1763074874182,,37.22619047775143,,,,
1763074874199,,,,,4.695000171661377,-0.6559500098228455
1763074874200,,,,9.574950218200684,,
1763074874201,36.0,,,,,
1763074874210,,,,6.349950313568115,8.674050331115723,-0.661050021648407
1763074874222,,38.23387533442755,,,,
1763074874228,,,47.47105189732143,,,
1763074874229,,,,,14.349000930786133,
1763074874230,,,,,,-0.661050021648407
1763074874231,,,,6.333000183105469,,
1763074874252,,,,12.418951034545898,19.31205177307129,-0.6439500451087952
1763074874263,,59.1291960642758,47.47105189732143,,,
1763074874269,,,,14.73900032043457,19.318950653076172,0.6760500073432922
1763074874293,,,,,16.36695098876953,
1763074874294,,,,12.289950370788574,,7.729950428009033
1763074874303,,56.10999979203518,47.47105189732143,,,
1763074874306,36.0,,,,,
1763074874308,,,,6.816000461578369,12.976950645446777,8.599050521850586
1763074874327,,,,,10.297950744628906,
1763074874328,,,,,,8.587050437927246
1763074874329,,,,2.491950035095215,,
1763074874343,,49.391626671683994,47.47105189732143,,,
1763074874346,,,,,7.453050136566162,8.581950187683105
1763074874347,,,,-0.04905000329017639,,
1763074874383,,40.42564842955382,,,,
1763074874387,27.0,,,,5.54295015335083,8.57805061340332
1763074874388,,,,0.33000001311302185,,
1763074874409,,,,,4.630050182342529,8.580000877380371
1763074874410,27.0,,,0.51705002784729,,
1763074874424,,39.15299279977476,,,,
1763074874431,,,301.93359375,,,
1763074874432,,,,,4.6369500160217285,8.59695053100586
1763074874433,,,,-2.808000087738037,,
1763074874444,,,,-5.221050262451172,2.6479501724243164,4.324950218200684
1763074874464,,,,,1.2400500774383545,1.537950038909912
1763074874465,,,,-5.91795015335083,,
1763074874466,,39.00118133387488,301.93359375,,,
1763074874501,,,,,1.2469500303268433,1.5259500741958618
1763074874502,,37.39845274627552,301.93359375,-4.933950424194336,,
1763074874503,,,,,1.2540000677108765,1.519050121307373
1763074874510,27.0,,,,,
1763074874522,,,,,2.2669501304626465,
1763074874523,,,,,,1.5360000133514404
1763074874524,,,,-0.22200001776218414,,
1763074874544,,37.799561522632224,,,,
1763074874546,,,,,3.4450502395629883,1.5310500860214233
1763074874547,,,,0.6100500226020813,,
1763074874561,,,,0.5890500545501709,5.614050388336182,1.5169501304626465
1763074874581,,,,,10.513050079345703,3.945000171661377
1763074874582,,,,-1.960050106048584,,
1763074874584,,38.38687318779142,,,,
1763074874587,51.0,,,,,
1763074874614,,,,,12.747000694274902,6.106950283050537
1763074874615,,,,0.49500003457069397,,
1763074874616,51.0,,,,,
1763074874620,,,,4.5610504150390625,15.856950759887695,7.0759501457214355
1763074874621,,74.33764842682567,,,,
1763074874626,,,305.37109375,,,
1763074874641,,,,6.637050151824951,14.428050994873047,7.953000545501709
1763074874660,,56.11288766105557,,,,
1763074874661,,,305.37109375,,,
1763074874666,,,,6.634050369262695,11.389050483703613,9.705000877380371
1763074874690,,,,4.956000328063965,8.380050659179688,11.587050437927246
1763074874703,,42.39813410896438,305.37109375,,,
1763074874714,,,,,5.341050148010254,11.575050354003906
1763074874715,,,,1.7020500898361206,,
1763074874717,,,,-1.9309500455856323,3.3520500659942627,11.57805061340332
1763074874737,,,,-3.424950122833252,2.977950096130371,11.568000793457031
1763074874738,51.0,,,,,
1763074874741,,43.6641283384159,,,,
1763074874761,,,,,3.6820502281188965,11.581950187683105
1763074874762,,,,-1.6080000400543213,,
1763074874781,,44.53286281020817,,,4.708950042724609,11.58495044708252
1763074874782,,,,1.9459501504898071,,
1763074874787,,,142.8564453125,,,
1763074874795,,,,6.163050174713135,3.955050230026245,10.380000114440918
1763074874802,49.0,,,,,
1763074874822,,42.85835258726226,142.8564453125,,,
1763074874825,,,,,2.1739501953125,
1763074874826,,,,9.675000190734863,,7.752000331878662
1763074874849,,,,,-0.2670000195503235,
1763074874850,,,,,,6.565950393676758
1763074874851,49.0,,,11.47095012664795,,
1763074874853,,,,,-2.401050090789795,
1763074874854,,,,8.260050773620605,,5.187000274658203
1763074874864,,36.33527138510772,142.8564453125,,,
1763074874873,,,,,-4.369050025939941,5.190000057220459
1763074874874,,,,3.8209502696990967,,
1763074874893,,,,,-4.849950313568115,
1763074874894,,,,,,3.3130502700805664
1763074874901,,,,-0.1860000044107437,,
1763074874904,,35.85133449734636,142.8564453125,,,
1763074874919,,,,,-2.2360501289367676,3.3130502700805664
1763074874920,,,,1.5589500665664673,,
1763074874940,,,,,4.551000118255615,2.0050501823425293
1763074874941,,,,5.502000331878662,,
1763074874943,,35.262119095135276,,,,
1763074874961,,,,,9.60105037689209,1.9960501194000244
1763074874962,49.0,,,7.563000202178955,,
1763074874983,,56.44334962071718,,4.732950210571289,13.480051040649414,3.198000192642212
1763074874990,,,274.1650390625,8.986050605773926,15.462000846862793,3.1930501461029053
1763074875009,,,,,16.446001052856445,3.1900501251220703
1763074875010,,,,11.916000366210938,,
1763074875022,,53.49853910680082,274.1650390625,,,
1763074875028,20.0,,,,,
1763074875030,,,,7.3120503425598145,14.995050430297852,3.1810500621795654
1763074875050,,,,2.1190500259399414,13.19205093383789,3.1879501342773438
1763074875063,,44.030781495801214,274.1650390625,,,
1763074875071,,,,,11.404050827026367,1.6320000886917114
1763074875072,20.0,,,0.48795002698898315,,
1763074875092,,,,,8.77500057220459,1.609950065612793
1763074875093,,,,0.46695002913475037,,
1763074875103,,40.282347891674945,,,,
1763074875116,,,,,6.433050155639648,1.6290000677108765
1763074875117,,,,1.1850000619888306,,
1763074875126,,,,,3.9910502433776855,
1763074875127,,,,0.04305000230669975,,4.756050109863281
1763074875142,,37.523829313185246,,,,
1763074875146,,,,,2.611950159072876,
1763074875147,,,,-1.5940500497817993,,5.230050086975098
1763074875182,,,,,1.8430501222610474,5.221050262451172
1763074875183,20.0,34.58449926663627,,-3.037050247192383,,
1763074875188,,,,,1.852950096130371,5.589000225067139
1763074875189,,,,-1.8379501104354858,,
1763074875196,,,254.0141369047619,,,
1763074875206,,,,-1.3420500755310059,2.4180002212524414,5.230050086975098
1763074875222,,35.96964181622668,254.0141369047619,,,
1763074875226,,,,,3.049950122833252,5.211000442504883
1763074875227,,,,0.7470000386238098,,
1763074875248,32.0,,,2.7940502166748047,4.185000419616699,5.2260003089904785
1763074875263,,34.853521324003076,254.0141369047619,2.7720000743865967,5.182950019836426,5.209050178527832
1763074875295,,,,,9.262950897216797,5.589000225067139
1763074875296,32.0,,,3.3829500675201416,,
1763074875306,,35.64022989680438,,,,
1763074875319,,,,4.222949981689453,13.63800048828125,5.589000225067139
1763074875321,,,,,18.292051315307617,
1763074875322,,,,7.555950164794922,,7.378050327301025
1763074875341,,,,,16.876951217651367,7.716000556945801
1763074875342,,68.48037928666261,,7.140000343322754,,
1763074875352,,,253.022216796875,,,
1763074875365,,,,4.116000175476074,15.66300106048584,8.182950019836426
1763074875380,,,,,12.574950218200684,13.231950759887695
1763074875381,,,,3.807000160217285,,
1763074875383,,57.942951377777504,,,,
1763074875384,,,253.022216796875,,,
1763074875396,32.0,,,,,
1763074875410,,,,,9.105000495910645,13.986001014709473
1763074875411,,,,2.830050230026245,,
1763074875422,,56.516207735723754,253.022216796875,,,
1763074875434,,,,1.4440500736236572,5.880000114440918,13.986001014709473
1763074875440,,,,1.0840500593185425,3.7110002040863037,13.97700023651123
1763074875456,33.0,,,,,
1763074875458,,,,,1.8649500608444214,13.978950500488281
1763074875459,,,,1.852950096130371,,
1763074875466,,44.42852675478254,253.022216796875,,,
1763074875471,,,233.997802734375,,,
1763074875481,,,,,0.364050030708313,
1763074875482,,,,2.800950050354004,,13.972050666809082
1763074875502,,37.64986052620262,233.997802734375,,,
1763074875503,,,,,-0.9000000357627869,13.990950584411621
1763074875504,33.0,,,3.1530001163482666,,
1763074875527,,,,,-2.4439501762390137,
1763074875528,,,,2.7799501419067383,,9.799050331115723
1763074875543,,46.29835383392389,233.997802734375,,,
1763074875551,,,249.6630859375,,,
1763074875552,,,,,-3.2340002059936523,5.589000225067139
1763074875553,,,,2.3989500999450684,,
1763074875556,,,,2.401050090789795,-2.6449501514434814,2.817000150680542
1763074875575,,,,,-1.8330000638961792,
1763074875577,,,,,,0.5610000491142273
1763074875578,,,,2.7079501152038574,,
1763074875586,,58.620677160538825,249.6630859375,,,
1763074875599,,,,4.000950336456299,-0.4330500066280365,-1.4850000143051147
1763074875619,,,,,-0.43995001912117004,-1.771950125694275
1763074875620,,,,5.860950469970703,,
1763074875623,33.0,,,,,
1763074875624,,56.70096714184248,249.6630859375,,,
1763074875629,,,233.974609375,,,
1763074875640,,,,,1.0960500240325928,
1763074875641,,,,8.302950859069824,,-1.7770501375198364
1763074875662,,45.201150290478594,233.974609375,,,
1763074875665,,,,12.843000411987305,6.117000102996826,-1.7929500341415405
1763074875670,25.0,,,,,
1763074875672,,,,,11.698050498962402,
1763074875673,,,,11.449050903320312,,-1.771950125694275
1763074875692,,,,,16.906051635742188,-1.7839500904083252
1763074875693,,,,12.031050682067871,,
1763074875703,,43.267828646560446,233.974609375,,,
1763074875712,,,,18.84105110168457,20.533050537109375,-1.771950125694275
1763074875729,25.0,,,,,
1763074875743,,68.66797684594022,233.974609375,,,
1763074875750,,,257.6953125,,,
1763074875752,,,,,20.542951583862305,
1763074875753,,,,23.976001739501953,15.462000846862793,4.311000347137451
1763074875774,,,,6.78000020980835,9.903000831604004,10.194000244140625
1763074875785,,44.264542169790026,257.6953125,,,
1763074875797,,,,-0.753000020980835,8.107049942016602,10.194000244140625
1763074875809,,,,,7.195050239562988,
1763074875810,,,,-1.8600001335144043,,10.171950340270996
1763074875825,,53.23526486997856,257.6953125,,,
1763074875829,25.0,,,,4.486950397491455,10.17495059967041
1763074875830,,,,-1.8790501356124878,,
1763074875842,,,143.79592023577007,,,
1763074875860,,43.87537762513876,,,,
1763074875861,,,143.79592023577007,,,
1763074875866,,,,-1.8619500398635864,2.2669501304626465,10.191000938415527
1763074875869,,,,-2.491950035095215,1.2330000400543213,10.171950340270996
1763074875887,17.0,,,,-0.022950001060962677,6.322050094604492
1763074875888,,,,-5.608950138092041,,
1763074875902,,55.10227924309972,143.79592023577007,,,
1763074875913,,,,,-0.010950000956654549,0.21705001592636108
1763074875914,,,,-7.635000228881836,,
1763074875926,,,,,0.7080000042915344,
1763074875927,,,,-6.579000473022461,,0.21705001592636108
1763074875937,17.0,,,,,
1763074875941,,52.05218848600602,,,,
1763074875946,,,,,2.4970500469207764,0.19995000958442688
1763074875947,,,,-3.733950138092041,,
1763074875968,,,,1.321950078010559,5.2260003089904785,0.19995000958442688
1763074875985,,44.57917924315572,,,,
1763074875986,,,,1.9180500507354736,6.081000328063965,0.2070000171661377
1763074876004,,,,,5.491950035095215,
1763074876005,,,,0.5740500092506409,,0.1980000138282776
1763074876022,,42.14417204414028,,,,
1763074876029,,,269.3212890625,1.3720500469207764,7.2300004959106445,1.537950038909912
1763074876052,,,,,10.98705005645752,3.765000104904175
1763074876054,17.0,,,0.6529500484466553,,
1763074876063,,,,,14.385000228881836,4.914000034332275
1763074876064,,56.57274479734299,269.3212890625,3.7420501708984375,,
1763074876083,,,,5.767950057983398,15.79995059967041,6.070950508117676
1763074876103,,73.4149085650048,269.3212890625,,,
1763074876111,,,157.97113327752976,,,
1763074876117,,,,,13.450950622558594,9.841950416564941
1763074876118,47.0,,,3.031050205230713,,
1763074876122,,,,1.968000054359436,10.743000984191895,14.956050872802734
1763074876141,,61.73360035210882,157.97113327752976,,,
1763074876146,,,,,8.056950569152832,16.579050064086914
1763074876147,,,,1.9459501504898071,,
1763074876167,,,,,5.54295015335083,16.55805015563965
1763074876168,47.0,,,2.212050199508667,,
1763074876180,,,,,3.948000192642212,
1763074876181,,61.06125185584028,157.97113327752976,2.5069501399993896,,16.57200050354004
1763074876210,,,,,1.815000057220459,
1763074876211,,,,1.8030000925064087,,16.573951721191406
1763074876222,,58.92704577056943,,,,
1763074876232,,,,,-0.1380000114440918,
1763074876233,,,,1.4149500131607056,,16.564950942993164
1763074876253,,,,3.2749502658843994,-1.3090500831604004,16.58595085144043
1763074876259,,,,4.324050426483154,-2.638050079345703,11.047950744628906
1763074876264,,54.0298323057326,,,,
1763074876273,47.0,,,,,
1763074876277,,,,,-3.198000192642212,
1763074876279,,,,4.07295036315918,,4.849950313568115
1763074876298,,,,3.346950054168701,-2.7169501781463623,1.1860500574111938
1763074876304,,58.00941828344858,,,,
1763074876311,,,273.17301432291663,,,
1763074876320,,,,,-2.098950147628784,-1.492050051689148
1763074876321,31.0,,,4.324050426483154,,
1763074876342,,,,,-0.15300001204013824,-3.094050168991089
1763074876343,,52.647163210929975,273.17301432291663,5.689050197601318,,
1763074876364,,,,6.880950450897217,0.5359500050544739,-3.3379502296447754
1763074876382,,58.95621213002195,273.17301432291663,,,
1763074876385,,,,10.867950439453125,2.245950222015381,-3.343050241470337
1763074876386,,,277.431640625,,,
1763074876387,31.0,,,,,
1763074876406,,,,,6.835050106048584,-3.358950138092041
1763074876407,,,,16.470001220703125,,
1763074876414,,,,,10.843050956726074,
1763074876415,,,,,,-3.3450002670288086
1763074876416,,,,11.694000244140625,,
1763074876424,,55.32439428683186,277.431640625,,,
1763074876435,,,,,14.830050468444824,-3.3570001125335693
1763074876436,,,,8.569050788879395,,
1763074876454,,,,16.765050888061523,19.779001235961914,-3.349950075149536
1763074876463,,70.52263826653079,277.431640625,,,
1763074876476,,,,,19.219051361083984,0.31005001068115234
1763074876477,,,,21.21795082092285,,
1763074876497,,,,,14.923050880432129,6.193050384521484
1763074876498,31.0,,,16.570951461791992,,
1763074876503,,66.31072083477716,,,,
1763074876511,,,,,10.549050331115723,
1763074876512,,,,8.3100004196167,,8.613000869750977
1763074876531,,,,,8.193000793457031,9.295950889587402
1763074876532,,,,3.3259501457214355,,
1763074876542,25.0,,,,,
1763074876544,,62.02671387892317,,,,
1763074876565,,,,,6.469050407409668,
1763074876566,,,,0.675000011920929,,9.280950546264648
1763074876570,,,,,4.615950107574463,9.291000366210938
1763074876571,,,,-0.853950023651123,,
1763074876582,,44.381624537193034,,,,
1763074876590,,,,,2.9850001335144043,9.292950630187988
1763074876591,,,,-2.2980000972747803,,
1763074876592,,,294.02913411458337,,,
1763074876613,,,,,2.511000156402588,9.289050102233887
1763074876614,25.0,,,-3.145050048828125,,
1763074876624,,49.966538807285005,,,,
1763074876625,,,294.02913411458337,,,
1763074876637,,,,-5.314050197601318,1.8360000848770142,8.613000869750977
1763074876648,,,,,1.4410500526428223,4.548000335693359
1763074876649,,,,-6.234000205993652,,
1763074876663,,53.442852977651604,294.02913411458337,,,
1763074876668,,,265.1025390625,,,
1763074876678,,,,-5.665950298309326,1.1320500373840332,1.0069500207901
1763074876687,,,,,1.1539500951766968,0.9919500350952148
1763074876688,,,,-4.833000183105469,,
1763074876702,,49.71092770901309,265.1025390625,,,
1763074876707,,,,,2.4469501972198486,
1763074876708,,,,,,0.9919500350952148
1763074876709,,,,-3.634050130844116,,
1763074876724,25.0,,,,,
1763074876727,,,,-1.6800000667572021,4.386000156402588,0.9919500350952148
1763074876741,,39.03420044753122,265.1025390625,,,
1763074876746,,,282.744140625,,,
1763074876747,,,282.744140625,1.2859500646591187,6.8710503578186035,0.9970500469207764
1763074876755,15.0,,,,,
1763074876770,,,,,11.289000511169434,0.9850500226020813
1763074876771,,,,4.495950222015381,,
1763074876784,,37.24201213884791,,,,
1763074876785,,,282.744140625,,,
1763074876794,,,,2.1190500259399414,15.318000793457031,2.2350001335144043
1763074876817,,,,7.125000476837158,17.72504997253418,4.777950286865234
1763074876824,15.0,,,,17.077951431274414,8.046000480651855
1763074876825,,76.46716181791128,282.744140625,14.587950706481934,,
1763074876831,,,245.43294270833331,,,
1763074876844,,,,10.516050338745117,14.176051139831543,11.773950576782227
1763074876862,,61.649479448397514,245.43294270833331,,,
1763074876864,,,,5.767950057983398,10.369050025939941,14.66100025177002
1763074876884,,,,,7.762050151824951,
1763074876885,,,,2.464050054550171,,14.647050857543945
1763074876903,,43.06962538609611,245.43294270833331,,,
1763074876907,,,,,5.6569504737854,
1763074876908,,,,0.1080000028014183,,14.644950866699219
1763074876933,,,,,4.027050018310547,14.647050857543945
1763074876934,15.0,,,-0.753000020980835,,
1763074876944,,38.74257847347515,245.43294270833331,,,
1763074876953,,,259.9609375,,,
1763074876957,,,,-0.1860000044107437,1.815000057220459,14.656950950622559
1763074876962,,,,1.5079500675201416,-0.33195000886917114,14.67300033569336
1763074876981,25.0,,,4.080000400543213,-2.2360501289367676,8.914950370788574
1763074876983,,39.50786582205626,259.9609375,,,
1763074877002,,,,,-2.737950086593628,2.8600502014160156
1763074877003,,,,5.301000118255615,,
1763074877021,,41.10855637957849,259.9609375,,,
1763074877025,,,,4.6620001792907715,-2.7529501914978027,-0.931950032711029
1763074877048,,,,,-2.1640501022338867,
1763074877049,25.0,,,3.0739500522613525,,-0.931950032711029
1763074877058,,,,,-0.9640500545501709,-1.3050000667572021
1763074877059,,,,3.9940502643585205,,
1763074877062,,56.05478056972874,,,,
1763074877077,,,,,1.8220500946044922,
1763074877078,,,,6.7159504890441895,,-1.3170000314712524
1763074877101,,,,,3.309000253677368,-1.7929500341415405
1763074877102,,,,9.60300064086914,,
1763074877103,,58.362349115615544,,,,
1763074877108,,,120.4638671875,,,
1763074877118,,,,13.618950843811035,5.377050399780273,-1.7929500341415405
1763074877143,,56.83050521272267,120.4638671875,,,
1763074877144,,,,11.140050888061523,7.123050212860107,-1.815000057220459
1763074877166,,,,,10.068000793457031,-1.815000057220459
1763074877167,25.0,,,10.882050514221191,,
1763074877175,,,,,14.78700065612793,
1763074877176,,,,13.07295036315918,,-1.7929500341415405
1763074877183,,53.579420763271344,120.4638671875,,,
1763074877189,35.0,,,,,
1763074877194,,,,,15.397050857543945,
1763074877195,,,,14.113950729370117,,-1.8049501180648804
1763074877214,,,,,13.507950782775879,3.046950101852417
1763074877215,,,,13.093950271606445,,
1763074877222,,53.59290898957944,120.4638671875,,,
1763074877236,,,,,9.277950286865234,
1763074877237,,,,8.986050605773926,,10.624950408935547
1763074877258,,,,,7.366950511932373,
1763074877259,,,,1.234950065612793,,13.419000625610352
1763074877260,,46.85497669368225,,,,
1763074877282,,,,,6.181950092315674,13.404000282287598
1763074877283,35.0,,,-2.140050172805786,,
1763074877302,,50.523980712780386,,,,
1763074877304,,,,,4.386000156402588,13.404000282287598
1763074877305,,,,-2.1540000438690186,,
1763074877312,,,,-0.6960000395774841,3.3160500526428223,13.396950721740723
1763074877314,,,141.6064453125,,,
1763074877331,,,,,2.101950168609619,
1763074877332,,,,-1.4070000648498535,,13.414051055908203
1763074877344,,45.4248103554968,141.6064453125,,,
1763074877353,,,,-3.424950122833252,0.24195000529289246,13.407000541687012
1763074877371,,,,-7.3470001220703125,1.0030500888824463,7.126950263977051
1763074877383,,43.76944940560585,141.6064453125,,,
1763074877392,35.0,,,-5.947050094604492,1.6849501132965088,2.7240002155303955
1763074877416,28.0,,,,5.089950084686279,
1763074877417,,,,0.7399500608444214,,2.7240002155303955
1763074877423,,40.31218151053585,,,,
1763074877437,,,,2.6430001258850098,5.6569504737854,2.707050085067749
1763074877448,,,,,3.5380501747131348,
1763074877449,,,,,,2.719050168991089
1763074877450,,,,-1.636950135231018,,
1763074877463,,39.923973552111015,,,,
1763074877484,,,,-3.9210002422332764,2.281050205230713,2.707050085067749
1763074877487,,,,,1.8430501222610474,2.7139501571655273
1763074877488,,,,-4.776000022888184,,
1763074877503,,36.608897746617764,,,,
1763074877510,,,1446.3037109375,,,
1763074877511,,,1446.3037109375,-8.116050720214844,3.6750001907348633,3.2479500770568848
1763074877515,28.0,,,,,
1763074877537,,,,,10.168050765991211,7.953000545501709
1763074877538,,,,-4.768950462341309,,
1763074877545,,61.031875292871646,1446.3037109375,,,
1763074877546,,,,,14.47800064086914,7.950000286102295
1763074877547,,,,1.264050006866455,,
1763074877565,,,,,16.626001358032227,
1763074877566,,,,9.997950553894043,,9.835050582885742
1763074877582,,74.86855911879816,1446.3037109375,,,
1763074877586,,,,14.983050346374512,16.338001251220703,13.44795036315918
1763074877610,,,,,12.187050819396973,14.416950225830078
1763074877611,,,,12.139050483703613,,
1763074877617,28.0,,,,,
1763074877622,,51.3746804586139,,,,
1763074877636,,,,,7.116000175476074,
1763074877637,41.0,,,5.854050159454346,,14.403000831604004
1763074877644,,,,0.703950047492981,3.280050039291382,14.407950401306152
1763074877662,,48.922540060206956,,,,
1763074877663,,,,,1.3480501174926758,14.40000057220459
1763074877664,,,,0.04305000230669975,,
1763074877675,,,106.93214634486608,,,
1763074877683,,,,2.7580502033233643,0.3060000240802765,14.41200065612793
1763074877703,,46.97033110709641,106.93214634486608,,,
1763074877704,,,,3.6630001068115234,-1.467000126838684,13.44795036315918
1763074877731,41.0,,,4.495950222015381,-3.7080001831054688,10.87605094909668
1763074877743,,46.46712848401964,106.93214634486608,,,
1763074877754,,,,,-3.718050241470337,3.68595027923584
1763074877755,,,,5.18595027923584,,
1763074877761,,,,5.860950469970703,-3.1549501419067383,0.15900000929832458
1763074877782,,,,,-1.7970000505447388,-0.7020000219345093
1763074877784,,44.388133608020084,106.93214634486608,5.878050327301025,,
1763074877805,,,,6.694050312042236,0.1980000138282776,-1.4700000286102295
1763074877820,,43.29930621638116,,,1.8220500946044922,-1.4820001125335693
1763074877821,,,,8.47605037689209,,
1763074877831,41.0,,,,,
1763074877849,24.0,,,,2.920950174331665,-1.4800500869750977
1763074877850,,,,10.947000503540039,,
1763074877858,,,,,5.491950035095215,-1.489050030708313
1763074877859,,,,11.29800033569336,,
1763074877860,,42.87058805814381,,,,
1763074877867,,,504.4287109375,,,
1763074877878,,,,,9.421050071716309,
1763074877879,,,,12.62700080871582,,-1.492050051689148
1763074877898,,,,,14.334000587463379,
1763074877901,,,,17.124000549316406,,-1.4730000495910645
1763074877904,,42.992966260558134,504.4287109375,,,
1763074877919,,,,17.10900115966797,13.579950332641602,-1.4850000143051147
1763074877938,,,,,12.178950309753418,3.3130502700805664
1763074877939,24.0,,,15.019050598144531,,
1763074877943,,50.740103082364996,504.4287109375,,,
1763074877948,,,273.9306640625,,,
1763074877963,,,,,8.60205078125,
1763074877964,,,,10.67400074005127,,11.83905029296875
1763074877982,,55.31818130319885,273.9306640625,,,
1763074877987,,,,,5.2260003089904785,
1763074877988,,,,,,11.821950912475586
1763074877989,,,,2.6650500297546387,,
1763074877995,,,,,2.9569501876831055,11.817000389099121
1763074877996,,,,-1.0120500326156616,,
1763074878015,,,,,1.527000069618225,11.833950996398926
1763074878016,,,,-3.4680001735687256,,
1763074878023,,42.05570759897989,273.9306640625,,,
1763074878038,,,,-5.0560503005981445,0.6010500192642212,11.82705020904541
1763074878045,24.0,,,,,
1763074878062,,38.87230257939575,273.9306640625,,,
1763074878063,,,,,1.714050054550171,
1763074878064,35.0,,,-3.957000255584717,,11.83905029296875
1763074878071,,,219.86328125,,,
1763074878088,,,,,5.0970001220703125,10.57395076751709
1763074878089,,,,-1.3999500274658203,,
1763074878093,,,,-1.974000096321106,6.913950443267822,10.570050239562988
1763074878102,,38.91305861712147,219.86328125,,,
1763074878113,,,,-1.3639500141143799,6.913950443267822,9.805950164794922
1763074878134,,,,,5.313000202178955,
1763074878135,,,,-2.311950206756592,,8.110950469970703
1763074878140,,37.562680340329926,219.86328125,,,
1763074878144,35.0,,,,,
1763074878155,,,,,2.5980000495910645,
1763074878156,,,,-5.710050106048584,,7.522050380706787
1763074878178,,,,-4.654050350189209,1.7500500679016113,4.699050426483154
1763074878181,,40.397322846668466,,,,
1763074878190,,,,,1.3480501174926758,4.681950092315674
1763074878191,,,,-0.9619500637054443,,
1763074878210,,,,3.2320501804351807,2.7199501991271973,7.522050380706787
1763074878221,,40.557628465506355,,,,
1763074878228,,,313.4033203125,,,
1763074878230,,,,,4.9609503746032715,8.110950469970703
1763074878231,,,,3.2179501056671143,,
1763074878246,35.0,,,,,
1763074878250,,,,,8.997000694274902,9.217050552368164
1763074878251,,,,-0.5230500102043152,,
1763074878262,,61.087487438086725,313.4033203125,,,
1763074878270,,,,,11.27400016784668,10.28700065612793
1763074878271,,,,2.7870001792907715,,
1763074878275,55.0,,,,,
1763074878297,,,,5.14995002746582,10.470000267028809,10.270050048828125
1763074878305,,71.9335342044294,313.4033203125,,,
1763074878321,,,,,10.081950187683105,10.27500057220459
1763074878322,,,,5.998050212860107,,
1763074878328,,,,,8.832000732421875,
1763074878329,,,,5.989950180053711,,12.471000671386719
1763074878343,,51.895320874853574,313.4033203125,,,
1763074878348,,,,2.823000192642212,5.728950500488281,12.45405101776123
1763074878352,55.0,,,,,
1763074878356,,,187.5015876406715,,,
1763074878372,,,,,3.258000135421753,
1763074878373,,,,,,12.459000587463379
1763074878374,,,,1.01295006275177,,
1763074878384,,49.342407708306375,187.5015876406715,,,
1763074878399,,,,,1.7280000448226929,12.456000328063965
1763074878400,,,,0.9979500770568848,,
1763074878426,,50.98815552236392,187.5015876406715,2.6650500297546387,0.3850500285625458,12.459000587463379
1763074878450,,,,1.5079500675201416,-3.643050193786621,10.443000793457031
1763074878457,55.0,,,,,
1763074878463,,51.26301151741498,,,,
1763074878464,,,,2.1259500980377197,-4.419000148773193,6.078000068664551
1763074878498,,,,,-3.636000156402588,
1763074878499,33.0,,,4.180050373077393,,2.6299500465393066
1763074878504,,42.95153750758523,,,,
1763074878511,,,106.60247802734375,,,
1763074878528,,,,,-1.294950008392334,1.8400501012802124
1763074878529,,,,7.585050582885742,,
1763074878544,,44.48156098568995,106.60247802734375,,,
1763074878553,,,,,4.365000247955322,
1763074878554,,,,11.665050506591797,,1.0279500484466553
1763074878563,33.0,,,11.662050247192383,3.9910502433776855,-0.40005001425743103
1763074878582,,,,,3.9910502433776855,-0.4020000100135803
1763074878584,,,,13.381950378417969,,
1763074878586,,44.10675701601192,106.60247802734375,,,
1763074878605,,,,,4.975050449371338,
1763074878606,,,,15.06195068359375,,-0.4050000309944153
1763074878623,,37.427674237754935,,,,
1763074878632,,,,,8.18595027923584,
1763074878634,,,,8.275050163269043,,1.0279500484466553
1763074878657,,,,,13.077000617980957,
1763074878658,,,,4.755000114440918,,1.7470500469207764
1763074878662,,,,9.180000305175781,15.850050926208496,1.7370001077651978
1763074878664,33.0,,,,,
1763074878665,,59.81956587186285,,,,
1763074878685,,,,15.5149507522583,13.645051002502441,3.6790502071380615
1763074878703,,63.415396661687666,,,,
1763074878712,,,,,3.876000165939331,4.741950035095215
1763074878713,49.0,,,12.699000358581543,,
1763074878720,,,66.39605712890625,,,
1763074878736,,,,4.912950038909912,-3.8370001316070557,6.982950210571289
1763074878739,,,,,-4.741950035095215,7.845000267028809
1763074878740,,,,0.5670000314712524,,
1763074878744,,59.06182817912919,66.39605712890625,,,
1763074878756,,,,,-1.9699500799179077,
1763074878757,,,,2.0329501628875732,,9.195000648498535
1763074878765,49.0,,,,,
1763074878776,,,,,0.5149500370025635,10.984050750732422
1763074878777,,,,2.01104998588562,,
1763074878786,,46.744766924746045,66.39605712890625,,,
1763074878801,,,,1.3930500745773315,3.589050054550171,10.97700023651123
1763074878815,,,,,2.7990000247955322,9.195000648498535
1763074878816,,,,-1.3210500478744507,,
1763074878822,,44.72561178984989,,,,
1763074878852,,,,,0.04005000367760658,9.193050384521484
1763074878853,,,,-2.8440001010894775,,
1763074878854,,,,,-1.9410001039505005,10.021050453186035
1763074878855,,,,-4.215000152587891,,
1763074878863,,43.82505640576744,,,,
1763074878865,49.0,,,,,
1763074878877,,,,,-2.2360501289367676,
1763074878878,,,,-5.760000228881836,,11.005050659179688
1763074878901,,,,,-1.5319501161575317,10.021050453186035
1763074878902,,,,-6.3919501304626465,,
1763074878903,,49.58009734462712,,,,
1763074878909,,,355.7666015625,,,
1763074878913,,,,-6.958950519561768,-0.7920000553131104,10.038000106811523
1763074878926,92.0,,,,,
1763074878933,,,,,-0.5260500311851501,6.918000221252441
1763074878934,,,,-7.491000175476074,,
1763074878945,,46.583655294377415,355.7666015625,,,
1763074878954,,,,-5.200050354003906,1.2829500436782837,5.022000312805176
1763074878973,,,,,4.069950103759766,5.0119500160217285
1763074878974,,,,-1.8600001335144043,,
1763074878976,92.0,,,,,
1763074878986,,35.52870920658185,355.7666015625,,,
1763074878993,,,225.1611328125,,,
1763074879001,,,,,8.45895004272461,5.005050182342529
1763074879002,,,,-0.3940500319004059,,
1763074879012,,,,,11.131050109863281,6.918000221252441
1763074879013,,,,1.8030000925064087,,
1763074879025,,60.105946307665775,225.1611328125,,,
1763074879030,,,,,13.378951072692871,7.335000514984131
1763074879031,,,,-3.892050266265869,,
1763074879050,,,,,9.808950424194336,9.748050689697266
1763074879051,,,,-2.3550000190734863,,
1763074879063,,69.21591574716881,,,,
1763074879064,,,225.1611328125,,,
1763074879070,,,,,6.5620503425598145,9.736050605773926
1763074879071,,,,0.1870500147342682,,
1763074879095,,,,,2.7270002365112305,9.741000175476074
1763074879096,,,,2.111999988555908,,
1763074879097,92.0,,,,,
1763074879107,,49.6365994041349,,,,
1763074879119,,,,2.4850502014160156,-0.0880500078201294,10.80405044555664
1763074879128,,,,2.9160001277923584,-0.09495000541210175,12.118950843811035
1763074879143,,49.66642733453621,,,,
1763074879146,79.0,,,,,
1763074879147,,,,,0.7660500407218933,12.109050750732422
1763074879148,,,,2.3490002155303955,,
1763074879170,,,,1.8240001201629639,1.0390501022338867,12.100050926208496
1763074879182,,40.767308034267266,,,,
1763074879190,,,498.310546875,,,
1763074879193,,,,0.6529500484466553,-0.2670000195503235,12.13800048828125
1763074879199,79.0,,,,,
1763074879218,,,,0.6679500341415405,-2.4649500846862793,12.133050918579102
1763074879224,,41.130537402821204,498.310546875,,,
1763074879242,,,,3.475950241088867,-4.527000427246094,12.135000228881836
1763074879245,,,,4.51800012588501,-5.748000144958496,8.994000434875488
1763074879262,,39.660505364946474,498.310546875,,,
1763074879268,,,,,-4.369050025939941,5.8909502029418945
1763074879269,,,,6.579000473022461,,
1763074879285,,,,,-2.53695011138916,4.275000095367432
1763074879286,,,,8.842050552368164,,
1763074879299,79.0,,,,,
1763074879304,,39.050975217595905,,,,
1763074879306,,,,,1.4269500970840454,
1763074879307,,,,10.156050682067871,,2.350050210952759
1763074879334,,,,,5.112000465393066,
1763074879335,,,,8.44694995880127,,2.328000068664551
1763074879342,,,,,8.45895004272461,
1763074879343,,,,4.07295036315918,,2.3329501152038574
1763074879344,,38.675740717949715,,,,
1763074879359,,,143.7639702690972,,,
1763074879362,75.0,,,,12.409050941467285,
1763074879363,,,,4.056000232696533,,2.3329501152038574
1763074879382,,40.19243658973349,143.7639702690972,,,
1763074879388,,,,,11.418000221252441,2.3430001735687256
1763074879389,,,,6.457050323486328,,
1763074879413,,,,,12.63900089263916,
1763074879414,75.0,,,13.317000389099121,,2.3430001735687256
1763074879424,,40.071287931337906,143.7639702690972,,,
1763074879440,,,,12.964950561523438,7.654050350189209,2.3479502201080322
1763074879441,,,,6.0769500732421875,,
1763074879462,,36.80131670638056,,,,
1763074879466,,,,0.9049500226974487,5.017950057983398,13.929000854492188
1763074879490,,,,,6.735000133514404,13.912050247192383
1763074879491,,,,-0.5230500102043152,,
1763074879499,,,,-1.0260000228881836,6.31095027923584,13.929000854492188
1763074879504,,35.721165513228904,,,,
1763074879520,,,,-1.0429500341415405,5.2260003089904785,13.912050247192383
1763074879522,75.0,,,,,
1763074879542,,37.01540329651054,,,,
1763074879546,,,,-2.3770501613616943,4.7310004234313965,13.929000854492188
1763074879564,,,82.04386393229166,,,
1763074879571,,,,-5.559000492095947,3.7759501934051514,13.926000595092773
1763074879576,,,,,2.8849501609802246,
1763074879577,49.0,,,-8.734050750732422,,6.5590500831604
1763074879581,,36.86998273574239,82.04386393229166,,,
1763074879598,,,,-9.523950576782227,1.7070001363754272,6.541950225830078
1763074879621,,38.39782856209834,82.04386393229166,,,
1763074879622,,,,,2.533050060272217,6.553950309753418
1763074879623,,,,-8.740950584411621,,
1763074879626,49.0,,,,,
1763074879643,,,75.06022135416666,,,
1763074879654,,,,-4.201050281524658,4.759950160980225,6.553950309753418
1763074879655,,,,,6.0960001945495605,6.5590500831604
1763074879657,,,,1.120050072669983,,
1763074879659,,40.04140002051542,75.06022135416666,,,
1763074879681,,,,1.3720500469207764,6.103050231933594,6.552000522613525
1763074879701,,43.11204863435131,75.06022135416666,,,
1763074879705,,,,,7.6900506019592285,6.544950485229492
1763074879706,,,,-0.27195000648498535,,
1763074879714,,,,,14.19105052947998,6.825000286102295
1763074879715,,,,2.6650500297546387,,
1763074879734,,,,10.63800048828125,15.145950317382812,9.352950096130371
1763074879735,49.0,,,,,
1763074879742,,68.86166316310054,,,,
1763074879757,,,,,11.368050575256348,13.324950218200684
1763074879758,,,,6.378000259399414,,
1763074879781,,54.55173909012855,,,,
1763074879783,,,,,5.779950141906738,
1763074879785,,,,,,15.229050636291504
1763074879786,,,,2.671950101852417,,
1763074879809,63.0,,,1.0990500450134277,2.820000171661377,15.223950386047363
1763074879812,,,,,1.5780000686645508,
1763074879813,,,,-0.16395001113414764,,15.222001075744629
1763074879823,,52.880373885327366,,,,
1763074879834,,,255.6558275979663,,,
1763074879836,,,,,1.1470500230789185,15.222001075744629
1763074879837,,,,1.2280501127243042,,
1763074879861,,51.43698695614976,,,,
1763074879862,,,255.6558275979663,,,
1763074879865,,,,2.6140501499176025,-0.4039500057697296,15.241050720214844
1763074879866,63.0,,,,,
1763074879871,,,,6.285000324249268,-1.7760001420974731,15.247950553894043
1763074879894,,,,,-3.888000249862671,13.663050651550293
1763074879895,,,,8.338950157165527,,
1763074879908,,60.201188384900064,255.6558275979663,,,
1763074879914,,,226.0986328125,,,
1763074879918,,,,9.63900089263916,-4.182000160217285,7.443000316619873
1763074879941,,,,,-1.6110000610351562,4.3470001220703125
1763074879942,,69.0710230387258,226.0986328125,9.03600025177002,,
1763074879948,,,,8.425050735473633,-1.158000111579895,3.643050193786621
1763074879968,,,,,-0.09495000541210175,3.3480000495910645
1763074879969,63.0,,,9.646050453186035,,
1763074879983,,53.98843093902408,226.0986328125,,,
1763074879989,,,122.94921875,,,
1763074879991,,,,,-0.6409500241279602,
1763074879992,,,,10.314000129699707,,1.9120501279830933
1763074880017,,,,,-0.6460500359535217,
1763074880018,48.0,,,5.932950496673584,,1.9260001182556152
1763074880021,,42.36256841497672,122.94921875,,,
1763074880041,,,,4.948950290679932,-0.6409500241279602,1.9210500717163086
1763074880061,,49.451026081967484,122.94921875,,,
1763074880066,,,,,1.5490500926971436,1.9090501070022583
1763074880067,,,,4.945950031280518,,
1763074880078,48.0,,,,,
1763074880085,,,,5.775000095367432,9.535950660705566,1.894950032234192
1763074880101,,73.53822545082497,122.94921875,,,
1763074880105,,,175.3125,,5.650050163269043,5.094000339508057
1763074880106,,,,2.671950101852417,,
1763074880133,,,,,2.668950080871582,11.87505054473877
1763074880134,,,,-1.5720000267028809,,
1763074880144,,58.04965337644638,175.3125,,,
1763074880162,,,,-0.10695000737905502,2.101950168609619,20.2710018157959
1763074880163,,,,1.0410000085830688,,20.251951217651367
1763074880181,,58.79192007333547,,,,
1763074880182,,,175.3125,-0.5670000314712524,5.025000095367432,20.26395034790039
1763074880191,48.0,,,,,
1763074880220,,,,,5.044050216674805,
1763074880221,,,,-3.3820502758026123,5.044050216674805,20.26905059814453
1763074880222,,62.49054337797577,,,,
1763074880251,,,,,5.047050476074219,20.266050338745117
1763074880252,93.0,,,-5.343000411987305,,
1763074880260,,,,,4.242000102996826,10.797000885009766
1763074880261,,,,-7.038000106811523,,
1763074880262,,56.83542066386451,,,,
1763074880265,,,178.9697265625,,,
1763074880280,,,,-8.32395076751709,3.3229501247406006,2.7810001373291016
1763074880302,,51.8562910262662,,,,
1763074880303,,,178.9697265625,,,
1763074880304,,,,,3.3420002460479736,2.7810001373291016
1763074880305,93.0,,,-8.32395076751709,,
1763074880329,,,,-9.085050582885742,3.079050064086914,2.7810001373291016
1763074880343,,39.81392106973849,178.9697265625,,,
1763074880356,,,,-8.295000076293945,2.332050085067749,2.7619500160217285
1763074880381,,,,,3.0859501361846924,
1763074880382,,39.53247630816166,178.9697265625,-5.716950416564941,3.7759501934051514,2.7739500999450684
1763074880387,,,158.9208984375,,,
1763074880397,,,,-1.9459501504898071,7.711950302124023,5.647050380706787
1763074880408,93.0,,,,,
1763074880423,,48.656811602795244,158.9208984375,,,
1763074880435,,,,,10.549050331115723,
1763074880436,,,,-1.9459501504898071,,9.217050552368164
1763074880437,,,,4.978050231933594,13.105950355529785,12.211950302124023
1763074880459,89.0,,,8.044950485229492,10.894050598144531,12.202950477600098
1763074880462,,71.3547216341142,158.9208984375,,,
1763074880473,,,211.2899925595238,,,
1763074880485,,,,,6.009000301361084,12.202950477600098
1763074880486,,,,3.95805025100708,,
1763074880501,,43.82859328070754,211.2899925595238,,,
1763074880511,,,,,2.539950132369995,12.199950218200684
1763074880512,,,,0.3520500063896179,,
1763074880514,,,,,1.585050106048584,12.19800090789795
1763074880515,,,,-1.384950041770935,,
1763074880517,89.0,,,,,
1763074880538,,,,-3.1020002365112305,1.2690000534057617,12.202950477600098
1763074880541,,44.51045528809324,,,,
1763074880542,,,211.2899925595238,,,
1763074880562,,,,-2.247000217437744,0.6510000228881836,7.594050407409668
1763074880582,,75.30227280621801,,,,
1763074880586,,,,,-0.598050057888031,7.6080002784729
1763074880587,,,,0.013950000517070293,,
1763074880592,,,,,-2.974950075149536,
1763074880593,,,,3.166950225830078,,5.704050064086914
1763074880613,,,,,-4.9870500564575195,
1763074880614,,,,6.256050109863281,,4.339950084686279
1763074880625,,71.66979861990009,,,,
1763074880639,,,,,-5.619000434875488,4.3470001220703125
1763074880640,89.0,,,7.111050128936768,,
1763074880661,,49.248625609474615,,,,
1763074880668,,,,8.253000259399414,-3.579000234603882,3.5929501056671143
1763074880669,52.0,,148.154296875,,,
1763074880674,,,,8.734050750732422,-1.7040001153945923,1.4310001134872437
1763074880693,,,,,-0.2530499994754791,1.4350500106811523
1763074880694,,,,8.49000072479248,,
1763074880702,,43.7601806794736,148.154296875,,,
1763074880717,,,,,-0.2650500237941742,
1763074880718,,,,4.768950462341309,,1.4470500946044922
1763074880740,,41.70783409682262,148.154296875,,,
1763074880741,,,,,2.5830001831054688,1.423050045967102
1763074880742,,,,2.9880001544952393,,
1763074880744,52.0,,,,,
1763074880748,,,181.58546084449404,,11.152050971984863,3.5929501056671143
1763074880749,,,,7.786050319671631,,
1763074880770,,,,13.518000602722168,22.30695152282715,4.339950084686279
1763074880784,,41.18461584162734,181.58546084449404,,,
1763074880793,,,,26.173952102661133,28.498950958251953,4.741950035095215
1763074880818,,,,19.012950897216797,19.815000534057617,4.741950035095215
1763074880821,,56.802782352911045,181.58546084449404,,,
1763074880827,,,,11.040000915527344,12.178950309753418,8.620950698852539
1763074880844,52.0,,,,,
1763074880846,,,,5.401050090789795,8.035050392150879,11.422050476074219
1763074880860,,50.10551806887071,,,,
1763074880869,,,,-2.16795015335083,6.7920002937316895,11.419950485229492
1763074880898,43.0,,,,7.137000560760498,11.410050392150879
1763074880899,,,,-3.6480002403259277,,
1763074880902,,54.47883660809389,,,,
1763074880922,,,,-2.5990500450134277,6.454950332641602,11.422050476074219
1763074880924,,,,,5.692950248718262,11.416950225830078
1763074880925,,,,-0.9109500646591187,,
1763074880943,,58.33387906996237,,,,
1763074880946,,,,,5.08305025100708,11.404950141906738
1763074880947,,,,0.32295000553131104,,
1763074880948,43.0,,,,,
1763074880950,,,326.435546875,,,
1763074880974,,,,,4.378950119018555,
1763074880975,,,,-0.9109500646591187,,7.621950149536133
1763074880982,,44.055472904283135,,,,
1763074880983,,,326.435546875,-1.9530000686645508,3.7759501934051514,7.62000036239624
1763074881004,,,,-3.1090500354766846,3.7849502563476562,7.242000579833984
1763074881021,,41.609162389591496,326.435546875,,,
1763074881026,,,281.806640625,-4.9270501136779785,2.668950080871582,6.753000259399414
1763074881054,43.0,,,-6.2410502433776855,2.101950168609619,4.7989501953125
1763074881061,,41.61245462899447,281.806640625,,,
1763074881080,,,,-1.062000036239624,3.80400013923645,4.153050422668457
1763074881102,,43.82919877416202,281.806640625,,,
1763074881106,31.0,,,3.0670502185821533,5.125950336456299,4.7989501953125
1763074881109,,,248.0224609375,,,
1763074881120,,,,,7.495950222015381,
1763074881123,,,,-8.998950004577637,,6.753000259399414
1763074881141,,65.63530506497655,248.0224609375,,,
1763074881144,,,,,13.092000961303711,7.242000579833984
1763074881145,,,,-5.428950309753418,,
1763074881170,31.0,,,3.009000062942505,16.489049911499023,7.558050155639648
1763074881178,,,,6.831000328063965,15.76395034790039,7.53795051574707
1763074881183,,76.77463474292912,248.0224609375,,,
1763074881200,,,,,10.75005054473877,
1763074881201,,,,,,7.548000335693359
1763074881202,,,,2.5789501667022705,,
1763074881224,,50.66485842643183,248.0224609375,,,
1763074881229,,,,-1.01895010471344,5.988000392913818,8.520000457763672
1763074881230,,,295.6663295200893,,,
1763074881256,,,,,3.7900502681732178,10.516950607299805
1763074881257,,,,-2.319000005722046,,10.515000343322754
1763074881261,,43.48373583477249,,,,
1763074881263,,,295.6663295200893,,,
1763074881286,31.0,,,0.89805006980896,1.4269500970840454,10.516950607299805
1763074881302,,42.20568117202251,295.6663295200893,,,
1763074881311,,,,2.01104998588562,-0.5400000214576721,10.522050857543945
1763074881312,53.0,,,,,
1763074881316,,,,2.5069501399993896,-2.8750500679016113,10.534050941467285
1763074881337,,,,,-4.62000036239624,10.531050682067871
1763074881338,,,,4.195050239562988,,
1763074881341,,47.9901918037369,,,,
1763074881361,,,,,-4.240050315856934,
1763074881362,,,,7.7500505447387695,,5.509950160980225
1763074881383,,51.039584031095586,,,,
1763074881389,,,113.05187406994048,,-3.220050096511841,3.4780502319335938
1763074881390,,,113.05187406994048,7.753050327301025,,
1763074881416,,,,,-1.8760501146316528,1.8619500398635864
1763074881417,53.0,,,7.089000225067139,,
1763074881423,,45.63752431296517,,,,
1763074881424,,,113.05187406994048,,,
1763074881432,,,,8.230950355529785,1.9650001525878906,0.33900001645088196
1763074881452,,,,8.212050437927246,3.9120001792907715,0.31995001435279846
1763074881461,,50.686516911932316,113.05187406994048,,,
1763074881471,,,,,8.128050804138184,
1763074881472,,,,8.590950012207031,,0.3169500231742859
1763074881498,,,,7.3690505027771,14.277000427246094,0.322050005197525
1763074881505,,45.482894158273254,113.05187406994048,,,
1763074881525,,,,,20.662050247192383,
1763074881526,,,,13.396050453186035,,0.32895001769065857
1763074881527,53.0,,,,,
1763074881529,57.0,,,14.452051162719727,21.682050704956055,1.2510000467300415
1763074881544,,45.29676635991309,,,,
1763074881554,,,,9.60300064086914,18.529050827026367,1.5169501304626465
1763074881582,,45.694568460990574,,5.301000118255615,15.35400104522705,7.348950386047363
1763074881588,,,,,13.918050765991211,7.33305025100708
1763074881590,,,142.65631103515625,,,
1763074881609,,,,,13.92495059967041,7.348950386047363
1763074881610,,,,2.980950117111206,,
1763074881623,,42.40763756038603,142.65631103515625,,,
1763074881636,,,,,10.635000228881836,
1763074881637,,,,-0.7750500440597534,,7.335000514984131
1763074881664,,48.29115461139964,142.65631103515625,,,
1763074881666,,,,1.0489500761032104,6.828000545501709,7.335000514984131
1763074881667,57.0,,,,,
1763074881669,,,,,2.152050018310547,7.342050552368164
1763074881670,,,,0.3730500042438507,,
1763074881672,,,99.0673828125,,,
1763074881691,,,,,-2.7739500999450684,7.360950469970703
1763074881692,,,,-2.5920000076293945,,
1763074881704,,48.64146651682023,99.0673828125,,,
1763074881721,,,,-2.578050136566162,-5.554050445556641,5.977050304412842
1763074881741,,45.470754965202985,99.0673828125,,,
1763074881750,,,,,-4.375950336456299,4.360949993133545
1763074881751,33.0,,,-1.8379501104354858,,
1763074881774,,,,-4.108050346374512,-1.2660000324249268,1.9410001039505005
1763074881778,33.0,,,,,
1763074881785,,48.72689284586961,99.0673828125,,,
1763074881800,,,,,0.6580500602722168,1.918950080871582
1763074881801,,,,-3.6409502029418945,,
1763074881805,,,,-1.456950068473816,3.718050241470337,1.9240500926971436
1763074881822,,48.72360093947886,,,,
1763074881827,,,,-3.1810500621795654,8.020950317382812,1.9309500455856323
1763074881854,,,,-2.6929500102996826,9.349050521850586,3.3480000495910645
1763074881861,,64.88623352147576,,,,
1763074881871,,,151.865234375,,,
1763074881880,,,,,9.369000434875488,
1763074881881,,,,,,4.360949993133545
1763074881882,,,,-0.5089499950408936,11.44005012512207,4.849950313568115
1763074881902,,73.0355862617282,151.865234375,,,
1763074881906,,,,,11.461050987243652,8.41200065612793
1763074881907,,,,0.16500000655651093,,
1763074881910,33.0,,,,,
1763074881920,,,,,6.771000385284424,
1763074881921,,,,0.16005000472068787,,10.273050308227539
1763074881942,,49.98780773675893,,,,
1763074881943,,,151.865234375,,,
1763074881946,,,,,2.0880000591278076,13.03800106048584
1763074881947,,,,-1.3639500141143799,,
1763074881974,59.0,,,-2.0680501461029053,0.9310500621795654,13.030950546264648
1763074881981,,51.44599169144682,,,,
1763074882002,,,,-1.1479500532150269,1.6639500856399536,13.017000198364258
1763074882021,,49.53855315290952,,,,
1763074882032,,,,,1.527000069618225,13.033050537109375
1763074882033,,,,0.9259500503540039,,
1763074882036,59.0,,,,,
1763074882059,,,,1.759950041770935,-0.33900001645088196,11.629950523376465
1763074882062,,52.193029458067606,,,,
1763074882068,,,51.3402099609375,,,
1763074882069,,,51.3402099609375,,,
1763074882087,,,,2.7720000743865967,0.7800000309944153,5.712000370025635
1763074882102,,49.33798310758193,,,,
1763074882103,,,51.3402099609375,,,
1763074882109,,,,,1.333050012588501,
1763074882110,,,,2.770050048828125,,4.288949966430664
1763074882117,,,,2.140050172805786,1.009950041770935,4.275000095367432
1763074882135,,,,4.446000099182129,1.6060501337051392,4.276950359344482
1763074882138,59.0,,,,,
1763074882144,,48.71436194331488,51.3402099609375,,,
1763074882157,,,72.70753406343006,6.78000020980835,2.8560001850128174,4.273050308227539
1763074882158,,,72.70753406343006,,,
1763074882181,,49.26921356786799,72.70753406343006,,,
1763074882183,78.0,,,5.947050094604492,4.752000331878662,4.267950057983398
1763074882207,,,,5.236050128936768,8.358000755310059,4.276950359344482
1763074882213,,,,,10.398000717163086,
1763074882214,,,,6.973950386047363,,4.7989501953125
1763074882222,,62.088216781996834,72.70753406343006,,,
1763074882228,,,65.01139322916666,,,
1763074882235,,,,6.673050403594971,8.193000793457031,7.111950397491455
1763074882255,,,,,5.521050453186035,7.378050327301025
1763074882256,78.0,,,5.731950283050537,,
1763074882261,,62.151139249269754,65.01139322916666,,,
1763074882279,,,,,5.125950336456299,8.347949981689453
1763074882280,,,,2.9449501037597656,,
1763074882300,,49.34563196671532,,,,
1763074882301,,,65.01139322916666,,,
1763074882305,,,,2.233950138092041,5.137950420379639,11.083950996398926
1763074882329,,,,,4.084050178527832,11.083950996398926
1763074882330,,,,-1.120050072669983,,
1763074882331,,,,,4.093950271606445,11.074950218200684
1763074882332,,,,-3.367950201034546,,
1763074882342,,53.01290112832069,,,,
1763074882354,,,,-1.5940500497817993,5.81505012512207,11.07705020904541
1763074882358,78.0,,,,,
1763074882381,,,,1.0270500183105469,7.884000301361084,8.347949981689453
1763074882383,,54.11559267614673,,,,
1763074882405,,,,,7.894050598144531,7.974000453948975
1763074882406,82.0,,,0.09300000220537186,,
1763074882409,,,,-1.4719500541687012,6.390000343322754,7.111950397491455
1763074882422,,50.657312222131694,,,,
1763074882427,,,128.64349365234375,,,
1763074882433,,,,,3.955050230026245,
1763074882434,,,,-2.319000005722046,,5.676000118255615
1763074882457,,,,,2.431950092315674,5.676000118255615
1763074882458,,,,-3.1600501537323,,
1763074882460,82.0,,,,,
1763074882461,,46.07186011924469,128.64349365234375,,,
1763074882467,,,,-4.90500020980835,1.5780000686645508,5.668950080871582
1763074882502,,43.83295066534519,128.64349365234375,,,
1763074882505,,,,,1.5940500497817993,5.676000118255615
1763074882506,,,,-4.582050323486328,,
1763074882531,,,,-7.138950347900391,3.000000238418579,5.659050464630127
1763074882542,,39.36976457704694,,,,
1763074882557,,,,-5.4370503425598145,3.6750001907348633,6.7099504470825195
1763074882561,82.0,,,,,
1763074882564,,,,,4.120050430297852,
1763074882565,,,,-3.1240501403808594,,7.881000518798828
1763074882581,,70.64164000526061,,,,
1763074882584,,,,,2.86995005607605,8.138999938964844
1763074882585,,,,-5.428950309753418,,
1763074882593,,,189.88566080729169,,,
1763074882606,,,,-4.1579999923706055,2.8729500770568848,9.253050804138184
1763074882614,91.0,,,,,
1763074882624,,65.88566896885408,189.88566080729169,,,
1763074882633,,,,,4.393050193786621,9.741000175476074
1763074882634,,,,-1.5430500507354736,,
1763074882659,,,,,2.5039501190185547,12.205050468444824
1763074882660,,,,-2.2900500297546387,,
1763074882662,,46.29437876355127,189.88566080729169,,,
1763074882664,,,,-0.04905000329017639,2.521050214767456,12.187950134277344
1763074882668,91.0,,,,,
1763074882691,,,,,3.409050226211548,
1763074882692,,,,3.031050205230713,,12.18600082397461
1763074882701,,42.24036990735879,189.88566080729169,,,
1763074882716,,,,,2.6329500675201416,12.195000648498535
1763074882717,,,,1.9459501504898071,,
1763074882723,,,,1.924950122833252,1.1610000133514404,12.183000564575195
1763074882741,,,,2.7079501152038574,-0.13095000386238098,11.716050148010254
1763074882742,,41.80091497051649,,,,
1763074882766,,,,1.968000054359436,-0.5910000205039978,11.724000930786133
1763074882781,,41.25652648867826,,,,
1763074882790,,,169.76640973772322,,,
1763074882791,91.0,,,1.53000009059906,-0.07304999977350235,7.600950241088867
1763074882798,,,,,0.8089500665664673,
1763074882799,,,,3.0810000896453857,,5.611050128936768
1763074882819,,,,,1.2469500303268433,
1763074882820,,,,,,4.4760003089904785
1763074882821,,,,4.123050212860107,,
1763074882824,,40.27726809867992,169.76640973772322,,,
1763074882839,,,,4.120050430297852,,4.474050045013428
1763074882840,89.0,,,,-0.030000001192092896,
1763074882864,,41.47222064834597,169.76640973772322,,,
1763074882866,,,,4.13700008392334,-1.0290000438690186,4.491000175476074
1763074882874,,,157.19994099934894,,,
1763074882890,,,,,-1.0309500694274902,
1763074882891,,,,4.597050189971924,,4.492950439453125
1763074882897,89.0,,,,,
1763074882898,,,,,-0.0880500078201294,4.459050178527832
1763074882899,,,,1.738050103187561,,
1763074882905,,40.62203440697647,,,,
1763074882906,,,157.19994099934894,,,
1763074882919,,,,,3.9120001792907715,
1763074882920,,,,,,5.611050128936768
1763074882921,,,,0.984000027179718,,
1763074882941,,41.61434538699894,,,,
1763074882942,,,157.19994099934894,0.9720000624656677,7.4239501953125,6.825000286102295
1763074882967,,,,,9.02595043182373,6.814950466156006
1763074882969,,,,0.6100500226020813,,
1763074882974,,,,,5.119050025939941,9.496950149536133
1763074882975,,,,-0.16395001113414764,,
1763074882982,,71.70164035662182,157.19994099934894,,,
1763074882994,,,,,-0.33195000886917114,10.135950088500977
1763074882995,,,,-2.1040501594543457,,
1763074883019,,,,-2.0869500637054443,-1.294950008392334,11.688000679016113
1763074883020,89.0,,,,,
1763074883024,,47.88787536274609,,,,
1763074883044,,,,,-0.12405000627040863,12.9660005569458
1763074883045,,,,-3.3030002117156982,,
1763074883048,81.0,,,,,
1763074883062,,44.030159179283494,,,,
1763074883069,,,259.7787272135417,,,
1763074883074,,,,-1.5289500951766968,2.2669501304626465,12.96405029296875
1763074883098,,,,1.3290001153945923,5.586000442504883,11.688000679016113
1763074883103,,42.33235231612855,259.7787272135417,,,
1763074883121,,,,,4.35705041885376,
1763074883122,,,,-1.9030500650405884,,10.135950088500977
1763074883125,81.0,,,,,
1763074883130,,,,,3.876000165939331,
1763074883131,,,,-2.9580001831054688,,9.310050010681152
1763074883142,,40.494357000716825,259.7787272135417,,,
1763074883150,,,213.00726318359375,,,
1763074883151,,,,,3.0430500507354736,9.298050880432129
1763074883152,,,,-2.9700000286102295,,
1763074883173,,,,,2.1310501098632812,
1763074883174,,,,-2.968050241470337,,6.127950191497803
1763074883182,,39.710669241590146,,,,
1763074883183,,,213.00726318359375,,,
1763074883201,,,,-2.7139501571655273,1.4269500970840454,5.854950428009033
1763074883221,,38.13270917162479,213.00726318359375,,,
1763074883224,,,,,0.27000001072883606,5.604000091552734
1763074883225,,,,-3.957000255584717,,
1763074883229,,,,,-1.3300501108169556,5.608950138092041
1763074883230,81.0,,,-4.330049991607666,,
1763074883249,,,,-4.90500020980835,-1.333050012588501,5.611050128936768
1763074883262,,42.15932362331462,213.00726318359375,,,
1763074883277,59.0,,,,,
1763074883278,,,,-2.6929500102996826,0.6010500192642212,5.592000484466553
1763074883300,,73.89508035576787,,,,
1763074883302,,,,0.09300000220537186,0.6049500107765198,5.587050437927246
1763074883309,,,,,-3.808950185775757,5.620950222015381
1763074883310,,,,-0.24300001561641693,,
1763074883328,,,,,-5.848950386047363,6.11400032043457
1763074883329,,,,-0.9330000281333923,,
1763074883331,59.0,,,,,
1763074883341,,66.97215155699503,,,,
1763074883351,,,55.00941685267857,,,
1763074883361,,,,-0.922950029373169,-6.531000137329102,6.123000144958496
1763074883380,,45.26501284006588,55.00941685267857,,,
1763074883385,,,,,-3.355950117111206,6.97605037689209
1763074883386,,,,0.9769500494003296,,
1763074883409,,,,,-1.4380500316619873,10.591050148010254
1763074883410,,,,-1.7730001211166382,,
1763074883422,,42.351354247685286,55.00941685267857,,,
1763074883436,,,,,-0.04500000178813934,
1763074883437,,,,,,10.56195068359375
1763074883438,59.0,,,,,
1763074883458,,,,,-0.598050057888031,
1763074883459,,,,-0.5520000457763672,,10.588950157165527
1763074883463,,42.539920548654855,,-0.322050005197525,-0.32505002617836,10.143000602722168
1763074883483,74.0,,,-1.0049999952316284,-0.3150000274181366,10.16295051574707
1763074883501,,42.152900640245875,,,,
1763074883507,,,,-1.0170000791549683,0.45705002546310425,10.131000518798828
1763074883533,,,,,0.4710000157356262,8.836050033569336
1763074883534,,,,0.8260500431060791,,
1763074883543,,43.16127788924433,,,,
1763074883559,,,162.2058686755952,,,
1763074883566,,,,0.8329500555992126,-0.16005000472068787,8.447999954223633
1763074883567,74.0,,,,,
1763074883580,,,,,-1.0290000438690186,7.3560004234313965
1763074883581,,39.23737692413676,162.2058686755952,4.768950462341309,,
1763074883599,,,,,-1.4020500183105469,7.3470001220703125
1763074883600,,,,5.229000091552734,,
1763074883619,,,,,0.7800000309944153,
1763074883620,,39.80535092909908,162.2058686755952,,,
1763074883648,,,,,2.31000018119812,7.342050552368164
1763074883649,,,,3.1960501670837402,,
1763074883661,,42.85484974147429,,,,
1763074883672,,,,4.084949970245361,-0.33195000886917114,7.354050159454346
1763074883673,74.0,,,,,
1763074883678,,,,5.172000408172607,-1.8840000629425049,9.870000839233398
1763074883699,75.0,,,3.0169501304626465,-3.3130502700805664,11.443950653076172
1763074883703,,39.61479774182169,,,,
1763074883710,,,75.95493861607143,,,
1763074883717,,,,-0.2070000171661377,-4.153050422668457,12.607050895690918
1763074883742,,39.034131871242536,75.95493861607143,-1.2420001029968262,-1.194000005722046,12.619050979614258
1763074883770,,,,-0.531000018119812,2.740950107574463,12.586050987243652
1763074883782,,40.899459825012556,75.95493861607143,,,
1763074883795,,,,,5.362950325012207,12.598051071166992
1763074883796,,,,0.021000001579523087,,
1763074883798,75.0,,,,,
1763074883824,,39.904514924413036,75.95493861607143,,,
1763074883827,,,,-2.677950143814087,5.290950298309326,11.443950653076172
1763074883853,,,,-4.266000270843506,4.414950370788574,11.199000358581543
1763074883859,,,,-3.576000213623047,4.43595027923584,6.775050163269043
1763074883863,,37.234499009879485,,,,
1763074883878,,,,-2.2829999923706055,4.4239501953125,5.697000503540039
1763074883903,,36.19314734633641,,,,
1763074883905,,,,,3.3229501247406006,3.2479500770568848
1763074883906,75.0,,,-2.9659502506256104,,
1763074883912,,,,-4.279950141906738,1.4479501247406006,3.2260501384735107
1763074883915,,,140.29530116489957,,,
1763074883916,68.0,,,,,
1763074883917,,,140.29530116489957,,,
1763074883933,,,,,-0.39705002307891846,
1763074883934,,,,-5.142000198364258,,3.2530500888824463
1763074883941,,36.548795767175974,140.29530116489957,,,
1763074883958,,,,-3.238950252532959,-0.40905001759529114,3.265050172805786
1763074883981,,36.07318407050907,,,,
1763074883982,,,140.29530116489957,,,
1763074883985,,,,,0.06195000186562538,3.2479500770568848
1763074883986,,,,-3.238950252532959,,
1763074883990,,,,-4.654050350189209,1.0600500106811523,5.697000503540039
1763074883993,,,147.150390625,,,
1763074884011,,,,,1.0750499963760376,6.616950511932373
1763074884012,,,,-3.1879501342773438,,
1763074884013,68.0,,,,,
1763074884025,,72.02980228140115,147.150390625,,,
1763074884037,,,,,1.4700000286102295,11.250000953674316
1763074884038,,,,-3.207000255584717,,
1763074884062,,61.315126423277434,147.150390625,-3.205050230026245,1.921950101852417,12.319951057434082
1763074884089,,,,-0.8899500370025635,3.9979500770568848,13.267951011657715
1763074884104,,48.39042146089665,,,,
1763074884105,,,147.150390625,,,
1763074884117,,,,-0.6100500226020813,2.611950159072876,13.255950927734375
1763074884126,68.0,,,,,
1763074884143,,45.45333902898469,,,2.245950222015381,
1763074884144,56.0,,,1.1710500717163086,,13.26300048828125
1763074884146,,,,,1.6780500411987305,13.255950927734375
1763074884147,,,,2.491950035095215,,
1763074884172,,,,,0.7369500398635864,
1763074884173,,,,1.8600001335144043,,13.26300048828125
1763074884184,,50.017207749243894,,,,
1763074884191,,,83.28517368861607,,,
1763074884201,,,,,-0.15300001204013824,
1763074884202,,,,1.5589500665664673,,12.873000144958496
1763074884206,,,,2.6430001258850098,-0.6550500392913818,8.800050735473633
1763074884222,,43.824459519543886,83.28517368861607,,,
1763074884227,,,,,-1.7400001287460327,5.854950428009033
1763074884228,,,,3.547950267791748,,
1763074884254,,,,,-2.7019500732421875,
1763074884255,56.0,,,3.559950113296509,,5.866950511932373
1763074884262,,39.80072739934957,83.28517368861607,,,
1763074884277,,,,,-2.722050189971924,4.1170501708984375
1763074884278,,,,4.24500036239624,,
1763074884283,,,,6.133950233459473,-2.7019500732421875,4.129050254821777
1763074884303,,40.97407659697189,,,,
1763074884305,,,,,-1.8330000638961792,3.384000062942505
1763074884306,,,,7.44795036315918,,
1763074884333,,,,,-2.428950071334839,3.38700008392334
1763074884334,,,,6.514950275421143,,
1763074884344,,46.89982095735671,,,,
1763074884358,63.0,,,5.221950054168701,-3.865950107574463,3.38700008392334
1763074884361,,,,7.297950267791748,-0.3679500222206116,3.384000062942505
1763074884362,63.0,,,,,
1763074884383,,41.883441777020884,,,,
1763074884387,,,,,4.350000381469727,3.9300003051757812
1763074884388,,,,7.294950485229492,,
1763074884389,,,174.453125,,,
1763074884413,,,,4.906050205230713,3.337050199508667,6.150000095367432
1763074884424,,40.85556824103894,174.453125,,,
1763074884441,,,,5.179050445556641,4.981950283050537,6.13800048828125
1763074884461,,38.06918941177762,174.453125,,,
1763074884471,,,111.64762369791666,,,
1763074884472,63.0,,,-0.15000000596046448,5.9730000495910645,16.420949935913086
1763074884502,,,,-2.1469500064849854,5.176050186157227,16.428001403808594
1763074884505,,39.26575893407568,,,,
1763074884506,,,111.64762369791666,,,
1763074884529,,,,-3.6409502029418945,2.245950222015381,16.438051223754883
1763074884540,,,,,0.21300001442432404,
1763074884541,,,,-4.34505033493042,,16.435951232910156
1763074884544,,39.81235888487247,111.64762369791666,,,
1763074884555,,,116.61754789806548,,,
1763074884569,,,,,0.9019500613212585,
1763074884570,71.0,,,-4.869000434875488,,8.218050003051758
1763074884584,,34.777345947395055,116.61754789806548,,,
1763074884598,,,,,2.0370001792907715,8.206049919128418
1763074884599,71.0,,,-6.757950305938721,,
1763074884615,,,,,3.0139501094818115,4.965000152587891
1763074884616,,,,-7.024050235748291,,
1763074884624,,36.5861197654035,116.61754789806548,,,
1763074884634,,,,,3.510000228881836,
1763074884635,,,,-4.611000061035156,,4.648950099945068
1763074884660,,,,,2.533050060272217,4.644000053405762
1763074884661,,37.187845604537145,116.61754789806548,-4.07895040512085,,
1763074884674,,,139.73702566964286,,,
1763074884693,,,,,1.009950041770935,4.633950233459473
1763074884694,,,,-4.093050003051758,,
1763074884701,71.0,,,,,
1763074884703,,,,,-0.15300001204013824,4.965000152587891
1763074884704,,,,-0.9540000557899475,,
1763074884705,,37.89758690130358,139.73702566964286,,,
1763074884722,,,,0.08595000207424164,0.7440000176429749,7.594050407409668
1763074884732,,,,,3.2149500846862793,
1763074884734,,,,1.981950044631958,,8.383950233459473
1763074884743,,61.4475906700375,139.73702566964286,,,
1763074884754,,,,3.748950242996216,4.587000370025635,9.648000717163086
1763074884756,,,145.981201171875,,,
1763074884781,,74.82074750971674,145.981201171875,,,
1763074884783,,,,3.727950096130371,1.3050000667572021,13.957950592041016
1763074884786,78.0,,,,,
1763074884812,,,,,-1.0429500341415405,
1763074884813,,,,1.810050129890442,-0.583050012588501,14.389050483703613
1763074884817,78.0,,,,,
1763074884825,,58.45940376434388,145.981201171875,,,
1763074884842,,,,1.8270001411437988,-0.6000000238418579,17.191951751708984
1763074884862,,46.215929174425945,,,,
1763074884874,,,,0.89805006980896,-0.23205001652240753,17.182950973510742
1763074884901,,42.34593962755617,,,,
1763074884905,,,,,0.6799500584602356,17.15595054626465
1763074884906,,,,2.743950128555298,,
1763074884913,,,79.29664248511905,,,
1763074884935,,,,,0.9670500755310059,
1763074884936,,,,,-0.6270000338554382,13.957950592041016
1763074884938,,,,5.278950214385986,,
1763074884939,78.0,,,,,
1763074884944,,41.258111941213585,,,,
1763074884945,,,79.29664248511905,,,
1763074884947,,,,4.597050189971924,-2.2069501876831055,6.127950191497803
1763074884966,,,,,-3.1840500831604004,4.3470001220703125
1763074884967,,,,3.7710001468658447,,
1763074884982,,41.43266930152735,79.29664248511905,,,
1763074884993,,,,,-3.643050193786621,
1763074884994,,,,4.2019500732421875,,4.3660502433776855
1763074885022,79.0,,,,-3.6600000858306885,4.359000205993652
1763074885023,,,,5.689050197601318,,
1763074885024,,44.46983775646336,79.29664248511905,,,
1763074885050,,,,,-3.14805006980896,4.348950386047363
1763074885051,,,,7.470000267028809,,
1763074885062,79.0,,,,,
1763074885063,,38.65272619900977,,,,
1763074885064,,,,3.369000196456909,-7.831050395965576,4.363950252532959
1763074885095,,,,1.3429501056671143,-3.1410000324249268,5.344950199127197
1763074885100,,41.84978487271681,,,,
1763074885105,,,193.798828125,,,
1763074885129,,,,4.978050231933594,3.724950075149536,7.255950450897217
1763074885140,,65.04347537896177,,,,
1763074885141,,,193.798828125,,,
1763074885165,,,,-1.9170000553131104,3.2370002269744873,7.242000579833984
1763074885171,79.0,,,,,
1763074885182,,54.49211852590969,193.798828125,,,
1763074885189,,,265.5914742606027,,,
1763074885200,,,,-4.201050281524658,1.1389501094818115,10.747050285339355
1763074885202,,,,-4.90500020980835,0.7660500407218933,10.737000465393066
1763074885218,90.0,,,,,
1763074885221,,46.951266131476714,265.5914742606027,,,
1763074885228,,,,-2.7499501705169678,0.7780500650405884,10.725000381469727
1763074885257,,,,,-0.33900001645088196,11.443950653076172
1763074885258,,,,-1.0549499988555908,,
1763074885259,,,,,-0.34905001521110535,11.44800090789795
1763074885260,,,,-2.341050148010254,,
1763074885262,,41.77455565817617,,,,
1763074885263,,,265.5914742606027,,,
1763074885289,,,,-3.907050132751465,-0.361050009727478,11.460000991821289
1763074885302,,41.57651302044971,265.5914742606027,,,
1763074885320,,,,,0.5650500059127808,
1763074885321,90.0,,,-5.500950336456299,1.9369500875473022,10.747050285339355
1763074885342,,38.120860612511166,,,,
1763074885349,,,,,1.9489500522613525,10.383000373840332
1763074885350,,,,-5.098950386047363,,
1763074885377,,,,-4.552950382232666,1.9560000896453857,10.39995002746582
1763074885385,,39.68166772618213,,,,
1763074885392,,,302.01171875,,,
1763074885393,,,302.01171875,,,
1763074885406,,,,,1.3960500955581665,7.464000225067139
1763074885407,,,,-3.5470502376556396,,
1763074885415,,,,,1.3980001211166382,
1763074885416,,,,-2.190000057220459,,7.444950580596924
1763074885424,,37.756215505377895,302.01171875,,,
1763074885437,,,,,1.3999500274658203,
1763074885438,85.0,,,0.20100000500679016,,8.368950843811035
1763074885462,,38.402329820909344,302.01171875,,,
1763074885466,,,,-1.0330500602722168,4.507950305938721,8.353050231933594
1763074885494,,,,,5.622000217437744,8.36400032043457
1763074885495,,,,-0.14295001327991486,,
1763074885504,,70.77801581541317,,,,
1763074885522,,,,,5.362950325012207,8.359950065612793
1763074885523,,,,3.642000198364258,,
1763074885543,,57.79251016058413,,,,
1763074885554,,,,,3.5239500999450684,11.53695011138916
1763074885555,,,,2.0329501628875732,,
1763074885582,,56.65343857693615,,,2.782050132751465,
1763074885583,85.0,,,3.0739500522613525,,13.360950469970703
1763074885592,,,271.03998480902777,,,
1763074885595,,,,2.6359500885009766,3.2730002403259277,13.372950553894043
1763074885623,,54.71704937727149,271.03998480902777,,,
1763074885626,,,,2.959050178527832,3.2890501022338867,13.357050895690918
1763074885660,,,,,3.0210001468658447,13.360950469970703
1763074885661,52.0,,,2.9449501037597656,,
1763074885665,,45.97934597882633,,,,
1763074885666,,,271.03998480902777,,,
1763074885669,,,,,0.1270500123500824,
1763074885670,,,,1.321950078010559,,9.403950691223145
1763074885684,,,302.24609375,,,
1763074885694,,,,,-1.90500009059906,5.281050205230713
1763074885695,52.0,,,5.386950492858887,,
1763074885714,,42.74462753568162,302.24609375,,,
1763074885726,,,,,-0.7770000100135803,5.283000469207764
1763074885727,,,,12.10995101928711,,
1763074885729,,,,8.914050102233887,-0.31095001101493835,5.295000076293945
1763074885743,,45.352231544722,302.24609375,,,
1763074885757,,,,,-5.058000087738037,5.3020501136779785
1763074885758,,,,1.738050103187561,,
1763074885781,,52.60857344750366,,,,
1763074885783,,,,-0.8749500513076782,-6.28695011138916,5.284950256347656
1763074885787,,,,-0.48795002698898315,-2.7960002422332764,5.290050029754639
1763074885813,,,,,3.0139501094818115,5.272950172424316
1763074885814,,,,5.551950454711914,,
1763074885816,52.0,,,,,
1763074885824,,43.9768235919543,,,,
1763074885842,,,,,9.709050178527832,5.259000301361084
1763074885843,,,,8.647950172424316,,
1763074885845,,,,8.095050811767578,12.280050277709961,6.11400032043457
1763074885864,,54.51636505966366,,,,
1763074885869,,,221.5673828125,,,
1763074885870,,,221.5673828125,,,
1763074885873,,,,,7.798050403594971,7.0909504890441895
1763074885874,90.0,,,7.65000057220459,,
1763074885903,,49.743783986433385,,,1.519950032234192,
1763074885904,,,221.5673828125,,,
1763074885905,,,,,-0.1879500150680542,8.484000205993652
1763074885906,,,,6.048000335693359,,
1763074885935,,,,2.1259500980377197,1.276050090789795,9.820050239562988
1763074885938,90.0,,,,,
1763074885943,,,,2.593050241470337,4.839000225067139,8.994000434875488
1763074885944,,51.96331231189585,221.5673828125,,,
1763074885965,,,,,5.54295015335083,8.973000526428223
1763074885966,,,,0.5029500126838684,,
1763074885984,,62.55891748244299,,,,
1763074885994,,,,-1.2559500932693481,5.545050144195557,7.0909504890441895
1763074886001,,,,-1.2709500789642334,5.559000492095947,7.0759501457214355
1763074886019,,69.32313094344325,,,,
1763074886021,,,,,5.550000190734863,
1763074886022,,,806.7919921875,,,
1763074886035,,,,,,7.086000442504883
1763074886036,,,,0.07200000435113907,,
1763074886038,90.0,,,,,
1763074886040,,,,0.7110000252723694,5.550000190734863,7.086000442504883
1763074886059,,69.01771373454287,806.7919921875,,,
1763074886060,,,,-1.0549499988555908,3.724950075149536,5.589000225067139
1763074886079,,,,-2.8650002479553223,1.5700501203536987,5.589000225067139
1763074886085,87.0,,,,,
1763074886099,,71.80858122098542,806.7919921875,,,
1763074886101,,,,,0.8160000443458557,5.578050136566162
1763074886102,,,,-2.3839499950408936,,
1763074886127,,,,-0.22200001776218414,1.6060501337051392,5.578050136566162
1763074886139,,67.86509035795062,806.7919921875,,,
1763074886152,,,,1.0630500316619873,2.382000207901001,5.568000316619873
1763074886175,,,,0.05700000375509262,5.599950313568115,5.5819501876831055
1763074886176,87.0,,,,,
1763074886178,,,,-1.8310500383377075,5.599950313568115,6.243000507354736
1763074886179,,61.58914368030829,,,,
1763074886199,,,,,7.4239501953125,8.319000244140625
1763074886200,,,,-0.5879999995231628,,
1763074886219,,74.25116652856347,,,,
1763074886223,,,783.1494140625,3.6130502223968506,4.981950283050537,8.57805061340332
1763074886235,,,,,4.228050231933594,11.629950523376465
1763074886236,,,,3.6130502223968506,,
1763074886264,,57.695190731889376,783.1494140625,,,
1763074886270,,,,,4.24500036239624,12.4350004196167
1763074886271,,,,2.8950002193450928,,
1763074886293,,,,,3.589050054550171,
1763074886294,,,,1.1130000352859497,,12.427950859069824
1763074886295,87.0,,,,2.5189502239227295,
1763074886299,,60.3580537857685,783.1494140625,,,
1763074886303,78.0,,,,,
1763074886319,,,,,1.1830500364303589,
1763074886320,,,,-0.1360500007867813,,12.415950775146484
1763074886339,,56.962822047647876,,,,
1763074886342,,,,1.968000054359436,0.6370500326156616,12.4350004196167
1763074886352,,,,,0.6559500098228455,9.741000175476074
1763074886353,,,,4.294950008392334,,
1763074886379,,49.44034404039155,,,,
1763074886388,,,,,-0.43995001912117004,8.319000244140625
1763074886389,,,,3.850050210952759,,
1763074886391,,,,,-1.3020000457763672,
1763074886392,,,,2.8369500637054443,,4.095000267028809
1763074886412,78.0,,,3.61995005607605,-1.812000036239624,3.3130502700805664
1763074886423,,50.47980352151441,,,,
1763074886431,,,738.6767578125,,,
1763074886435,,,,5.322000026702881,-1.5319501161575317,2.9170501232147217
1763074886456,,,,,-1.5319501161575317,2.515050172805786
1763074886457,,,,7.957950592041016,,
1763074886463,,50.99924855152676,738.6767578125,,,
1763074886469,,,,,-1.065000057220459,
1763074886470,,,,10.314000129699707,,2.518050193786621
1763074886499,,55.597210112522546,738.6767578125,,,
1763074886502,,,,,-2.401050090789795,
1763074886503,,,,9.654000282287598,,2.53695011138916
1763074886525,91.0,,,8.977950096130371,-2.8530001640319824,2.533950090408325
1763074886528,,,,6.2989501953125,-0.8059500455856323,2.5219500064849854
1763074886539,,52.07147873207654,,,,
1763074886549,,,,4.446000099182129,1.1320500373840332,2.4979500770568848
1763074886575,,,,,4.156050205230713,4.038000106811523
1763074886576,,,,3.6559500694274902,,
1763074886579,,66.58385313823263,,,,
1763074886584,,,74.58099365234375,,,
1763074886587,,,,5.860950469970703,5.254950046539307,6.163950443267822
1763074886619,,66.91302580824123,74.58099365234375,,,
1763074886627,,,,4.5610504150390625,3.8620502948760986,8.254050254821777
1763074886629,91.0,,,,,
1763074886651,,,,0.8190000653266907,4.278000354766846,14.733000755310059
1763074886659,,54.73038195717463,74.58099365234375,,,
1763074886677,,,,1.2420001029968262,5.284050464630127,14.731050491333008
1763074886684,,,,,6.109950065612793,14.719050407409668
1763074886685,,,,3.031050205230713,,
1763074886699,,53.837570597761996,74.58099365234375,,,
1763074886705,,,44.9212646484375,,,
1763074886706,,,44.9212646484375,,,
1763074886726,,,,1.1130000352859497,4.408050060272217,14.721000671386719
1763074886730,91.0,,,,,
1763074886736,69.0,,,,,
1763074886739,,48.58710651161721,44.9212646484375,,,
1763074886751,,,,-4.222949981689453,2.6020500659942627,14.731050491333008
1763074886773,,,,,3.6889500617980957,7.335000514984131
1763074886774,,,,-5.464950084686279,,
1763074886779,,52.76592495167027,44.9212646484375,,,
1763074886782,,,,-6.169050216674805,3.7039501667022705,4.965000152587891
1763074886801,,,,,4.558050155639648,
1763074886802,,,,,,3.2119500637054443
1763074886803,,,,-6.600000381469727,,
1763074886819,,58.365219731007045,,,,
1763074886822,,,,,4.0410003662109375,3.207000255584717
1763074886823,,,,-6.604950428009033,,
1763074886844,,,,-4.933950424194336,2.4469501972198486,3.198000192642212
1763074886847,69.0,,,,,
1763074886859,,55.717643840121404,,,,
1763074886864,,,266.3525390625,,,
1763074886871,,,,-2.26200008392334,1.2829500436782837,3.2119500637054443
1763074886894,,,,-0.22200001776218414,1.7500500679016113,3.1999502182006836
1763074886899,,66.47468946772017,266.3525390625,-0.9040500521659851,4.788000106811523,4.965000152587891
1763074886920,,,,-0.9139500260353088,7.159050464630127,5.647050380706787
1763074886939,,77.91596506272894,266.3525390625,,,
1763074886941,,,,2.622000217437744,6.202950477600098,13.843050956726074
1763074886947,69.0,,,,,
1763074886954,61.0,,,,,
1763074886965,,,,1.8240001201629639,3.948000192642212,16.255950927734375
1763074886979,,65.90724032883156,266.3525390625,,,
1763074886996,,,,,2.3749501705169678,16.651050567626953
1763074886997,,,,1.810050129890442,2.1090002059936523,16.63905143737793
1763074887020,,,,,2.3680500984191895,16.644001007080078
1763074887021,,,,3.3109500408172607,,
1763074887025,,53.783364520018644,,,,
1763074887036,,,,4.482000350952148,2.389050006866455,16.645950317382812
1763074887046,61.0,,,,,
1763074887060,,51.55530336006699,,,,
1763074887066,,,42.95479910714286,,,
1763074887070,,,,,1.771950125694275,16.642051696777344
1763074887074,,,,5.215050220489502,,
1763074887075,,,,6.235050201416016,0.6649500131607056,16.255950927734375
1763074887097,,,,6.571950435638428,-0.7060500383377075,14.230051040649414
1763074887099,,61.18637098954621,42.95479910714286,,,
1763074887117,,,,5.646000385284424,-2.379000186920166,6.508950233459473
1763074887139,,63.307175030997904,42.95479910714286,,,
1763074887141,,,,5.647950172424316,-3.076050043106079,1.8979500532150269
1763074887146,61.0,,,,,
1763074887153,,,,7.585050582885742,-2.25,1.467000126838684
1763074887179,,63.06632322469959,,,,
1763074887189,60.0,,,8.740950584411621,-0.7990500330924988,0.8989500403404236
1763074887211,,,,,-0.016050001606345177,
1763074887212,,,,9.022050857543945,,-0.004950000438839197
1763074887219,,64.16388530928026,,,,
1763074887234,,,,,-0.6270000338554382,0.013050000183284283
1763074887235,,,,6.996000289916992,,
1763074887256,,,,,-0.1879500150680542,
1763074887257,60.0,,,6.457050323486328,,0.006000000052154064
1763074887259,,65.88037454658875,,,,
1763074887262,,,75.53548177083334,,,
1763074887270,,,,,2.8060500621795654,0.6409500241279602
1763074887271,,,,7.972950458526611,,
1763074887299,,66.57466721258825,75.53548177083334,,,
1763074887303,,,,9.460050582885742,9.091050148010254,0.8989500403404236
1763074887329,,,,,11.1739501953125,1.467000126838684
1763074887330,,,,10.314000129699707,,
1763074887339,,72.52908867617987,75.53548177083334,,,
1763074887356,,,,,3.057000160217285,8.146950721740723
1763074887357,,,,6.342000484466553,,
1763074887361,60.0,,,,,
1763074887368,,,,,0.14805001020431519,15.624000549316406
1763074887369,,,,-0.6960000395774841,,
1763074887379,,65.40149315844486,,,,
1763074887407,45.0,,,-1.443000078201294,3.2370002269744873,16.033050537109375
1763074887419,,65.9504024427526,,,,
1763074887425,,,114.62361653645834,,,
1763074887432,,,,-0.15000000596046448,7.897950172424316,16.0260009765625
1763074887458,,,,-1.6219500303268433,6.181950092315674,16.018951416015625
1763074887459,,64.13139409801833,,,,
1763074887460,,,114.62361653645834,,,
1763074887483,,,,-2.5129501819610596,4.479000091552734,16.02105140686035
1763074887484,45.0,,,,,
1763074887485,,,,-4.804050445556641,1.9870500564575195,15.624000549316406
1763074887499,,56.03646572436859,114.62361653645834,,,
1763074887508,,,,-6.5209503173828125,0.7080000042915344,5.697000503540039
1763074887533,,,,,1.3050000667572021,3.873000144958496
1763074887534,,,,-6.543000221252441,,
1763074887539,,48.577674005842645,114.62361653645834,,,
1763074887558,,,,-5.853000164031982,2.101950168609619,2.8380000591278076
1763074887563,,,,-4.819050312042236,1.0960500240325928,2.8339500427246094
1763074887580,,45.56618252032049,,,,
1763074887582,,,,,-0.2530499994754791,
1763074887583,,,,-3.1810500621795654,,2.8429501056671143
1763074887585,45.0,,,,,
1763074887605,,,,,0.10500000417232513,2.8189501762390137
1763074887606,54.0,,,-0.37995001673698425,,
1763074887619,,61.263508608607545,,,,
1763074887624,,,109.71343994140625,,,
1763074887629,,,,2.514000177383423,4.206000328063965,2.836050033569336
1763074887652,,,,-1.5150001049041748,6.936000347137451,3.873000144958496
1763074887663,,61.31583875845195,109.71343994140625,,,
1763074887676,,,,,9.406949996948242,5.266050338745117
1763074887677,,,,0.32295000553131104,,
1763074887680,,,,7.858050346374512,7.80495023727417,11.098950386047363
1763074887699,,69.79096873667592,109.71343994140625,,,
1763074887700,,,,11.521050453186035,7.80495023727417,12.909000396728516
1763074887702,54.0,,,,,
1763074887723,,,,,3.9619503021240234,
1763074887724,,,,9.244050025939941,,14.116050720214844
1763074887739,,50.83385576399108,,,,
1763074887747,,,,5.509050369262695,1.5130500793457031,14.10105037689209
1763074887773,,,,3.5050501823425293,1.0030500888824463,14.107950210571289
1763074887779,,48.49867546186448,,,,
1763074887785,,,154.091796875,,,
1763074887800,,,,,2.31000018119812,
1763074887801,,,,3.4840502738952637,,14.094000816345215
1763074887804,54.0,,,,,
1763074887819,,53.16824670393775,154.091796875,,,
1763074887826,50.0,,,4.567950248718262,1.6210501194000244,14.11305046081543
1763074887837,,,,6.910050392150879,1.6300500631332397,12.909000396728516
1763074887860,,,,,0.49995002150535583,10.819050788879395
1763074887861,,,,6.357000350952148,,
1763074887862,,54.71761514196051,154.091796875,,,
1763074887889,,,,5.623950481414795,-0.5190000534057617,3.5500502586364746
1763074887901,,56.1370335467582,,,,
1763074887902,,,154.091796875,,,
1763074887906,,,153.935546875,,,
1763074887916,,,,5.614050388336182,0.47895002365112305,0.5260500311851501
1763074887941,,45.78049843223898,153.935546875,,,
1763074887944,50.0,,,6.346950531005859,1.276050090789795,-0.5290500521659851
1763074887954,,,,7.627950191497803,1.2930001020431519,-0.5389500260353088
1763074887973,,,,,2.2380001544952393,-0.5509500503540039
1763074887974,,,,10.767000198364258,,
1763074887981,,43.07640834388674,153.935546875,,,
1763074888001,,,,11.485050201416016,3.2440502643585205,-0.5509500503540039
1763074888021,,42.854695743245315,,,,
1763074888029,,,,7.326000213623047,2.977950096130371,-0.547950029373169
1763074888032,,,,10.744950294494629,6.448050498962402,-0.5460000038146973
1763074888040,31.0,,,,,
1763074888055,,,,,12.688950538635254,
1763074888056,,,,20.320051193237305,,-0.5389500260353088
1763074888057,31.0,,,,,
1763074888063,,69.30327318046199,,,,
1763074888067,,,362.08780924479163,,,
1763074888083,,,,,7.8409504890441895,0.44700002670288086
1763074888084,,,,19.509000778198242,,
1763074888102,,57.49551486607682,362.08780924479163,,,
1763074888116,,,,,1.7569501399993896,9.195000648498535
1763074888117,,,,7.2109503746032715,,
1763074888141,,53.236703639460444,362.08780924479163,,,
1763074888142,,,,-3.037050247192383,5.887050151824951,12.255000114440918
1763074888149,,,,,7.9200005531311035,
1763074888150,,,,-2.269050121307373,,12.258000373840332
1763074888172,,,,,7.057950496673584,12.258000373840332
1763074888173,31.0,,,-2.2740001678466797,,
1763074888181,,48.45465181569657,362.08780924479163,,,
1763074888188,,,233.7518310546875,,,
1763074888199,,,,-3.756000280380249,5.758050441741943,12.241050720214844
1763074888221,,48.57669295542684,233.7518310546875,,,
1763074888228,,,,,3.9840002059936523,12.243000984191895
1763074888229,,,,-5.530050277709961,,8.592000007629395
1763074888258,,,,-4.819050312042236,4.522950172424316,7.255950450897217
1763074888259,42.0,,,,,
1763074888262,,49.77884180073242,233.7518310546875,,,
1763074888269,,,157.6708984375,,,
1763074888270,,,157.6708984375,,,
1763074888290,,,,-3.864000082015991,5.622000217437744,4.965000152587891
1763074888294,42.0,,,,,
1763074888303,,66.69718461470293,,,,
1763074888304,,,157.6708984375,,,
1763074888323,,,,-4.2900004386901855,4.077000141143799,4.948050022125244
1763074888325,,,,,2.7049500942230225,4.954950332641602
1763074888326,,,,-2.470050096511841,,
1763074888343,,51.86965618241234,157.6708984375,,,
1763074888354,,,,,2.7150001525878906,4.945050239562988
1763074888355,,,,2.2270500659942627,,
1763074888363,,,,,3.747000217437744,
1763074888364,,,,1.659000039100647,,7.255950450897217
1763074888382,,46.24318872034703,,,,
1763074888385,,,,,5.8660502433776855,
1763074888386,,,,-1.2630000114440918,,7.636950492858887
1763074888414,,,,,10.168050765991211,8.592000007629395
1763074888415,42.0,,,-0.4440000355243683,,
1763074888424,,68.88351077319552,,,,
1763074888444,,,,,7.999050617218018,12.600000381469727
1763074888445,,,,2.182950019836426,,
1763074888462,,54.868860728532255,,,,
1763074888470,,,154.730224609375,,,
1763074888477,39.0,,,2.593050241470337,3.559950113296509,14.568000793457031
1763074888502,,49.09983413240961,154.730224609375,,,
1763074888508,,,,1.981950044631958,2.748000144958496,14.563050270080566
1763074888509,,,,0.9409500360488892,,
1763074888540,,,,,2.521050214767456,14.551051139831543
1763074888543,,47.25439785258372,154.730224609375,,,
1763074888545,39.0,,,,,
1763074888549,,,201.3623046875,,,
1763074888571,,,,,1.4050500392913818,
1763074888572,,,,2.650050163269043,,13.00200080871582
1763074888579,,,,3.706050157546997,-0.7990500330924988,12.600000381469727
1763074888583,,46.83835598111328,201.3623046875,,,
1763074888602,,,,,-2.508000135421753,6.135000228881836
1763074888603,,,,2.470950126647949,,
1763074888625,,46.809280880040944,,,,
1763074888626,,,201.3623046875,,,
1763074888638,,,,,-2.070000171661377,5.755050182342529
1763074888639,,,,3.9790501594543457,,
1763074888663,,45.884424176347515,,,,
1763074888671,39.0,,,5.659950256347656,1.1040000915527344,2.7589502334594727
1763074888703,,47.78807272177616,,,2.668950080871582,
1763074888704,,,,8.44694995880127,,1.0279500484466553
1763074888705,45.0,,,,,
1763074888735,,,,,2.1090002059936523,1.015950083732605
1763074888736,,,,9.661050796508789,,
1763074888745,,44.36347716548578,,,,
1763074888755,,,170.06754557291669,,,
1763074888768,,,,,8.350950241088867,2.7589502334594727
1763074888769,,,,9.502950668334961,,
1763074888784,,45.825370369759106,170.06754557291669,,,
1763074888801,,,,10.50105094909668,11.044950485229492,5.640000343322754
1763074888802,,,,9.093000411987305,,
1763074888806,45.0,,,,,
1763074888823,,43.40407936740994,170.06754557291669,,,
1763074888832,,,126.9876708984375,,,
1763074888833,,,,3.6850502490997314,6.2820000648498535,8.182950019836426
1763074888862,,,,,5.4559502601623535,13.813950538635254
1763074888863,,44.87542658806717,126.9876708984375,-0.08505000174045563,,
1763074888872,,,,4.366950035095215,8.005949974060059,13.795050621032715
1763074888894,,,,,7.1509504318237305,13.81095027923584
1763074888895,,,,4.72605037689209,,
1763074888904,,42.70034307632838,126.9876708984375,,,
1763074888925,53.0,,,,4.120050430297852,13.801950454711914
1763074888926,,,,1.450950026512146,,
1763074888942,,44.14167739857766,,,,
1763074888957,,,,,2.0440499782562256,13.795050621032715
1763074888958,53.0,,,-2.061000108718872,,
1763074888968,,,,,0.9310500621795654,
1763074888969,,,,-5.925000190734863,,13.807050704956055
1763074888981,,44.192544805609195,,,,
1763074889000,,,,,0.5940000414848328,6.301050186157227
1763074889001,,,,-5.92995023727417,,
1763074889020,,42.86254995833716,,,,
1763074889031,,,74.32707868303572,,,
1763074889038,,,,,0.9739500284194946,0.44700002670288086
1763074889039,,,,-6.78000020980835,,0.43695002794265747
1763074889047,,,,-4.611000061035156,2.9419500827789307,0.43905001878738403
1763074889060,,42.40874151432897,74.32707868303572,,,
1763074889075,,,,,2.5039501190185547,0.44700002670288086
1763074889076,53.0,,,-5.392950057983398,,
1763074889101,,43.00366007501787,74.32707868303572,,,
1763074889108,,,105.39813910590277,,,
1763074889110,,,,-4.0219502449035645,2.5159502029418945,0.4350000321865082
1763074889140,,64.05370080766448,,,,
1763074889141,,,105.39813910590277,,,
1763074889151,,,,,6.886050224304199,
1763074889152,54.0,,,-3.706050157546997,10.183050155639648,0.8779500126838684
1763074889181,,76.00891264339695,105.39813910590277,,,
1763074889188,,,,,8.926050186157227,8.463000297546387
1763074889189,,,,-0.5160000324249268,,
1763074889190,,,,-0.5230500102043152,,
1763074889220,,,,,5.887050151824951,15.502050399780273
1763074889222,,,,0.33000001311302185,,
1763074889223,54.0,45.22274582048699,,,,
1763074889224,,,,,4.788000106811523,15.492000579833984
1763074889225,,,,0.5740500092506409,,
1763074889252,,,,,3.4810502529144287,15.483000755310059
1763074889253,,,,0.0070500001311302185,,
1763074889262,,,,0.30900001525878906,2.7340500354766846,15.487051010131836
1763074889264,,48.9393762801696,,,,
1763074889285,,,,1.221000075340271,1.4050500392913818,15.499051094055176
1763074889302,,47.15116753717663,,,,
1763074889307,,,179.7509765625,,,
1763074889308,,,179.7509765625,,,
1763074889317,,,,2.952000141143799,0.11205000430345535,15.499051094055176
1763074889322,,,,4.000950336456299,-0.6700500249862671,14.338050842285156
1763074889324,54.0,,,,,
1763074889341,,45.66507858563651,179.7509765625,,,
1763074889347,49.0,,,,-1.065000057220459,9.016050338745117
1763074889348,,,,4.288050174713135,,
1763074889377,,,,6.1050004959106445,-1.0860000848770142,3.9300003051757812
1763074889382,,42.97942374775069,179.7509765625,,,
1763074889389,,,124.45504324776786,,,
1763074889407,,,,,0.6010500192642212,
1763074889408,,,,7.297950267791748,0.6100500226020813,2.6299500465393066
1763074889418,,,,5.767950057983398,0.6130500435829163,2.0119500160217285
1763074889421,,42.417240348623594,124.45504324776786,,,
1763074889439,,,,6.019050121307373,0.6169500350952148,2.0080502033233643
1763074889441,49.0,,,,,
1763074889465,,43.35300680344134,124.45504324776786,,,
1763074889470,,,,5.731950283050537,1.7280000448226929,1.998000144958496
1763074889476,,,118.9462890625,,,
1763074889479,,,,4.539000034332275,5.514000415802002,1.9960501194000244
1763074889500,,,,2.599950075149536,6.850050449371338,2.6299500465393066
1763074889502,,43.68136313842549,118.9462890625,,,
1763074889530,,,,,5.92995023727417,
1763074889531,,,,2.5980000495910645,,3.9660000801086426
1763074889535,,,,6.12000036239624,3.415950059890747,8.05305004119873
1763074889542,,41.529693124650194,118.9462890625,,,
1763074889561,,,,,4.587000370025635,12.103950500488281
1763074889562,61.0,,,7.456050395965576,,
1763074889583,,46.79209234653519,118.9462890625,,,
1763074889589,,,129.19921875,,,
1763074889595,,,,3.397050142288208,4.591950416564941,12.100050926208496
1763074889621,,52.487978911981045,129.19921875,,,
1763074889627,,,,,7.1509504318237305,12.69795036315918
1763074889628,,,,-0.3439500033855438,,
1763074889659,,,,,7.618050575256348,
1763074889660,,,,-0.6600000262260437,,12.68595027923584
1763074889664,,48.86291325613412,129.19921875,,,
1763074889666,61.0,,,,,
1763074889670,,,133.96484375,,,
1763074889671,,,133.96484375,,,
1763074889672,,,,,3.589050054550171,12.327000617980957
1763074889673,,,,-2.7930002212524414,,
1763074889693,,,,,0.6370500326156616,
1763074889694,,,,,,12.327000617980957
1763074889695,,,,-3.706050157546997,,
1763074889704,,48.74679211688621,133.96484375,,,
1763074889727,,,,-5.19195032119751,-0.89205002784729,7.621950149536133
1763074889731,,,,,-0.8970000147819519,
1763074889732,,,,-5.9320502281188965,,3.6289501190185547
1763074889745,,46.74701134170559,133.96484375,,,
1763074889750,,,129.27734375,,,
1763074889762,,,,,-0.361050009727478,3.6450002193450928
1763074889763,,,,-4.761000156402588,,
1763074889783,,48.37699961223953,129.27734375,,,
1763074889794,,,,,1.1749500036239624,3.616950273513794
1763074889795,45.0,,,-2.8939502239227295,,
1763074889796,45.0,,,,,
1763074889823,,53.908363431793155,129.27734375,,,
1763074889829,,,,,1.8649500608444214,3.621000289916992
1763074889830,,,,-5.665950298309326,,
1763074889861,,,,,3.8400001525878906,3.873000144958496
1763074889862,,,,0.20805001258850098,,
1763074889864,,46.31781706260571,129.27734375,,,
1763074889871,,,130.52734375,,,
1763074889893,,,,,1.0960500240325928,5.56095027923584
1763074889894,,,,1.0990500450134277,,
1763074889895,,,,-2.556000232696533,,
1763074889904,,41.84991239146906,130.52734375,,,
1763074889926,,,,,1.0390501022338867,11.716050148010254
1763074889927,45.0,,,-0.4300500154495239,,
1763074889945,,38.77287388574476,130.52734375,,,
1763074889958,,,,-0.04200000315904617,1.4580000638961792,13.669950485229492
1763074889981,,50.97005251912148,,,,
1763074889990,,,,,1.8790501356124878,
1763074889991,,,,-0.5520000457763672,2.748000144958496,13.656001091003418
1763074889994,68.0,,,,,
1763074890022,,,,1.7239500284194946,3.121950149536133,13.657950401306152
1763074890023,,52.00825148809006,,,,
1763074890025,,,,0.7540500164031982,0.8380500674247742,13.668000221252441
1763074890029,,,128.65234375,,,
1763074890057,,,,0.04305000230669975,-1.8619500398635864,13.687050819396973
1763074890058,68.0,,,,,
1763074890065,,45.65459440584875,128.65234375,-0.22200001776218414,-2.4370501041412354,9.41100025177002
1763074890092,,,,,-0.9070500135421753,5.416950225830078
1763074890093,,,,3.57705020904541,,
1763074890104,,47.924782872081295,,,,
1763074890105,,,128.65234375,,,
1763074890126,,,,,0.4710000157356262,3.2190001010894775
1763074890127,,,,5.136000156402588,,
1763074890145,,48.83168690773175,128.65234375,,,
1763074890149,,,133.02734375,,,
1763074890160,,,,,-0.7699500322341919,
1763074890161,,,,6.94605016708374,,2.3910000324249268
1763074890182,,53.61826789122329,133.02734375,,,
1763074890191,,,,11.635950088500977,0.5790000557899475,2.356950044631958
1763074890192,68.0,,,,,
1763074890199,,,,,1.7329500913619995,
1763074890200,,,,6.973950386047363,,2.3519999980926514
1763074890221,69.0,51.68152503024635,133.02734375,,1.7359501123428345,
1763074890222,,,,8.13794994354248,,3.2190001010894775
1763074890225,,,128.02734375,,,
1763074890253,,,,,1.9870500564575195,
1763074890254,,,,8.467950820922852,,6.013050079345703
1763074890261,,46.84947440713494,128.02734375,,2.82705020904541,15.502050399780273
1763074890262,,,,8.080950736999512,,
1763074890284,,,,,4.429050445556641,15.492000579833984
1763074890285,,,,6.874050140380859,,
1763074890301,,38.11318473155594,128.02734375,,,
1763074890304,,,124.98046875,,,
1763074890313,,,,,4.98900032043457,15.483000755310059
1763074890315,69.0,,,3.807000160217285,,
1763074890317,,,,2.004000186920166,4.579950332641602,15.48495101928711
1763074890336,,,,0.30900001525878906,4.0410003662109375,15.49695110321045
1763074890341,,38.287770260187216,124.98046875,,,
1763074890356,,,,,3.201000213623047,
1763074890357,,,,-1.6300500631332397,,15.499051094055176
1763074890378,,,,,3.582000255584717,14.022000312805176
1763074890379,,,,-1.9459501504898071,,
1763074890382,,36.16806490734312,124.98046875,,,
1763074890410,,,,-1.9669500589370728,3.8899502754211426,11.910000801086426
1763074890414,,,,-3.2310001850128174,2.5540502071380615,9.352950096130371
1763074890418,69.0,,,,,
1763074890423,,40.356613074211445,,,,
1763074890442,90.0,,,,1.5340501070022583,
1763074890443,,,,-4.740000247955322,,5.884050369262695
1763074890464,,49.51281690895006,,,,
1763074890476,,,,,1.1970000267028809,3.4990501403808594
1763074890477,,,,-5.479950428009033,,
1763074890502,,47.10989400149274,,,,
1763074890509,,,165.1708984375,,,
1763074890510,,,,-3.828000068664551,0.5070000290870667,3.484950065612793
1763074890511,,,,,0.895050048828125,
1763074890512,,,,,,3.4800002574920654
1763074890515,,,,-2.311950206756592,,
1763074890524,90.0,,,,,
1763074890531,,,,,0.45000001788139343,3.493950128555298
1763074890532,,,,-0.4440000355243683,,
1763074890540,,59.71741465619723,,,,
1763074890541,,,165.1708984375,,,
1763074890557,,,,,1.807050108909607,3.4780502319335938
1763074890558,,,,-1.672950029373169,,
1763074890581,,47.625831863444155,165.1708984375,,,
1763074890584,,,166.0302734375,,,
1763074890592,,,,,3.9190502166748047,5.791050434112549
1763074890593,,,,-5.026950359344482,,
1763074890621,,75.87344800620795,166.0302734375,,,
1763074890629,,,,,8.81100082397461,
1763074890630,,,,,5.212050437927246,13.282051086425781
1763074890631,,,,4.876950263977051,,
1763074890661,,46.434937113921045,,,,
1763074890662,,,166.0302734375,,,
1763074890666,90.0,,,3.2250001430511475,3.517050266265869,14.898000717163086
1763074890669,,,,2.061000108718872,2.7199501991271973,14.898000717163086
1763074890700,,49.90764185013222,,1.5079500675201416,2.740950107574463,14.87700080871582
1763074890734,,,,,2.7340500354766846,14.884050369262695
1763074890735,,,,0.9409500360488892,,14.1510009765625
1763074890741,,48.25901775077153,,,,
1763074890768,,,,,0.16305001080036163,13.282051086425781
1763074890769,,,,4.029000282287598,,
1763074890778,90.0,,,,,
1763074890784,,48.457329582119534,,,,
1763074890785,,,,,-0.28395000100135803,4.821000099182129
1763074890786,,,,6.1120500564575195,,
1763074890791,,,167.327880859375,,,
1763074890804,,,,,0.2770500183105469,
1763074890805,,,,6.594000339508057,,3.744000196456909
1763074890820,,45.621550792603884,167.327880859375,,,
1763074890844,,,,6.574950218200684,0.2970000207424164,3.724050283432007
1763074890860,,44.868294025279084,,,,
1763074890861,,,167.327880859375,,,
1763074890877,74.0,,,,1.0170000791549683,3.7219502925872803
1763074890878,,,,9.711000442504883,,
1763074890901,,45.74596710008193,,,,
1763074890909,,,,,1.0360500812530518,3.7270500659942627
1763074890910,,,,11.0110502243042,,
1763074890913,74.0,,,,,
1763074890941,,46.39348533981453,,,5.830050468444824,
1763074890942,,,,3.6919500827789307,,3.7219502925872803
1763074890947,,,89.20677548363095,,,
1763074890974,,,,6.084000110626221,4.1419501304626465,5.862000465393066
1763074890983,,73.65350011039699,89.20677548363095,,,
1763074891005,,,,8.590950012207031,2.8129501342773438,6.88200044631958
1763074891021,,51.795124431853445,89.20677548363095,,,
1763074891033,,,,,6.081000328063965,12.808050155639648
1763074891036,,,,1.672950029373169,,
1763074891041,,,,,7.4320502281188965,12.789000511169434
1763074891042,,,,2.1690001487731934,,
1763074891043,74.0,,,,,
1763074891058,,,,1.2930001020431519,6.433050155639648,12.805950164794922
1763074891060,,46.630543570278384,,,,
1763074891061,,,89.20677548363095,,,
1763074891082,78.0,,,-0.6670500040054321,4.672950267791748,12.793951034545898
1763074891100,,47.88635764724691,,,,
1763074891109,,,,-2.994000196456909,3.28695011138916,12.792000770568848
1763074891133,,,,,2.4750001430511475,
1763074891134,,,,-4.52400016784668,,7.450050354003906
1763074891142,,45.677285253450215,,,,
1763074891147,,,329.627685546875,,,
1763074891160,,,,,2.4750001430511475,
1763074891161,,,,-4.543950080871582,1.9150501489639282,7.431000232696533
1763074891181,,45.92233303852502,,,,
1763074891182,78.0,,329.627685546875,-3.81600022315979,1.0459500551223755,3.8560502529144287
1763074891208,,,,,-0.13095000386238098,
1763074891209,,,,,,3.8370001316070557
1763074891210,,,,-3.835050106048584,,
1763074891215,,,,,-0.6270000338554382,
1763074891216,,,,-3.793950080871582,,3.8779501914978027
1763074891223,,45.913287357581325,,,,
1763074891235,,,,-3.3390002250671387,0.07605000585317612,3.844050168991089
1763074891261,,,,-4.108050346374512,0.9019500613212585,3.8560502529144287
1763074891262,,46.123565098279855,,,,
1763074891286,78.0,,,-4.122000217437744,4.9609503746032715,3.844050168991089
1763074891300,,62.86571750919285,,,,
1763074891311,95.0,,,,7.884000301361084,7.651050567626953
1763074891312,,,,-3.504000186920166,10.599000930786133,10.179000854492188
1763074891313,,,,-1.141050100326538,,
1763074891338,,,,,9.5149507522583,10.725000381469727
1763074891339,,,,3.498000144958496,,
1763074891345,,66.12445128386283,,,,
1763074891351,,,332.52254231770837,,,
1763074891368,,,,,8.365050315856934,
1763074891369,,,,4.489050388336182,,12.628951072692871
1763074891372,,,,4.876950263977051,7.389000415802002,13.375950813293457
1763074891382,,51.74660417141027,332.52254231770837,,,
1763074891396,,,,4.065000057220459,6.211050510406494,13.942950248718262
1763074891397,95.0,,,,,
1763074891421,,,,,4.810050010681152,13.936050415039062
1763074891422,,,,3.3540000915527344,,
1763074891427,,53.38895012877312,332.52254231770837,,,
1763074891445,,,,,3.3730502128601074,13.936050415039062
1763074891446,,,,2.743950128555298,,
1763074891450,,,,2.1040501594543457,1.333050012588501,13.941000938415527
1763074891463,,50.75559447003552,,,,
1763074891474,,,,,-0.23895001411437988,
1763074891475,,,,4.23105001449585,,13.957950592041016
1763074891500,,,,4.489050388336182,-1.76895010471344,13.375950813293457
1763074891502,95.0,45.29130949537968,,,,
1763074891513,,,73.26381138392857,,,
1763074891525,,,,,-1.7809500694274902,8.556000709533691
1763074891526,57.0,,,5.077950477600098,,
1763074891527,,,,,-2.8750500679016113,
1763074891528,,,,4.669050216674805,,4.159950256347656
1763074891542,,46.0119727959104,73.26381138392857,,,
1763074891553,,,,1.4869500398635864,-2.8939502239227295,0.8059500455856323
1763074891578,,,,1.4989501237869263,-2.8939502239227295,-0.9030000567436218
1763074891582,,43.253233158651426,73.26381138392857,,,
1763074891605,,,,,-0.7920000553131104,
1763074891606,,,,6.270000457763672,4.723950386047363,-0.8860500454902649
1763074891607,,,,13.188000679016113,,
1763074891611,57.0,,,,,
1763074891625,,47.981182325939535,73.26381138392857,,,
1763074891636,,,,11.728950500488281,11.397000312805176,-0.9120000600814819
1763074891664,,50.64732076791799,,,,
1763074891665,,,,8.260050773620605,13.92495059967041,-0.9030000567436218
1763074891666,,,,13.48905086517334,,
1763074891695,,,,14.782051086425781,11.533050537109375,0.9490500688552856
1763074891702,,47.27154506832794,,,,
1763074891708,,,215.09765625,,,
1763074891721,,,,,8.494950294494629,
1763074891722,,,,11.442000389099121,,6.918000221252441
1763074891725,,,,7.255050182342529,7.575000286102295,7.1700005531311035
1763074891726,57.0,,,,,
1763074891728,48.0,,,,,
1763074891743,,43.126404357161896,215.09765625,,,
1763074891749,,,,,8.136000633239746,7.165050506591797
1763074891750,,,,2.67900013923645,,
1763074891782,,,,0.9769500494003296,8.509050369262695,7.1509504318237305
1763074891786,,43.12092090377007,215.09765625,,,
1763074891793,,,171.853515625,,,
1763074891794,,,171.853515625,,,
1763074891813,,,,,7.956000328063965,7.153050422668457
1763074891814,,,,1.659000039100647,,
1763074891821,,44.40036421706749,171.853515625,,,
1763074891840,,,,,2.9059500694274902,
1763074891841,,,,-1.636950135231018,,7.1509504318237305
1763074891843,,,,,1.3480501174926758,
1763074891844,,,,-4.575000286102295,,7.153050422668457
1763074891849,48.0,,,,,
1763074891859,,,,,1.3570500612258911,
1763074891860,,,,-6.306000232696533,,3.103950262069702
1763074891862,,44.53648025758749,,,,
1763074891863,,,171.853515625,,,
1763074891881,,,,-6.57105016708374,2.101950168609619,3.0990002155303955
1763074891901,,42.55643573120183,171.853515625,,,
1763074891906,,,171.1328125,,,
1763074891907,,,171.1328125,,,
1763074891911,,,,-4.797000408172607,3.057000160217285,3.1020002365112305
1763074891918,,,,-4.812000274658203,3.069000244140625,3.0900001525878906
1763074891940,,56.217006086455115,171.1328125,,2.7120001316070557,3.0870001316070557
1763074891941,,,,-4.330049991607666,,
1763074891945,72.0,,,,,
1763074891968,,,,-2.8150501251220703,3.2730002403259277,3.1020002365112305
1763074891970,72.0,,,,,
1763074891982,,54.238166554869316,171.1328125,,,
1763074892001,,,,-0.5160000324249268,4.285950183868408,3.0949501991271973
1763074892002,,,,-1.8600001335144043,,
1763074892025,,47.468120300443914,,,,
1763074892030,,,,,9.499950408935547,
1763074892031,,,,,,5.344950199127197
1763074892032,,,,-3.9430501461029053,,
1763074892035,,,,,13.321950912475586,
1763074892036,,,,-1.2060000896453857,,9.532950401306152
1763074892057,,,,3.109950065612793,12.08595085144043,12.097050666809082
1763074892061,,74.81502340213473,,,,
1763074892067,,,1034.8958333333335,,,
1763074892068,,,1034.8958333333335,,,
1763074892082,,,,3.8140501976013184,10.93695068359375,14.511000633239746
1763074892085,72.0,,,,,
1763074892101,,51.02586782778915,1034.8958333333335,,,
1763074892106,,,,,8.947050094604492,14.508000373840332
1763074892107,,,,4.374000072479248,,
1763074892130,,,,,7.2300004959106445,
1763074892131,,,,3.6919500827789307,,14.86305046081543
1763074892133,,,,2.155050039291382,5.550000190734863,14.857951164245605
1763074892144,,47.44199084771012,1034.8958333333335,,,
1763074892158,,,,1.3720500469207764,4.378950119018555,14.854950904846191
1763074892162,57.0,,,,,
1763074892172,,,,1.3570500612258911,2.949000120162964,14.848051071166992
1763074892181,,46.46881094777675,1034.8958333333335,,,
1763074892187,57.0,,,,,
1763074892210,,,,3.0169501304626465,1.714050054550171,14.511000633239746
1763074892212,,,,4.920000076293945,0.7519500255584717,12.097050666809082
1763074892221,,50.16078317450518,,,,
1763074892236,,,,,0.7609500288963318,
1763074892237,,,,7.894050598144531,,10.158000946044922
1763074892262,,64.89061252995414,,,1.0750499963760376,5.625000476837158
1763074892263,,,,7.887000560760498,,
1763074892269,,,,,-0.05895000323653221,
1763074892270,,,43.1494140625,6.019050121307373,,3.556950092315674
1763074892291,,,,,-0.04200000315904617,1.804050087928772
1763074892292,57.0,,,4.942050457000732,,
1763074892301,,62.93095290661129,43.1494140625,,,
1763074892314,,,,,1.009950041770935,-0.4140000343322754
1763074892315,,,,5.4370503425598145,,
1763074892340,,,,8.095050811767578,2.7559502124786377,-1.6930500268936157
1763074892342,,59.7904755301974,43.1494140625,,,
1763074892350,,,,,2.7679500579833984,
1763074892351,,,,7.555950164794922,,-1.6930500268936157
1763074892370,,,,,4.171050071716309,-1.7070001363754272
1763074892371,,,,6.342000484466553,,
1763074892380,,52.29790996027327,,,,
1763074892381,67.0,,,,,
1763074892387,,,,5.3580002784729,6.756000518798828,-1.7070001363754272
1763074892409,,,,,10.735950469970703,-1.7119500637054443
1763074892410,67.0,,,9.028950691223145,,
1763074892420,,51.8900651615626,,,,
1763074892436,,,,,11.44005012512207,-1.6980000734329224
1763074892437,,,,7.7500505447387695,,
1763074892445,,,,,10.621050834655762,4.4760003089904785
1763074892461,,,,6.630000114440918,,
1763074892462,,49.62136770030853,,,,
1763074892470,,,213.22265625,,,
1763074892492,,,,,9.780000686645508,13.54800033569336
1763074892493,,,,4.747950077056885,,
1763074892494,,,,0.5959500074386597,,
1763074892505,,49.35907762324497,213.22265625,,,
1763074892524,,,,,10.671000480651855,
1763074892525,,,,-0.7320000529289246,,13.546051025390625
1763074892528,67.0,,,,,
1763074892542,,66.5666280100031,213.22265625,,,
1763074892547,,,216.03515625,,,
1763074892553,,,,,6.139050483703613,
1763074892554,,,,,,13.528950691223145
1763074892555,,,,-0.9979500770568848,,
1763074892581,,58.96225271570971,216.03515625,,,
1763074892582,,,,-2.427000045776367,3.639000177383423,13.539000511169434
1763074892614,59.0,,,,2.2789502143859863,3.6640501022338867
1763074892615,,,,-6.801000118255615,,
1763074892626,,61.73486067956766,216.03515625,,,
1763074892634,,,212.05078125,,,
1763074892645,,,,,2.284050226211548,
1763074892646,,,,-9.358050346374512,2.281050205230713,1.495050072669983
1763074892649,59.0,,,,,
1763074892665,,53.25069648412304,,,,
1763074892666,,,212.05078125,,,
1763074892677,,,,,0.6439500451087952,1.4880000352859497
1763074892678,,,,-6.5209503173828125,,
1763074892680,,,,-4.036050319671631,0.6649500131607056,1.4899500608444214
1763074892703,,46.55816563764384,212.05078125,,,
1763074892705,,,,,2.6329500675201416,
1763074892706,,,,-1.4359500408172607,,1.4860501289367676
1763074892718,,,,,4.7310004234313965,
1763074892719,,,,-0.12105000764131546,,1.495050072669983
1763074892738,,,,,9.262950897216797,2.047950029373169
1763074892739,,,,-0.38700002431869507,,
1763074892742,,44.32086603439412,212.05078125,,,
1763074892761,,,,,12.223050117492676,5.130000114440918
1763074892763,,,,-1.1050500869750977,,
1763074892764,59.0,,,,,
1763074892781,,45.53105071401732,,,,
1763074892792,,,,,15.64905071258545,7.1700005531311035
1763074892793,,,,4.992000102996826,,
1763074892797,,,,7.872000217437744,14.053950309753418,13.620000839233398
1763074892818,65.0,,,5.337000370025635,13.46505069732666,14.653950691223145
1763074892824,,42.536537859399495,,,,
1763074892835,,,43.292410714285715,,,
1763074892847,,,,3.0019500255584717,11.00100040435791,14.632950782775879
1763074892861,,42.04871499816174,43.292410714285715,,,
1763074892876,,,,1.4440500736236572,7.819050312042236,14.653950691223145
1763074892901,,42.161490347293196,43.292410714285715,,5.349000453948975,14.635050773620605
1763074892902,65.0,,,0.3660000264644623,,
1763074892930,,,,1.3930500745773315,1.8510000705718994,14.63805103302002
1763074892934,,,,2.2480502128601074,-0.0880500078201294,14.63805103302002
1763074892944,,42.93467762148592,,,,
1763074892962,,,,2.830050230026245,-2.1640501022338867,11.40000057220459
1763074892983,,41.89053684435584,,,,
1763074892992,,,,,-3.205050230026245,
1763074892993,,,,4.410000324249268,-3.95205020904541,6.796050548553467
1763074893020,,42.81694854112084,,,,
1763074893022,,,,,-5.194950103759766,0.7480500340461731
1763074893023,,,,3.799950122833252,,
1763074893028,65.0,,,,,
1763074893029,,,51.87191917782738,,,
1763074893050,58.0,,,,-2.4079501628875732,0.44700002670288086
1763074893051,,,,4.309950351715088,3.582000255584717,0.0010500000789761543
1763074893063,,40.45591208145062,51.87191917782738,,,
1763074893078,,,,8.835000038146973,7.942050457000732,-1.714050054550171
1763074893104,,41.28174957502824,51.87191917782738,,,
1763074893110,,,,7.82205057144165,9.543000221252441,-1.714050054550171
1763074893137,,,,,17.172000885009766,
1763074893138,,,,14.071050643920898,,-1.7290500402450562
1763074893144,,41.19200434909003,,,,
1763074893166,,,,,20.84895133972168,-1.7190001010894775
1763074893167,58.0,,,20.233951568603516,,
1763074893169,,,,,18.334951400756836,0.0010500000789761543
1763074893170,,,,17.181001663208008,,
1763074893184,,39.49653248791134,,,,
1763074893189,,,132.32421875,,,
1763074893196,,,,,13.494000434875488,0.44700002670288086
1763074893197,,,,8.44005012512207,,
1763074893207,,,,,9.607950210571289,
1763074893208,,,,,,5.926950454711914
1763074893222,,38.63839064570013,132.32421875,,,
1763074893227,,,,2.593050241470337,5.313000202178955,5.920050144195557
1763074893255,,,,,1.3759500980377197,5.90595006942749
1763074893256,47.0,,,-0.15000000596046448,,
1763074893264,,38.76790791129833,132.32421875,,,
1763074893273,,,119.48801676432291,,,
1763074893285,,,,,-0.8059500455856323,
1763074893286,,,,-1.2130500078201294,-2.170950174331665,5.934000492095947
1763074893293,47.0,,,,,
1763074893303,,39.05119393104267,119.48801676432291,,,
1763074893314,,,,,-0.23895001411437988,5.941050052642822
1763074893315,,,,-7.491000175476074,,
1763074893325,,,,,1.9440001249313354,2.953050136566162
1763074893326,,,,-11.664000511169434,,
1763074893341,,38.556171433644074,119.48801676432291,,,
1763074893344,,,,-10.867050170898438,4.422000408172607,2.9509501457214355
1763074893372,,,,,7.294950485229492,2.9509501457214355
1763074893373,,,,-6.787050247192383,,
1763074893381,,39.486391989239905,119.48801676432291,,,
1763074893386,,,95.40056501116072,,,
1763074893398,,,,-4.753950119018555,9.213000297546387,2.949000120162964
1763074893400,47.0,,,,,
1763074893402,,,,,9.772950172424316,2.9389500617980957
1763074893403,,,,-2.8000500202178955,,
1763074893422,,39.49265561660981,95.40056501116072,,,
1763074893428,,,,,9.782999992370605,2.953050136566162
1763074893429,,,,-0.30105000734329224,,
1763074893457,,,,1.5730500221252441,8.695950508117676,3.7789502143859863
1763074893465,,39.06258823489406,95.40056501116072,,7.999050617218018,6.8680500984191895
1763074893466,,,,-0.17205001413822174,,
1763074893468,57.0,,,,,
1763074893479,,,115.15133812313988,,,
1763074893484,,,,,8.437050819396973,10.53795051574707
1763074893485,,,,-3.088050127029419,,
1763074893502,,72.33213444158693,,,,
1763074893503,,,115.15133812313988,,,
1763074893513,,,,,12.682050704956055,12.384000778198242
1763074893514,57.0,,,0.6319500207901001,,
1763074893521,,,,6.960000514984131,12.984000205993652,13.677000999450684
1763074893541,,64.51565699724262,115.15133812313988,,,
1763074893545,,,,5.680950164794922,12.988950729370117,14.676000595092773
1763074893573,,,,,9.730050086975098,
1763074893575,,,,5.416050434112549,,15.243000984191895
1763074893580,,,,,6.02400016784668,15.243000984191895
1763074893581,,,,4.7910003662109375,,
1763074893584,,43.48080863849792,,,,
1763074893601,,,,,3.2509500980377197,15.23805046081543
1763074893602,,,,2.385000228881836,,
1763074893621,,44.153071786827304,,,,
1763074893629,,,,,2.1379501819610596,15.226950645446777
1763074893630,57.0,,,0.6180000305175781,,
1763074893636,,,,,1.4989501237869263,14.676000595092773
1763074893637,,,,0.6180000305175781,,
1763074893658,,,,,0.700950026512146,14.266050338745117
1763074893659,,,,2.4780001640319824,,
1763074893662,,45.19149517689903,,,,
1763074893670,,,322.490234375,,,
1763074893686,63.0,,,4.309950351715088,-0.6270000338554382,12.384000778198242
1763074893701,,43.83545684531914,,,,
1763074893713,,,,,-1.5390000343322754,9.540000915527344
1763074893714,,,,5.136000156402588,,
1763074893720,,,,6.499950408935547,-1.5529500246047974,4.432950019836426
1763074893742,,43.78284428705931,322.490234375,,,
1763074893744,,,,,-0.33195000886917114,1.2799500226974487
1763074893745,63.0,,,7.765050411224365,,
1763074893773,,,,,-0.33195000886917114,
1763074893774,,,,,-0.9139500260353088,
1763074893775,,,,7.240050315856934,,0.23805001378059387
1763074893782,,41.173433450805916,,,,
1763074893802,,,,,-0.3540000021457672,0.24795001745224
1763074893803,,,,7.249950408935547,,
1763074893820,,41.0476875487986,,,,
1763074893827,,,136.98291015625,,,
1763074893832,,,,,2.1670501232147217,-0.12000000476837158
1763074893833,,,,7.219050407409668,,
1763074893863,63.0,,,11.550000190734863,5.944950103759766,-1.9969501495361328
1763074893864,,41.66935039378789,136.98291015625,,,
1763074893870,,,,,7.000950336456299,
1763074893871,,,,14.689050674438477,,-1.9990501403808594
1763074893893,,,,,9.5149507522583,-1.9990501403808594
1763074893894,,,,16.96605110168457,,
1763074893899,66.0,,,,,
1763074893902,,38.46470747292847,136.98291015625,,,
1763074893923,,,,,11.842050552368164,
1763074893924,,,,,,-1.9800001382827759
1763074893925,,,,14.242950439453125,,
1763074893930,,,,10.386000633239746,13.213950157165527,-1.9870500564575195
1763074893942,,38.215867876866525,136.98291015625,,,
1763074893953,,,,,13.92495059967041,
1763074893954,,,,7.318950176239014,,6.1710004806518555
1763074893982,,39.915813859408196,,,,
1763074893984,66.0,,,3.676950216293335,13.94205093383789,6.154950141906738
1763074893988,,,,-0.4440000355243683,12.675000190734863,6.151950359344482
1763074894015,,,,,11.554950714111328,6.1710004806518555
1763074894016,,,,-3.4680001735687256,,
1763074894024,,38.37752015041178,,,,
1763074894033,,,136.4501953125,,,
1763074894046,,,,-6.844050407409668,10.635000228881836,6.157050132751465
1763074894047,,,,,9.127050399780273,8.226000785827637
1763074894063,,39.44660961733349,,,,
1763074894064,,,136.4501953125,,,
1763074894079,,,,,7.353000164031982,
1763074894080,,,,-8.532000541687012,,8.214000701904297
1763074894086,,,,,6.448050498962402,8.209050178527832
1763074894087,,,,-6.175950527191162,,
1763074894101,,37.27155189788594,136.4501953125,,,
1763074894107,,,95.67220052083334,,,
1763074894108,,,95.67220052083334,,,
1763074894113,,,,,6.117000102996826,8.203949928283691
1763074894114,,,,-3.295950174331665,,
1763074894115,30.0,,,,,
1763074894144,,39.311035344861594,95.67220052083334,,,
1763074894145,,,,,6.13200044631958,
1763074894146,,,,-0.35100001096725464,6.900000095367432,8.214000701904297
1763074894177,,,,7.1610002517700195,8.911050796508789,8.211000442504883
1763074894185,,36.97307743537244,95.67220052083334,,,
1763074894209,,,,,11.008950233459473,
1763074894210,,,,6.357000350952148,14.053950309753418,9.41100025177002
1763074894211,,,,10.14900016784668,,
1763074894224,,70.5183616819643,,,,
1763074894225,,,95.67220052083334,,,
1763074894230,,,92.566162109375,,,
1763074894240,,,,,13.243050575256348,12.17595100402832
1763074894242,,,,14.085000991821289,,
1763074894243,,,,,13.257000923156738,12.17400074005127
1763074894244,30.0,,,11.004000663757324,,
1763074894262,,56.6403157036316,92.566162109375,,,
1763074894271,,,,,10.16100025177002,12.157050132751465
1763074894272,,,,7.7500505447387695,,
1763074894302,,46.460273515813704,,,6.627000331878662,
1763074894303,,,92.566162109375,,,12.171000480651855
1763074894304,,,,5.947050094604492,,
1763074894331,,,,0.09300000220537186,1.2690000534057617,12.166950225830078
1763074894333,45.0,,,,,
1763074894339,,,,,0.11205000430345535,10.006950378417969
1763074894340,,,,-1.0120500326156616,,
1763074894343,,45.9315631600593,,,,
1763074894362,,,,-1.0120500326156616,-1.0140000581741333,9.316950798034668
1763074894363,45.0,,,,,
1763074894380,,44.63472572628373,,,,
1763074894384,,,128.41796875,,,
1763074894391,,,,,-1.9699500799179077,8.404950141906738
1763074894392,,,,1.0990500450134277,,
1763074894400,,,,,-2.428950071334839,8.038949966430664
1763074894401,,,,3.9940502643585205,,
1763074894421,,42.2220655537507,128.41796875,,-2.8320000171661377,
1763074894422,,,,4.80495023727417,,4.491000175476074
1763074894450,,,,6.651000499725342,-2.8410000801086426,1.7610000371932983
1763074894458,,,,,-1.0930500030517578,0.037050001323223114
1763074894459,,,,9.690000534057617,,
1763074894462,,40.36409773045001,128.41796875,,,
1763074894481,,,,,-0.46095001697540283,-1.2120000123977661
1763074894482,45.0,,,8.784000396728516,,
1763074894501,,40.81692216428817,128.41796875,,,
1763074894507,,,168.74125162760419,,,
1763074894508,,,168.74125162760419,,,
1763074894510,,,,7.189950466156006,-0.4759500324726105,-2.0880000591278076
1763074894541,,,,,0.7950000166893005,-2.101950168609619
1763074894542,,,,9.157950401306152,,
1763074894545,,42.052604610854054,168.74125162760419,,,
1763074894549,42.0,,,,,
1763074894554,,,,5.005950450897217,5.521050453186035,-2.0880000591278076
1763074894575,,,,,8.940000534057617,-2.1070501804351807
1763074894576,,,,3.886050224304199,,
1763074894582,,39.683355219980875,,,,
1763074894583,,,168.74125162760419,,,
1763074894587,,,153.310546875,,,
1763074894598,,,,,12.35205078125,-2.095050096511841
1763074894599,42.0,,,12.511950492858887,,
1763074894622,,45.93621621726534,153.310546875,,,
1763074894630,,,,,15.79995059967041,-2.095050096511841
1763074894631,,,,14.875950813293457,,
1763074894634,,,,9.144000053405762,14.859001159667969,2.794950246810913
1763074894660,,,,,13.408050537109375,
1763074894661,,,,4.669050216674805,,5.281050205230713
1763074894662,,42.72778112772607,,,,
1763074894663,,,153.310546875,,,
1763074894671,,,,,12.250950813293457,7.888050556182861
1763074894672,,,100.07666015625,3.340050220489502,,
1763074894692,,,,,12.262950897216797,7.873950481414795
1763074894693,,,,4.07295036315918,,
1763074894703,,42.766290698274105,100.07666015625,,,
1763074894721,,,,,13.306950569152832,7.882950305938721
1763074894722,42.0,,,4.948950290679932,,
1763074894740,,41.18519325518071,,,,
1763074894741,,,100.07666015625,,,
1763074894749,,,,2.3269500732421875,11.920950889587402,7.881000518798828
1763074894750,,,,,10.147050857543945,7.882950305938721
1763074894779,18.0,,,1.5420000553131104,7.956000328063965,7.870950222015381
1763074894783,,38.294345484708295,100.07666015625,,,
1763074894808,,,,,6.892950534820557,4.455000400543213
1763074894809,,,,2.8590002059936523,,
1763074894822,,39.89174446955561,,,,
1763074894839,,,,,3.876000165939331,
1763074894840,18.0,,,1.6950000524520874,,4.447050094604492
1763074894862,,38.94209593825562,,,,
1763074894870,,,81.7028081984747,,,
1763074894872,,,,1.683000087738037,3.0430500507354736,4.443000316619873
1763074894873,,,,2.290950059890747,,
1763074894902,,40.39963188479227,81.7028081984747,2.281949996948242,3.925950288772583,4.444950103759766
1763074894906,,,,4.0219502449035645,5.485050201416016,4.942950248718262
1763074894932,,,,5.322000026702881,5.487000465393066,6.337050437927246
1763074894940,,41.55028817487174,,,,
1763074894941,,,81.7028081984747,,,
1763074894948,,,53.7890625,,,
1763074894962,,,,,4.945950031280518,
1763074894963,18.0,,,6.163050174713135,,7.543050289154053
1763074894965,,,,3.0240001678466797,6.181950092315674,9.073050498962402
1763074894982,,38.009859437308855,53.7890625,,,
1763074894993,25.0,,,,6.720000267028809,10.5600004196167
1763074894994,,,,0.44505003094673157,,
1763074895022,,37.74079629145692,53.7890625,0.43605002760887146,7.80495023727417,15.580950736999512
1763074895023,,,,,7.812000274658203,15.564001083374023
1763074895053,,,,,7.288050174713135,
1763074895054,,,,,,15.562050819396973
1763074895055,,,,0.42600002884864807,,
1763074895062,,,,1.3290001153945923,5.8660502433776855,15.571050643920898
1763074895064,25.0,37.63525910173617,53.7890625,,,
1763074895086,,,,,3.3010501861572266,
1763074895087,,,,2.449050188064575,,15.574050903320312
1763074895103,,38.21644628910728,,,,
1763074895118,,,,2.431950092315674,0.8449500203132629,15.564001083374023
1763074895122,,,,3.268050193786621,-1.180050015449524,14.03700065612793
1763074895142,,35.8116877962865,,,,
1763074895149,,,,,-3.0180001258850098,9.295950889587402
1763074895150,,,159.6240234375,4.597050189971924,,
1763074895181,25.0,,,5.466000080108643,-3.43500018119812,5.158950328826904
1763074895182,,44.17922290115294,159.6240234375,,,
1763074895211,29.0,,,3.088050127029419,-4.375950336456299,-0.3349500298500061
1763074895218,,,,4.633050441741943,-4.074000358581543,-1.4130001068115234
1763074895223,,37.90469355006327,159.6240234375,,,
1763074895229,,,163.6865234375,,,
1763074895242,,,,,-2.6449501514434814,-1.4100000858306885
1763074895243,,,,6.952950477600098,,
1763074895263,,38.95366944176515,163.6865234375,,,
1763074895275,,,,5.782050132751465,-0.7339500188827515,-1.4059500694274902
1763074895276,,,,4.2019500732421875,4.069950103759766,-1.4220000505447388
1763074895282,29.0,,,,,
1763074895303,,38.27080443125871,163.6865234375,,,
1763074895306,,,,1.1350500583648682,11.181000709533691,-1.4220000505447388
1763074895336,,,,,16.330951690673828,
1763074895337,,,,2.521050214767456,16.6330509185791,-1.4250000715255737
1763074895345,,38.16508991434731,,,,
1763074895346,,,163.6865234375,,,
1763074895367,,,,,13.264050483703613,6.472950458526611
1763074895368,,,,5.092950344085693,,
1763074895374,,,,5.989950180053711,11.941950798034668,9.367950439453125
1763074895382,,40.41329138866725,,,,
1763074895397,,,,3.807000160217285,12.661050796508789,10.761000633239746
1763074895398,29.0,,,,,
1763074895422,,37.84722429787766,,,,
1763074895428,,,162.7490234375,,,
1763074895429,31.0,,,3.340050220489502,12.280050277709961,10.753950119018555
1763074895458,,,,,10.828950881958008,
1763074895459,,,,4.24500036239624,8.071050643920898,10.744050979614258
1763074895466,,60.79355550508765,162.7490234375,,,
1763074895471,,,,,5.218950271606445,10.75200080871582
1763074895472,,,,2.701050043106079,,
1763074895494,,,,0.25095000863075256,3.1429500579833984,9.46095085144043
1763074895501,,72.16263142050117,162.7490234375,,,
1763074895522,,,,,2.052000045776367,9.459000587463379
1763074895523,,,,-0.544950008392334,,
1763074895528,31.0,,,,,
1763074895544,,52.03891003687068,,,,
1763074895552,,,,,0.7080000042915344,
1763074895553,,,,,-0.8640000224113464,0.597000002861023
1763074895554,,,,-1.6579500436782837,,
1763074895583,,75.10843448488431,,-4.654050350189209,-1.7610000371932983,-1.6309500932693481
1763074895589,,,,,-1.5100500583648682,
1763074895590,,,,-3.2029502391815186,,-1.6189501285552979
1763074895615,,,,,0.20595000684261322,-1.6350001096725464
1763074895616,,,,-2.061000108718872,,
1763074895627,,76.57659708417664,,,,
1763074895632,,,414.8974609375,,,
1763074895646,,,,,5.0400004386901855,
1763074895647,15.0,,,-4.4239501953125,10.75005054473877,-1.6570501327514648
1763074895648,,,,,,-1.645050048828125
1763074895664,,74.70634037471494,414.8974609375,,,
1763074895680,,,,,13.945950508117676,2.364000082015991
1763074895681,15.0,,,-1.8310500383377075,,
1763074895701,,71.15175662714111,414.8974609375,,,
1763074895715,,,,,13.594050407409668,8.692049980163574
1763074895716,,,,-0.286050021648407,,
1763074895739,,,,-2.458050012588501,12.904950141906738,10.516950607299805
1763074895741,,55.58004446490089,,,,
1763074895773,,,,,11.253000259399414,
1763074895774,,,,-2.458050012588501,7.942050457000732,11.680950164794922
1763074895781,,45.726351410204984,,,,
1763074895784,,,,,4.479000091552734,13.291950225830078
1763074895785,,,,-3.955050230026245,,
1763074895788,,,111.728515625,,,
1763074895805,15.0,,,-1.8520500659942627,2.2170000076293945,13.303950309753418
1763074895821,,43.40570276150597,111.728515625,,,
1763074895836,,,,,0.27000001072883606,13.28700065612793
1763074895837,,,,0.1870500147342682,,
1763074895860,,43.14484334069681,111.728515625,,,
1763074895868,,,,,-0.7339500188827515,
1763074895869,24.0,,59.24368722098214,3.3540000915527344,,13.31100082397461
1763074895897,,,,,-1.4380500316619873,8.772000312805176
1763074895898,,,,8.302950859069824,,
1763074895901,,43.278353946873374,59.24368722098214,,,
1763074895928,,,,,0.24900001287460327,4.605000019073486
1763074895929,,,,9.63900089263916,,
1763074895932,24.0,,,,,
1763074895943,,42.21770392278196,59.24368722098214,,,
1763074895957,,,,,1.5559500455856323,-0.4140000343322754
1763074895958,,,,6.033000469207764,,
1763074895962,,,,,1.5660001039505005,-0.4339500069618225
1763074895963,,,,6.571950435638428,,
1763074895980,,41.61937875277218,,,,
1763074895981,,,59.24368722098214,,,
1763074895986,,,,,1.5630000829696655,-0.43095001578330994
1763074895987,,,,10.257000923156738,,
1763074896015,,,,,0.4140000343322754,
1763074896016,,,,12.30405044555664,,-0.43095001578330994
1763074896022,,,,6.2989501953125,1.8430501222610474,-0.4240500330924988
1763074896024,,42.87900743814858,,,,
1763074896049,,,,,7.438950538635254,-0.41700002551078796
1763074896050,,,,1.6660500764846802,,
1763074896054,24.0,,,,,
1763074896065,,42.93370422974761,,,,
1763074896074,,,653.0908203125,,,
1763074896084,,,,,17.1070499420166,
1763074896085,30.0,,,5.653050422668457,,-0.43605002760887146
1763074896104,,44.02596473378001,653.0908203125,,,
1763074896114,,,,,10.498950958251953,
1763074896115,,,,8.467950820922852,,6.394050121307373
1763074896117,,,,8.46405029296875,7.9200005531311035,7.16295051574707
1763074896142,,41.15109430063076,653.0908203125,,,
1763074896147,,,,,7.933950424194336,
1763074896148,,,,4.969950199127197,,10.366050720214844
1763074896179,,,,,8.883000373840332,
1763074896180,,,,3.181950092315674,,15.46605110168457
1763074896182,30.0,,,,,
1763074896185,,42.15329323607261,,,,
1763074896211,,,,,6.655950546264648,15.456000328063965
1763074896212,,,,2.7580502033233643,,
1763074896214,,,,1.5510001182556152,3.574050188064575,10.366050720214844
1763074896222,,42.71051419768555,,,,
1763074896243,,,,-0.04905000329017639,1.2330000400543213,7.543050289154053
1763074896252,,,,,0.025950001552700996,
1763074896253,,,,-1.1839500665664673,,
1763074896262,,43.09394452708217,,,,
1763074896273,,,104.91963704427084,,,
1763074896274,,,,-3.3319501876831055,-0.5400000214576721,7.548000335693359
1763074896301,,76.8344132651479,,,,
1763074896302,,,104.91963704427084,,,
1763074896305,20.0,,,,0.032999999821186066,2.6730000972747803
1763074896306,,,,-5.299950122833252,,
1763074896307,20.0,,,,,
1763074896311,,,,-6.3919501304626465,-0.6190500259399414,2.0050501823425293
1763074896337,,,,,-1.7830500602722168,1.725000023841858
1763074896338,,,,-7.720950603485107,,
1763074896346,,59.096206543165266,104.91963704427084,,,
1763074896370,,,,-8.10105037689209,-2.608950138092041,1.7389501333236694
1763074896382,,41.265354859339,,,,
1763074896400,,,,,3.876000165939331,
1763074896401,,,,-2.6140501499176025,,1.7179501056671143
1763074896421,,57.684616223050924,,,,
1763074896426,,,224.0673828125,,,
1763074896427,,,224.0673828125,,,
1763074896430,,,,-4.882950305938721,9.472050666809082,1.725000023841858
1763074896431,20.0,,,,,
1763074896461,,,,,16.978050231933594,2.4240000247955322
1763074896462,,,,-3.117000102996826,,
1763074896463,,76.65946645575202,224.0673828125,,,
1763074896494,,,,,17.638050079345703,
1763074896495,,,,4.438950061798096,16.317001342773438,6.5590500831604
1763074896501,,55.52888659008897,224.0673828125,,,
1763074896528,21.0,,,,12.07905101776123,10.984050750732422
1763074896529,,,,3.2029502391815186,,
1763074896534,21.0,,,,,
1763074896542,,43.01175745446252,224.0673828125,,,
1763074896547,,,221.5673828125,,,
1763074896562,,,,,5.887050151824951,13.2610502243042
1763074896563,,,,0.6319500207901001,,
1763074896565,,,,0.6180000305175781,4.249950408935547,13.246050834655762
1763074896582,,42.93041651196637,221.5673828125,,,
1763074896593,,,,,2.8849501609802246,
1763074896594,,,,1.981950044631958,,13.246050834655762
1763074896621,,42.47518283843672,221.5673828125,,,
1763074896624,,,,,1.599000096321106,13.26300048828125
1763074896625,,,,2.823000192642212,,
1763074896628,,,176.015625,,,
1763074896661,,40.554430837371044,,,-0.28905001282691956,10.063950538635254
1763074896662,,,176.015625,4.087049961090088,-0.7699500322341919,
1763074896663,21.0,,,4.942050457000732,,3.3630001544952393
1763074896693,,,,,-0.3679500222206116,-0.16995000839233398
1763074896694,,,,5.236050128936768,,
1763074896703,,40.99543996957914,176.015625,,,
1763074896723,,,,,-0.3850500285625458,-2.1450002193450928
1763074896724,6.0,,,4.065000057220459,,
1763074896740,,,,5.005950450897217,0.4710000157356262,-2.7870001792907715
1763074896741,,48.913862704234305,,,,
1763074896783,,44.35841496063591,,,,
1763074896785,,,,,2.3170502185821533,
1763074896786,6.0,,,8.418000221252441,6.067050457000732,-2.7900002002716064
1763074896818,,,,9.08595085144043,8.989950180053711,-2.8060500621795654
1763074896820,,,,,12.108000755310059,-2.7870001792907715
1763074896824,,40.158546511264134,,,,
1763074896832,,,130.52734375,,,
1763074896849,,,,,13.0489501953125,
1763074896850,,,,8.719950675964355,,3.9660000801086426
1763074896862,,39.425016329322304,130.52734375,,,
1763074896881,,,,,10.771950721740723,6.0420002937316895
1763074896882,,,,7.686000347137451,,
1763074896901,,41.30936372878324,130.52734375,,,
1763074896906,,,129.19921875,,,
1763074896914,,,,3.6850502490997314,7.6900506019592285,10.768050193786621
1763074896915,6.0,,,,,
1763074896921,,,,2.2770001888275146,7.711950302124023,12.4350004196167
1763074896941,,43.30675343942005,,,,
1763074896942,,,129.19921875,,,
1763074896946,51.0,,,,8.595000267028809,12.42495059967041
1763074896947,,,,0.5029500126838684,,
1763074896978,,,,0.5029500126838684,8.322000503540039,12.4350004196167
1763074896984,,36.90243709325678,129.19921875,,,
1763074897009,,,,,5.514000415802002,
1763074897010,,,,-0.8899500370025635,,10.869000434875488
1763074897022,,37.00934160741426,,,,
1763074897042,,,,,4.465050220489502,7.335000514984131
1763074897043,51.0,,,-3.3820502758026123,,
1763074897053,,,,-7.110000133514404,3.478950262069702,1.3729500770568848
1763074897063,,37.551700694804275,,,,
1763074897075,,,,-7.426050186157227,4.105950355529785,1.3519500494003296
1763074897103,,48.81618130117435,,,,
1763074897106,,,,-4.6180500984191895,5.061000347137451,1.3540500402450562
1763074897118,,,58.291259765625,,,
1763074897138,,,,,5.92995023727417,1.371000051498413
1763074897139,,,,-1.2990000247955322,,
1763074897148,,76.96918307843119,58.291259765625,,,
1763074897173,,,,,6.514950275421143,1.3609501123428345
1763074897174,55.0,,,0.675000011920929,,
1763074897184,,58.73238114785936,,,,
1763074897185,,,58.291259765625,,,
1763074897189,,,,1.6380001306533813,10.549050331115723,6.337050437927246
1763074897210,,,,3.828000068664551,10.566000938415527,11.88900089263916
1763074897223,,56.047640233766664,,,,
1763074897237,,,,,9.823050498962402,11.872050285339355
1763074897238,,,,4.24500036239624,,
1763074897262,,42.33473444631797,,,,
1763074897269,,,525.8523763020833,,7.984950542449951,11.866950988769531
1763074897270,,,,2.959050178527832,,
1763074897274,55.0,,,,,
1763074897300,,,,,3.7900502681732178,11.872050285339355
1763074897301,,,,0.7399500608444214,,
1763074897302,,64.11929103927989,525.8523763020833,,,
1763074897307,,,,,1.6710001230239868,11.884050369262695
1763074897308,,,,1.1710500717163086,,
1763074897332,,,,,1.6710001230239868,11.350050926208496
1763074897333,,,,2.7150001525878906,,
1763074897343,,48.55067896988367,525.8523763020833,,,
1763074897369,,,,5.18595027923584,2.7049500942230225,10.042950630187988
1763074897374,55.0,,,,,
1763074897375,59.0,,,,,
1763074897384,,43.999659423990465,525.8523763020833,,,
1763074897388,,,324.169921875,,,
1763074897403,,,,,1.3840500116348267,7.615050315856934
1763074897404,,,,4.798050403594971,,
1763074897412,,,,5.092950344085693,1.38795006275177,6.961050510406494
1763074897421,,44.18299158219022,324.169921875,,,
1763074897424,,,,,1.7280000448226929,6.637950420379639
1763074897425,,,,5.077950477600098,,
1763074897462,,,,,1.4119501113891602,6.358050346374512
1763074897463,,,,4.288050174713135,,
1763074897467,,40.877626507885445,324.169921875,,,
1763074897493,,,,,0.9670500755310059,
1763074897494,,,,3.634050130844116,0.34200000762939453,6.339000225067139
1763074897498,59.0,,,,,
1763074897504,,40.77676913742487,,,,
1763074897523,,,,,0.3540000021457672,
1763074897524,,,,,1.0170000791549683,5.736000061035156
1763074897525,,,,2.6100001335144043,,
1763074897540,,38.614543465751865,,,,
1763074897547,,,161.3193359375,,,
1763074897553,,,,,1.8360000848770142,5.737950325012207
1763074897554,,,,5.731950283050537,,
1763074897563,,,,,0.6799500584602356,6.1710004806518555
1763074897564,,,,9.35205078125,,
1763074897580,,36.84944948784773,161.3193359375,,,
1763074897588,,,,,-2.3359501361846924,
1763074897589,48.0,,,5.63100004196167,,6.175950527191162
1763074897618,,,,,-6.38700008392334,6.1810503005981445
1763074897619,48.0,,,3.4549500942230225,-5.0370001792907715,6.732000350952148
1763074897622,,35.66652570480863,161.3193359375,,,
1763074897651,,,,,-2.839050054550171,9.483000755310059
1763074897652,,,,3.4330501556396484,,
1763074897666,,35.37458710525466,161.3193359375,,,
1763074897685,,,,3.166950225830078,0.15495000779628754,9.46095085144043
1763074897699,,36.21372312986838,,,,
1763074897719,,,,,1.4629501104354858,9.471000671386719
1763074897720,,,,0.9049500226974487,,
1763074897723,48.0,,,,,
1763074897741,,34.21154008267828,,,,
1763074897747,,,,,0.5149500370025635,
1763074897748,,,140.1611328125,-1.5079500675201416,,7.716000556945801
1763074897778,,,,-0.286050021648407,0.5100000500679016,9.483000755310059
1763074897781,,35.895063441459286,140.1611328125,,,
1763074897808,,,,,0.9859500527381897,10.23705005645752
1763074897809,,,,1.968000054359436,,
1763074897810,47.0,,,,,
1763074897815,,,,1.141950011253357,1.2330000400543213,10.230000495910645
1763074897821,,39.979592480969615,140.1611328125,,,
1763074897827,,,183.4228515625,,,
1763074897838,,,,0.8040000200271606,-1.0720500946044922,10.2610502243042
1763074897845,47.0,,,,,
1763074897860,,41.100949127158884,,,,
1763074897861,,,183.4228515625,,,
1763074897868,,,,0.3660000264644623,-1.0810500383377075,10.270050048828125
1763074897897,,,,-1.5430500507354736,-1.0860000848770142,10.588950157165527
1763074897900,,40.68652483648931,183.4228515625,,,
1763074897929,,,,4.633050441741943,0.3060000240802765,11.769001007080078
1763074897940,,68.98349793080969,183.4228515625,,,
1763074897958,,,,,0.9739500284194946,
1763074897959,,,,,-0.598050057888031,12.112051010131836
1763074897960,,,,-0.23595000803470612,,
1763074897961,,,,-1.1119500398635864,,
1763074897964,47.0,,,,,
1763074897970,,,,,-1.6030501127243042,13.110000610351562
1763074897971,,,,-0.531000018119812,,
1763074897981,,49.17991576602742,,,,
1763074897994,,,,,-1.6200001239776611,12.535050392150879
1763074897995,,,,0.05700000375509262,,
1763074898021,,,,0.5959500074386597,-1.6030501127243042,12.112051010131836
1763074898022,42.0,47.81215640465809,,,,
1763074898031,,,217.58796037946428,,,
1763074898050,,,,,-1.258950114250183,12.115950584411621
1763074898051,,,,-0.09300000220537186,,
1763074898063,,50.26059239050759,217.58796037946428,,,
1763074898078,,,,,-1.2660000324249268,
1763074898079,42.0,,,-1.4209500551223755,,12.12405014038086
1763074898101,,49.93301572685483,217.58796037946428,,,
1763074898108,,,,,-0.598050057888031,11.680950164794922
1763074898109,,,,-1.4070000648498535,,
1763074898137,,,,0.9409500360488892,-0.2959500253200531,11.680950164794922
1763074898140,,50.69550937510396,,,,
1763074898146,,,,1.6810500621795654,-0.30105000734329224,11.343000411987305
1763074898179,,,,,0.700950026512146,9.166950225830078
1763074898180,,,,3.7710001468658447,,
1763074898181,42.0,,,,,
1763074898182,,44.7527259176441,,,,
1763074898186,,,,4.747950077056885,2.1090002059936523,8.893950462341309
1763074898206,,,,,1.714050054550171,8.893950462341309
1763074898207,,,,5.581050395965576,,
1763074898220,,38.663134655058,,,,
1763074898226,,,724.7216796875,,,
1763074898235,,,,,-0.23205001652240753,7.579050540924072
1763074898236,,,,5.587950229644775,,
1763074898242,36.0,,,,,
1763074898261,,38.588042171707755,,,,
1763074898262,,,724.7216796875,,,
1763074898266,,,,5.314950466156006,-2.1130499839782715,7.600950241088867
1763074898299,,38.58992426468932,724.7216796875,,1.807050108909607,7.05495023727417
1763074898300,,,,4.317000389099121,,
1763074898302,,,,,3.057000160217285,6.6739501953125
1763074898303,,,,3.06000018119812,,
1763074898329,,,,,2.3959500789642334,6.66195011138916
1763074898330,36.0,,,-0.7890000343322754,,
1763074898339,,38.63483028356785,,,,
1763074898365,,,,,-0.3540000021457672,
1763074898366,,,,-1.3930500745773315,-1.480950117111206,6.684000492095947
1763074898382,,37.084822286667325,,,,
1763074898389,,,45.1953125,,,
1763074898397,,,,-1.4500501155853271,-0.9570000171661377,8.620950698852539
1763074898404,,,,,-0.7129500508308411,10.624950408935547
1763074898405,,,,-1.4410500526428223,,
1763074898420,,,,,-0.7320000529289246,10.629000663757324
1763074898421,,,,-2.311950206756592,,
1763074898423,,38.75903037459957,45.1953125,,,
1763074898437,36.0,,,,,
1763074898439,,,,-1.2630000114440918,-0.28905001282691956,10.641000747680664
1763074898463,,37.85568945144354,45.1953125,,,
1763074898466,38.0,,,,,
1763074898467,,,,0.6390000581741333,1.3050000667572021,10.603050231933594
1763074898497,,,,,2.9140501022338867,10.201050758361816
1763074898498,,,,2.290950059890747,,
1763074898499,,,,,5.125950336456299,10.189050674438477
1763074898501,,38.426626501215125,,,,
1763074898530,,,,,7.539000511169434,10.194000244140625
1763074898531,,,,0.3949500322341919,,
1763074898540,,39.7983484102331,,,,
1763074898560,,,,,8.229000091552734,10.19895076751709
1763074898561,,,,-2.1040501594543457,,
1763074898563,38.0,,,,,
1763074898581,,35.58017576622496,,,,
1763074898589,,,134.6533203125,,,
1763074898590,,,,-3.1740002632141113,7.087050437927246,6.904050350189209
1763074898598,,,,,4.414950370788574,
1763074898599,,,,-6.169050216674805,,6.885000228881836
1763074898620,,36.202358218778684,,,,
1763074898621,,,134.6533203125,-8.266950607299805,3.1150500774383545,6.892050266265869
1763074898653,,,,,5.290950298309326,6.89400053024292
1763074898655,,,,-4.812000274658203,,
1763074898656,,,,1.3860000371932983,,
1763074898661,,36.018264706531454,,,,
1763074898662,,,134.6533203125,,,
1763074898667,,,67.54307338169643,,,
1763074898681,,,,,3.976950168609619,
1763074898682,43.0,,,1.8240001201629639,,6.892050266265869
1763074898683,43.0,,,,,
1763074898692,,,,,3.151050090789795,
1763074898693,,,,,,7.938000202178955
1763074898694,,,,-2.449050188064575,,
1763074898700,,61.03916813976909,,,,
1763074898701,,,67.54307338169643,,,
1763074898714,,,,-2.6929500102996826,3.1579501628875732,12.133050918579102
1763074898741,,49.47678509429363,67.54307338169643,,,
1763074898745,,,,-1.5870001316070557,3.1579501628875732,12.571050643920898
1763074898752,,,,-2.5279500484466553,2.3749501705169678,12.556950569152832
1763074898778,,,,-3.2890501022338867,1.3050000667572021,12.550050735473633
1763074898781,,46.64918189771111,,,,
1763074898810,,,,,-0.1879500150680542,12.583050727844238
1763074898811,,,,-3.604950189590454,,
1763074898815,43.0,,,,,
1763074898822,,43.26597507558133,,,,
1763074898841,,,,0.9120000600814819,-0.41100001335144043,12.589950561523438
1763074898862,,40.241586215889775,,,,
1763074898869,,,80.404052734375,,,
1763074898873,,,,,-0.4249500334262848,
1763074898874,,,,,-0.41805002093315125,10.552950859069824
1763074898875,,,,4.03695011138916,,
1763074898901,,37.17161771854059,80.404052734375,,,
1763074898904,,,,,-1.8049501180648804,
1763074898905,38.0,,,5.494950294494629,,9.27405071258545
1763074898907,,,,,-2.307000160217285,6.070950508117676
1763074898908,,,,5.113950252532959,,
1763074898915,38.0,,,,,
1763074898930,,,,6.235050201416016,-2.322000026702881,5.308950424194336
1763074898940,,39.38997847496554,80.404052734375,,,
1763074898956,,,,6.745050430297852,-2.3269500732421875,5.329050064086914
1763074898981,,38.84853812141844,,,,
1763074898991,,,,,-2.7810001373291016,4.627050399780273
1763074898992,,,,5.767950057983398,,
1763074899005,,,,,-2.53695011138916,4.324950218200684
1763074899006,,,,4.474950313568115,,
1763074899022,,39.519896757256596,,,,
1763074899026,,,,,-0.9070500135421753,4.323000431060791
1763074899027,38.0,,,3.8430001735687256,,
1763074899029,,,204.5146484375,,,
1763074899058,,,,0.8689500689506531,-0.1879500150680542,4.323000431060791
1763074899063,,,,,1.612950086593628,
1763074899064,,,,2.16195011138916,,4.291950225830078
1763074899065,,40.62966118719055,204.5146484375,,,
1763074899089,,,,,4.1419501304626465,4.627050399780273
1763074899090,,,,3.0450000762939453,,
1763074899102,,38.2610383112796,204.5146484375,,,
1763074899122,,,,4.087049961090088,5.81505012512207,5.869950294494629
1763074899123,21.0,,,4.933950424194336,,
1763074899131,21.0,,,,,
1763074899141,,,,,3.1939501762390137,10.467000961303711
1763074899142,,36.41837186070263,,3.555000066757202,,
1763074899143,,,204.5146484375,,,
1763074899162,,,,1.7959500551223755,3.2149500846862793,15.652950286865234
1763074899181,,37.322473837171316,,,,
1763074899186,,,,0.5239500403404236,4.98900032043457,15.634050369262695
1763074899218,,,,1.1490000486373901,6.462000370025635,15.646050453186035
1763074899222,,34.730036552707034,,,,
1763074899230,,,121.19344075520834,,,
1763074899231,,,121.19344075520834,,,
1763074899258,,,,,7.000950336456299,15.634050369262695
1763074899259,,,,1.6380001306533813,3.178950071334839,
1763074899262,21.0,37.17284573138337,121.19344075520834,,,
1763074899293,,,,-6.937950134277344,1.50600004196167,15.01305103302002
1763074899302,,39.862236091306016,121.19344075520834,,,
1763074899308,,,130.91796875,,,
1763074899323,,,,-6.040050506591797,0.40005001425743103,14.302050590515137
1763074899324,34.0,,,-2.0970001220703125,,
1763074899342,,54.23391477442519,130.91796875,,,
1763074899354,,,,-0.9829500317573547,2.245950222015381,12.127950668334961
1763074899381,,45.50164822212378,130.91796875,,,
1763074899385,,,,-1.429050087928772,2.5690500736236572,8.218050003051758
1763074899386,34.0,,,,,
1763074899417,,,,-4.25100040435791,3.4669501781463623,7.861950397491455
1763074899424,,46.54446430417725,,,,
1763074899425,,,130.91796875,,,
1763074899432,,,107.666015625,,,
1763074899450,,,,,5.794050216674805,7.857000350952148
1763074899451,,,,-0.2939999997615814,,
1763074899454,,,,0.9480000734329224,7.087050437927246,7.857000350952148
1763074899462,,73.24574912240762,107.666015625,,,
1763074899482,,,,-1.6300500631332397,6.756000518798828,7.852050304412842
1763074899502,,48.78201844087081,107.666015625,,,
1763074899513,,,,,6.760950088500977,7.846950531005859
1763074899514,34.0,,,-1.6489500999450684,,
1763074899542,,46.9195059581795,,,,
1763074899546,,,,,0.3349500298500061,
1763074899547,22.0,,,-0.4900500178337097,,8.893950462341309
1763074899578,,,,-0.7960500121116638,-1.294950008392334,9.92805004119873
1763074899579,,,,0.5820000171661377,,
1763074899583,,42.89664385414022,,,,
1763074899591,,,239.599609375,,,
1763074899610,,,,,0.6439500451087952,9.921000480651855
1763074899611,,,,3.4399502277374268,,9.280950546264648
1763074899623,,43.99099679714127,239.599609375,,,
1763074899641,,,,0.30195000767707825,-3.973950147628784,9.295950889587402
1763074899642,22.0,,,,,
1763074899663,,40.215189629194285,239.599609375,,,
1763074899673,,,,,-3.535950183868408,
1763074899674,,,,1.350000023841858,-1.0429500341415405,7.7659502029418945
1763074899702,,39.660295314939795,239.599609375,,,
1763074899705,,,,8.598000526428223,2.6479501724243164,7.378050327301025
1763074899708,,,,9.487950325012207,3.7759501934051514,7.375950336456299
1763074899737,,,,,2.0299501419067383,6.97605037689209
1763074899738,,,,7.800000190734863,,
1763074899742,22.0,,,,,
1763074899747,,39.411846034677254,,,,
1763074899770,,,,,0.9169500470161438,6.286050319671631
1763074899771,29.0,,,5.587950229644775,,
1763074899782,,37.788869660990905,,,,
1763074899791,,,345.78125,,,
1763074899801,,,,,2.052000045776367,6.283950328826904
1763074899802,,,,1.7310000658035278,,
1763074899806,,,,-2.0250000953674316,4.98900032043457,6.97605037689209
1763074899822,,36.783159018172604,345.78125,,,
1763074899831,,,,,7.4320502281188965,7.378050327301025
1763074899833,,,,-0.12105000764131546,,
1763074899861,,35.88698580227004,345.78125,,,
1763074899865,,,,,5.413050174713135,7.7659502029418945
1763074899866,,,,-0.40905001759529114,,
1763074899868,29.0,,,,,
1763074899873,,,197.0147705078125,,,
1763074899895,,,,2.061000108718872,3.5029501914978027,9.10200023651123
1763074899903,,,,3.469050168991089,4.019999980926514,11.53695011138916
1763074899904,,37.73346587721302,197.0147705078125,,,
1763074899927,,,,,4.860000133514404,11.527050971984863
1763074899928,,,,3.9649500846862793,,
1763074899942,,56.183185830387956,197.0147705078125,,,
1763074899959,,,,,5.112000465393066,11.515050888061523
1763074899960,,,,3.9430501461029053,,
1763074899967,,,,0.30195000767707825,3.5029501914978027,11.520000457763672
1763074899969,29.0,,,,,
1763074899974,21.0,,,,,
1763074899982,,44.95288695499767,197.0147705078125,,,
1763074899987,,,168.203125,,,
1763074899990,,,,,2.8780500888824463,
1763074899991,,,,-2.449050188064575,,11.523000717163086
1763074900021,,43.34182791096444,168.203125,,,
1763074900025,,,,-2.470050096511841,3.388050079345703,11.515050888061523
1763074900054,,,,,3.6750001907348633,
1763074900055,,,,-2.470050096511841,,8.31195068359375
1763074900066,,42.477745232540485,168.203125,,,
1763074900075,,,133.999267578125,,,
1763074900086,,,,,3.687000274658203,7.2270002365112305
1763074900087,21.0,,,-1.981950044631958,,
1763074900102,,40.5280294040077,,,,
1763074900103,,,133.999267578125,,,
1763074900120,,,,,0.07605000585317612,7.213050365447998
1763074900121,,,,,,7.219950199127197
1763074900122,,,,-2.5630500316619873,,
1763074900141,,41.21493925674486,133.999267578125,,,
1763074900151,,,,-3.9780001640319824,3.739950180053711,7.213050365447998
1763074900158,,,,-1.9309500455856323,5.586000442504883,7.210050106048584
1763074900182,,,,,5.08305025100708,8.226000785827637
1763074900183,,,,-1.6870501041412354,,
1763074900184,,66.68861339336293,,,,
1763074900214,6.0,,,,3.2940001487731934,9.310050010681152
1763074900215,,,,-3.2029502391815186,,
1763074900216,6.0,,,,,
1763074900220,,,,-0.6169500350952148,3.7830002307891846,10.962000846862793
1763074900225,,59.15545588493396,,,,
1763074900246,,,,,3.388050079345703,
1763074900247,,,,0.1080000028014183,,12.471000671386719
1763074900263,,55.596182381071245,,,,
1763074900271,,,139.5751953125,,,
1763074900278,,,,,1.6710001230239868,12.466050148010254
1763074900279,,,,-2.4049501419067383,,
1763074900293,,,,,1.3930500745773315,12.456000328063965
1763074900294,,,,0.19395001232624054,,
1763074900301,,46.09821342693452,139.5751953125,,,
1763074900313,,,,,1.3930500745773315,11.57295036315918
1763074900314,,,,1.4149500131607056,,
1763074900341,,,,2.362950086593628,0.6079500317573547,10.962000846862793
1763074900342,6.0,,,,,
1763074900343,,45.51813003114702,,,,
1763074900344,,,139.5751953125,,,
1763074900350,,,204.5654296875,,,
1763074900372,,,,,0.012000000104308128,10.941000938415527
1763074900373,,,,3.9220502376556396,,8.254050254821777
1763074900384,,38.683554002576685,204.5654296875,,,
1763074900398,,,,4.699950218200684,-1.1839500665664673,8.257050514221191
1763074900408,12.0,,,,,
1763074900411,,,,,-0.9139500260353088,8.272950172424316
1763074900412,,,,5.301000118255615,,
1763074900424,,39.971461627956955,204.5654296875,,,
1763074900450,,,,,0.37800002098083496,6.588000297546387
1763074900451,12.0,,,6.472050189971924,,
1763074900463,,37.30600746285602,,,,
1763074900475,,,,,0.9600000381469727,
1763074900476,,,,7.578000545501709,,5.7210001945495605
1763074900500,,,,8.482950210571289,0.37095001339912415,5.712000370025635
1763074900502,,36.57677899389063,,,,
1763074900508,,,,,1.1539500951766968,6.588000297546387
1763074900509,,,,5.3580002784729,,
1763074900529,,,,,1.1539500951766968,6.574050426483154
1763074900530,,,,4.948950290679932,,
1763074900543,,35.47566816522189,,,,
1763074900554,,,,,1.7500500679016113,8.08905029296875
1763074900555,,,,2.004000186920166,,
1763074900557,,,121.71826462518601,,,
1763074900578,,,,,-0.6910500526428223,8.10105037689209
1763074900579,12.0,,,1.3789501190185547,,
1763074900585,,49.654880186517964,,,,
1763074900586,,,121.71826462518601,,,
1763074900605,,,,,-2.974950075149536,
1763074900606,,,,-0.35805001854896545,-4.383000373840332,10.747050285339355
1763074900622,,46.11509875350056,121.71826462518601,,,
1763074900630,0.0,,,-4.34505033493042,-0.16695000231266022,11.745000839233398
1763074900657,,,,-0.9190500378608704,3.3160500526428223,11.724000930786133
1763074900665,,40.34617771971047,,,,
1763074900682,,,,,2.3749501705169678,
1763074900683,,,,0.8620500564575195,,11.731050491333008
1763074900685,,,,-2.476950168609619,1.1320500373840332,11.728050231933594
1763074900702,,37.271114415318685,,,,
1763074900708,,,,,1.908000111579895,11.155950546264648
1763074900709,0.0,,,-2.218950033187866,,
1763074900711,,,1511.69921875,,,
1763074900733,,,,-2.2330501079559326,2.8060500621795654,11.142000198364258
1763074900745,,36.90700393920834,1511.69921875,,,
1763074900758,,,,-4.34505033493042,3.80400013923645,11.14905071258545
1763074900781,,35.271279354101786,1511.69921875,,,
1763074900788,,,,,4.939050197601318,
1763074900789,,,,-2.937000036239624,5.952000141143799,11.13900089263916
1763074900816,,,,,4.113000392913818,9.934950828552246
1763074900817,0.0,,,-0.9400500655174255,,
1763074900821,,36.681014799333525,1511.69921875,,,
1763074900822,,,,-2.77905011177063,1.2400500774383545,9.231000900268555
1763074900842,3.0,,,-3.763050079345703,-0.5119500160217285,8.463000297546387
1763074900862,,35.585648401708916,,,,
1763074900869,,,,-4.552950382232666,-1.6030501127243042,7.242000579833984
1763074900897,,,,,-1.6110000610351562,
1763074900898,,,,-5.674050331115723,,8.707050323486328
1763074900904,,35.09917282028453,,,,
1763074900912,,,55.12647840711805,,,
1763074900926,,,,,0.6649500131607056,8.701950073242188
1763074900927,,,,-7.857000350952148,,
1763074900930,3.0,,,,,
1763074900937,,,,,4.192049980163574,
1763074900938,,,,-2.326050043106079,,8.695050239562988
1763074900942,,73.77672288296964,55.12647840711805,,,
1763074900959,,,,,3.2220001220703125,8.707050323486328
1763074900960,,,,-0.8320500254631042,,
1763074900983,,,,-1.7370001077651978,1.3759500980377197,8.6850004196167
1763074900984,,50.28624942817393,55.12647840711805,,,
1763074901012,,,,-0.22905001044273376,0.42795002460479736,10.444950103759766
1763074901016,,,,-0.24300001561641693,-0.06599999964237213,10.431000709533691
1763074901022,,41.48190706178,,,,
1763074901038,,,,,-0.6049500107765198,
1763074901039,3.0,,,-1.5360000133514404,,12.808050155639648
1763074901063,,39.73179918881587,,,,
1763074901065,,,,-1.519950032234192,-0.28905001282691956,12.825000762939453
1763074901074,,,,,-0.030000001192092896,
1763074901075,,,,-0.8400000333786011,,12.805950164794922
1763074901094,,,,,-0.028050001710653305,12.802950859069824
1763074901095,,,,1.264050006866455,,
1763074901104,,39.77524112626283,,,,
1763074901115,,,56.933157784598215,,,
1763074901121,,,,1.9030500650405884,-0.4900500178337097,12.811050415039062
1763074901142,,38.36545530405887,56.933157784598215,,,
1763074901149,,,,,-1.4380500316619873,
1763074901150,3.0,,,1.9200000762939453,,12.825000762939453
1763074901153,,,,1.9060500860214233,-1.4479501247406006,8.836050033569336
1763074901179,,,,3.189000129699707,-0.5760000348091125,6.358050346374512
1763074901185,,36.187329380097154,56.933157784598215,,,
1763074901205,,,,,0.20595000684261322,
1763074901206,,,,3.5910000801086426,,4.72005033493042
1763074901212,,,,,0.9100500345230103,
1763074901213,,,,4.222949981689453,,4.711050033569336
1763074901223,,37.09261257380386,,,,
1763074901233,,,,5.725050449371338,1.7860500812530518,4.72005033493042
1763074901263,,35.31418883860678,,,2.4970500469207764,4.703999996185303
1763074901264,,,,8.719950675964355,,
1763074901273,,,96.10188802083334,,,
1763074901290,,,,,3.280050039291382,
1763074901291,,,,,2.389050006866455,4.711050033569336
1763074901292,5.0,,,9.028950691223145,,
1763074901305,,36.3261657475547,96.10188802083334,,,
1763074901318,,,,,0.40005001425743103,4.717950344085693
1763074901319,,,,6.156000137329102,,
1763074901330,,,,2.671950101852417,-2.616000175476074,4.741950035095215
1763074901342,,38.338387371221216,96.10188802083334,,,
1763074901348,,,,3.0810000896453857,-4.282950401306152,6.918000221252441
1763074901350,,,114.83607700892857,,,
1763074901374,,,,,-4.299000263214111,13.570050239562988
1763074901375,,,,-0.23595000803470612,,
1763074901384,,40.7137393587377,114.83607700892857,,,
1763074901402,,,,-1.9669500589370728,-0.23895001411437988,14.992051124572754
1763074901405,5.0,,,,,
1763074901406,,,,-1.0410000085830688,2.770050048828125,14.98905086517334
1763074901423,,43.235823603372964,114.83607700892857,,,
1763074901430,,,,,5.277000427246094,14.973000526428223
1763074901431,,,,0.6180000305175781,,
1763074901454,,,,,4.314000129699707,
1763074901455,,,,0.9409500360488892,,14.97705078125
1763074901464,,38.52863057799712,114.83607700892857,,,
1763074901482,,,,-0.9040500521659851,3.2509500980377197,14.986950874328613
1763074901485,,,,-2.5350000858306885,2.920950174331665,14.982000350952148
1763074901501,,38.671261163372456,,,,
1763074901506,,,,,2.302950143814087,10.609950065612793
1763074901507,,,,-4.654050350189209,,
1763074901532,,,,,2.325000047683716,3.5779502391815186
1763074901533,,,,-5.781000137329102,,
1763074901534,5.0,,,,,
1763074901542,,39.38598201007983,,,,
1763074901549,,,171.29231770833331,,,
1763074901557,,,,,2.8129501342773438,2.794950246810913
1763074901558,,,,-4.8259501457214355,,
1763074901566,,,,-4.0219502449035645,2.2669501304626465,2.1060001850128174
1763074901582,,57.63958898623363,171.29231770833331,,,
1763074901585,,,,-4.431000232696533,0.5359500050544739,2.0869500637054443
1763074901613,,,,,-1.4740500450134277,2.110949993133545
1763074901614,,,,-4.783050060272217,,
1763074901624,,58.192821982155245,171.29231770833331,,,
1763074901631,,,235.380859375,,,
1763074901641,,,,,-2.53695011138916,2.11995005607605
1763074901642,,,,-4.768950462341309,,
1763074901664,,59.50714583660303,235.380859375,,,
1763074901669,,,,-5.200050354003906,2.0880000591278076,2.794950246810913
1763074901670,5.0,,,,,
1763074901699,,,,,2.1040501594543457,5.589000225067139
1763074901700,,,,-2.009999990463257,,
1763074901704,,69.64516988683286,235.380859375,,,
1763074901710,0.0,,,,,
1763074901730,,,,,3.9019501209259033,10.069050788879395
1763074901731,,,,1.6950000524520874,,
1763074901744,,61.98394285722881,235.380859375,,,
1763074901758,,,,3.009000062942505,5.341050148010254,11.379000663757324
1763074901759,,,,3.268050193786621,,
1763074901783,,63.83731313042486,,,,
1763074901787,0.0,,,0.7399500608444214,0.9019500613212585,12.886950492858887
1763074901818,,,,-0.6960000395774841,0.9220500588417053,14.511000633239746
1763074901825,,58.670201049044294,,,,
1763074901831,,,634.6044921875,,,
1763074901847,,,,-0.753000020980835,3.121950149536133,14.491050720214844
1763074901856,,,,,3.80400013923645,14.503050804138184
1763074901857,,,,0.6460500359535217,,
1763074901865,,44.1908453009933,634.6044921875,,,
1763074901877,,,,,4.882050037384033,14.503050804138184
1763074901878,,,,1.162950038909912,,
1763074901903,,44.38708790250849,634.6044921875,,,
1763074901906,0.0,,,2.7580502033233643,5.514000415802002,12.886950492858887
1763074901933,,,,,5.535000324249268,
1763074901934,4.0,,,4.870050430297852,4.069950103759766,9.27405071258545
1763074901943,,42.06624864108341,,,,
1763074901962,,,,3.634050130844116,2.325000047683716,9.26205062866211
1763074901983,,38.794126999997445,,,,
1763074901990,,,,,1.1970000267028809,9.265050888061523
1763074901991,,,,3.318000078201294,,
1763074901993,,,,5.272050380706787,2.4679501056671143,6.034950256347656
1763074902017,,,,,1.3840500116348267,5.647050380706787
1763074902018,4.0,,,4.80495023727417,,
1763074902024,,36.96207207330805,,,,
1763074902037,,,98.02559988839286,,,
1763074902048,,,,,-0.022950001060962677,5.63700008392334
1763074902049,,,,4.795950412750244,,
1763074902051,,,,-1.7449500560760498,1.0030500888824463,5.640000343322754
1763074902063,,40.26493495708756,98.02559988839286,,,
1763074902078,,,,-2.7720000743865967,0.673050045967102,5.359950065612793
1763074902102,,54.136350285432954,98.02559988839286,,,
1763074902105,,,,0.4240500330924988,3.258000135421753,5.347950458526611
1763074902110,,,131.30726841517856,,,
1763074902133,,,,-2.4049501419067383,2.152050018310547,7.111950397491455
1763074902144,,58.33771946859954,131.30726841517856,,,
1763074902162,4.0,,,0.0,0.24195000529289246,9.636000633239746
1763074902168,,,,1.207050085067749,0.6940500140190125,9.073050498962402
1763074902183,,53.40915239756187,131.30726841517856,,,
1763074902190,,,,2.7370500564575195,1.0960500240325928,7.4350504875183105
1763074902193,,,104.14329892113095,,,
1763074902217,,,,,1.6639500856399536,9.073050498962402
1763074902218,,,,1.7310000658035278,,
1763074902224,,41.62180393742396,,,,
1763074902225,,,104.14329892113095,,,
1763074902226,,,,,2.3530499935150146,
1763074902227,,,,1.714050054550171,,9.648000717163086
1763074902246,,,,1.3290001153945923,2.8560001850128174,9.631050109863281
1763074902262,,40.328635887216905,104.14329892113095,,,
1763074902273,,,,1.3069500923156738,3.100050210952759,9.073050498962402
1763074902275,4.0,,,,,
1763074902301,,,,-0.05700000375509262,2.1160500049591064,9.054000854492188
1763074902304,,40.858876798461274,104.14329892113095,-3.8200502395629883,-0.4900500178337097,9.076050758361816
1763074902317,,,80.39754231770834,,,
1763074902330,,,,,-1.6110000610351562,8.671050071716309
1763074902331,,,,-6.033000469207764,,
1763074902342,,37.68746255822096,80.39754231770834,,,
1763074902358,,,,-5.250000476837158,-1.3230000734329224,8.692049980163574
1763074902364,,,,,-0.20295001566410065,
1763074902365,6.0,,,-4.4599504470825195,,7.752000331878662
1763074902381,,37.54710677403141,80.39754231770834,,,
1763074902385,,,,,-0.1960500031709671,7.771050453186035
1763074902386,,,,-6.7009501457214355,,
1763074902388,6.0,,,,,
1763074902413,,,,,1.2469500303268433,
1763074902414,,,,-5.314050197601318,,7.740000247955322
1763074902422,,37.637311790220394,,,,
1763074902438,,,,-2.140050172805786,1.7280000448226929,7.737000465393066
1763074902441,,,,-3.4680001735687256,0.9810000658035278,7.741950511932373
1763074902460,,46.455948470708385,,,,
1763074902465,,,,-4.819050312042236,-0.6619500517845154,7.759050369262695
1763074902468,,,285.71434384300596,,,
1763074902490,6.0,,,-1.8600001335144043,-1.503000020980835,7.761000156402588
1763074902502,,37.18470100850809,285.71434384300596,,,
1763074902516,,,,,-2.845950126647949,8.447999954223633
1763074902517,,,,-1.1050500869750977,,
1763074902519,,,,,-3.198000192642212,8.785950660705566
1763074902521,,,,-2.061000108718872,,
1763074902543,,36.791348831589524,285.71434384300596,-0.7249500155448914,-1.7400001287460327,11.28600025177002
1763074902573,,,,1.4719500541687012,0.025950001552700996,14.166000366210938
1763074902577,8.0,,,1.7170500755310059,0.831000030040741,14.16300106048584
1763074902585,,40.06062986903635,285.71434384300596,,,
1763074902602,,,,,0.37800002098083496,14.161050796508789
1763074902603,,,,-0.5809500217437744,,
1763074902604,8.0,,,,,
1763074902621,,39.72622485692415,,,,
1763074902634,,,,-2.341050148010254,-0.1960500031709671,14.185050964355469
1763074902637,,,,,-0.20805001258850098,
1763074902638,,,,-1.2490500211715698,,14.173050880432129
1763074902663,,42.738649967382926,,,,
1763074902664,,,,0.5959500074386597,-0.9430500268936157,14.166000366210938
1763074902672,,,143.95233154296875,,,
1763074902696,,,,0.9259500503540039,-1.9699500799179077,11.803050994873047
1763074902697,,,,5.005950450897217,,
1763074902704,,52.982539080785216,143.95233154296875,,,
1763074902722,,,,,0.6799500584602356,11.784000396728516
1763074902723,8.0,,,8.914050102233887,,
1763074902742,,51.17112015367997,143.95233154296875,,,
1763074902747,,,102.32310267857143,,,
1763074902749,,,,,0.32805001735687256,
1763074902750,,,,9.961950302124023,,10.954950332641602
1763074902754,,,,7.405050277709961,-1.180050015449524,9.519000053405762
1763074902777,,,,3.268050193786621,-3.5430002212524414,9.532950401306152
1763074902784,,42.68323938881338,102.32310267857143,,,
1763074902806,,,,,-2.070000171661377,9.520950317382812
1763074902807,6.0,,,3.8359501361846924,,
1763074902813,,,,4.116000175476074,-0.9070500135421753,9.223950386047363
1763074902823,,38.933238548044024,102.32310267857143,,,
1763074902834,,,,,-2.580000162124634,9.519000053405762
1763074902835,,,,-1.2990000247955322,,
1763074902837,6.0,,,,,
1763074902863,,61.687113763314386,,,,
1763074902864,,,102.32310267857143,,,
1763074902865,,,,,-2.587050199508667,11.3860502243042
1763074902866,,,,0.08595000207424164,,
1763074902873,,,94.2694091796875,,,
1763074902894,,,,1.1059499979019165,-1.3950001001358032,11.803050994873047
1763074902904,,57.52037669412246,94.2694091796875,,,
1763074902909,,,,,-1.6750500202178955,
1763074902910,,,,0.20805001258850098,,9.957000732421875
1763074902942,,44.908641511317114,94.2694091796875,,,
1763074902950,,,,,-1.6939500570297241,9.9660005569458
1763074902951,6.0,,60.301513671875,0.20295001566410065,,
1763074902981,,,,-0.07800000160932541,0.0690000057220459,12.061050415039062
1763074902982,,39.94890190397215,,,,
1763074902983,,,60.301513671875,,,
1763074903013,,,,,3.3730502128601074,12.054000854492188
1763074903014,0.0,,,2.3560500144958496,,
1763074903023,,39.598107442018026,,,,
1763074903024,,,60.301513671875,,,
1763074903026,,,,,6.448050498962402,
1763074903027,,,,3.088050127029419,,12.043951034545898
1763074903065,,39.39753134979497,,,,
1763074903074,,,,,5.0970001220703125,9.957000732421875
1763074903075,0.0,,,0.2440500110387802,,
1763074903087,,,,-1.2990000247955322,3.7200002670288086,9.648000717163086
1763074903102,,38.40483837998241,,,,
1763074903110,,,,,3.724950075149536,
1763074903111,,,,0.036000002175569534,,8.12505054473877
1763074903140,,,,,2.86995005607605,5.488950252532959
1763074903142,,,,0.028950002044439316,,
1763074903144,,39.80949959274176,,,,
1763074903146,,,,,1.6710001230239868,
1763074903147,,,,-2.1760501861572266,,4.72005033493042
1763074903155,,,354.72493489583337,,,
1763074903170,,,,,0.6370500326156616,4.72005033493042
1763074903171,,,,-3.016050100326538,,
1763074903184,,39.28453072261818,354.72493489583337,,,
1763074903201,,,,-3.0349502563476562,0.6559500098228455,4.701000213623047
1763074903204,,,,,3.826050281524658,4.716000080108643
1763074903205,,,,-3.8419501781463623,,
1763074903207,0.0,,,,,
1763074903223,,39.07422025190686,354.72493489583337,,,
1763074903232,,,,,6.166950225830078,
1763074903233,,,,0.8040000200271606,,4.72005033493042
1763074903241,,,,,6.1840500831604,
1763074903242,,,,3.7420501708984375,,4.703999996185303
1763074903262,,70.49854256916777,,,,
1763074903264,,,,,4.012950420379639,4.72005033493042
1763074903265,,,,-4.495950222015381,,
1763074903295,,,,,0.9379500150680542,5.797950267791748
1763074903296,,,,-8.346000671386719,,
1763074903301,,,,,2.052000045776367,6.502050399780273
1763074903302,,,,-5.329050064086914,,
1763074903304,,53.6900527702926,,,,
1763074903308,0.0,,,,,
1763074903313,,,142.933349609375,,,
1763074903326,,,,,3.2370002269744873,7.680000305175781
1763074903327,,,,-0.9619500637054443,,
1763074903344,,43.189748988534696,142.933349609375,,,
1763074903358,,,,-2.182950019836426,1.9300501346588135,8.31195068359375
1763074903363,,,,-4.135950088500977,0.26295000314712524,10.021050453186035
1763074903382,,41.46750156010497,,,,
1763074903383,,,142.933349609375,,,
1763074903389,,,,,0.8449500203132629,11.57295036315918
1763074903390,,,,-2.0530500411987305,,
1763074903421,,,,,1.4989501237869263,
1763074903422,,,,0.30900001525878906,0.6580500602722168,11.57295036315918
1763074903423,0.0,41.98154114190319,142.933349609375,,,
1763074903450,,,,,-0.5260500311851501,11.587050437927246
1763074903451,9.0,,,-1.3140000104904175,,
1763074903456,,,,-1.3140000104904175,-1.0140000581741333,11.57295036315918
1763074903464,,40.21797078133435,,,,
1763074903481,,,,,-1.0339500904083252,
1763074903482,,,,-1.2940500974655151,,10.135950088500977
1763074903502,,38.85817217494984,,,,
1763074903513,,,,,0.16305001080036163,10.131000518798828
1763074903514,,,,1.207050085067749,,
1763074903516,,,111.5655517578125,,,
1763074903517,,,111.5655517578125,,0.831000030040741,9.159000396728516
1763074903518,,,,2.449050188064575,,
1763074903524,9.0,,,,,
1763074903541,,39.82531792074506,111.5655517578125,,,
1763074903542,,,,2.205000162124634,0.8380500674247742,9.15000057220459
1763074903572,,,,,0.843000054359436,8.332950592041016
1763074903573,,,,3.2029502391815186,,
1763074903574,,,,,0.8350500464439392,
1763074903575,,,,5.005950450897217,,8.326050758361816
1763074903585,,38.13176444396709,111.5655517578125,,,
1763074903593,,,80.0422595796131,,,
1763074903602,,,,4.173000335693359,1.828950047492981,8.314050674438477
1763074903613,,,,,3.2220001220703125,7.881000518798828
1763074903614,,,,4.6620001792907715,,
1763074903624,,37.81811081162414,80.0422595796131,,,
1763074903634,,,,4.417050361633301,3.7540502548217773,7.8760504722595215
1763074903636,9.0,,,,,
1763074903663,,37.46776997169405,80.0422595796131,,,
1763074903666,3.0,,,0.05700000375509262,2.9850001335144043,9.10200023651123
1763074903671,,,,1.3140000104904175,2.9950501918792725,9.09000015258789
1763074903698,,,,2.305950164794922,1.5490500926971436,9.10004997253418
1763074903705,,38.741149944225896,80.0422595796131,,,
1763074903729,,,,,0.4710000157356262,10.351950645446777
1763074903730,,,,0.5100000500679016,-0.5550000071525574,10.371000289916992
1763074903744,,37.42706298700333,,,,
1763074903759,,,,-1.0219500064849854,-0.5640000104904175,11.6089506149292
1763074903764,3.0,,,,,
1763074903783,,37.06890957529115,,,,
1763074903789,,,,,0.9310500621795654,12.649950981140137
1763074903790,,,,-0.15000000596046448,,12.628951072692871
1763074903794,,,74.34611002604166,,,
1763074903821,,,,-0.22200001776218414,1.9609501361846924,11.6089506149292
1763074903823,,35.96845280234062,74.34611002604166,,,
1763074903827,,,,,3.178950071334839,
1763074903828,,,,1.1989500522613525,,11.604000091552734
1763074903851,,,,1.5660001039505005,3.8830502033233643,11.593950271606445
1763074903864,,35.84610800679586,,,,
1763074903865,,,74.34611002604166,,,
1763074903877,,,64.70377604166666,,,
1763074903884,,,,,3.639000177383423,10.57395076751709
1763074903885,4.0,,,-0.35100001096725464,,
1763074903887,4.0,,,-0.6379500031471252,3.6559500694274902,10.572000503540039
