timestamp,AmbientLightSensor,DecibelSource,PitchSensor,AccX,AccY,AccZ
1763141947708,,,,2.622000217437744,-7.249050140380859,6.732000350952148
1763141947725,,,,1.8750001192092896,-9.009000778198242,1.4020500183105469
1763141947727,,67.49617893452627,73.62019856770834,,,
1763141947744,,,,0.33000001311302185,-11.04900074005127,
1763141947745,,,,,,-0.7879500389099121
1763141947760,4027.0,,,,,
1763141947763,,,,-0.6529500484466553,-14.439001083374023,-2.770050048828125
1763141947767,,74.35845325688962,73.62019856770834,,,
1763141947782,,,,3.009000062942505,-17.99505043029785,-4.31505012512207
1763141947807,,69.87480073433534,,,,
1763141947808,,,,14.631000518798828,-17.068050384521484,
1763141947809,,,,,,-6.211050510406494
1763141947824,,,,21.856950759887695,-15.847050666809082,
1763141947825,,,,,,-6.199050426483154
1763141947841,,,,28.51605224609375,-11.479950904846191,
1763141947842,1071.0,,,,,-6.208950519561768
1763141947847,,74.2296352460645,,,,
1763141947853,,,146.982421875,,,
1763141947860,,,,28.518001556396484,-5.590050220489502,-4.31505012512207
1763141947873,1071.0,,,,,
1763141947879,,,,33.30000305175781,,
1763141947880,,,,,1.1749500036239624,
1763141947881,,,,,,-2.770050048828125
1763141947887,,71.81632177548968,146.982421875,,,
1763141947899,,,,50.12895202636719,8.767950057983398,-2.7850501537323
1763141947919,,,,51.01995086669922,14.959051132202148,
1763141947920,,,,,,-1.111050009727478
1763141947928,,66.78334479240954,146.982421875,,,
1763141947938,,,,31.345951080322266,13.824000358581543,0.612000048160553
1763141947957,,,,17.34600067138672,,
1763141947958,,,,,13.033950805664062,3.6790502071380615
1763141947964,,68.51763103694482,,,,
1763141947965,,,146.982421875,,,
1763141947968,,,123.4326171875,,,
1763141947976,1071.0,,,,,
1763141947977,,,,12.964950561523438,14.557050704956055,6.88200044631958
1763141947996,,,,8.812950134277344,15.088951110839844,7.70805025100708
1763141948005,,78.83206435406827,123.4326171875,,,
1763141948016,,,,4.590000152587891,15.09795093536377,7.70805025100708
1763141948038,,,,0.49500003457069397,16.00094985961914,7.692000389099121
1763141948048,,74.22015257094404,123.4326171875,,,
1763141948051,,,159.7021484375,,,
1763141948055,,,,-4.9270501136779785,14.85105037689209,7.692000389099121
1763141948057,1095.0,,,,,
1763141948074,,,,-9.409049987792969,14.455950736999512,
1763141948075,,,,,,7.704000473022461
1763141948076,1095.0,,,,,
1763141948085,,75.42476137774212,159.7021484375,,,
1763141948094,,,,-9.753000259399414,14.47605037689209,7.70805025100708
1763141948113,,,,-6.909000396728516,14.19105052947998,
1763141948114,,,,,,7.7059502601623535
1763141948129,,76.86695939388021,159.7021484375,,,
1763141948133,,,88.15156482514881,-6.097050189971924,12.510000228881836,7.6870503425598145
1763141948155,,,,-4.546050071716309,12.223050117492676,
1763141948156,,,,,,7.1700005531311035
1763141948165,,80.77984937901812,88.15156482514881,,,
1763141948173,,,,1.4359500408172607,13.839000701904297,
1763141948174,,,,,,6.88200044631958
1763141948176,1095.0,,,,,
1763141948191,,,,9.991050720214844,13.846050262451172,
1763141948192,,,,,,7.1700005531311035
1763141948205,,74.51924146559348,88.15156482514881,,,
1763141948211,,,,20.99505043029785,15.64905071258545,7.1700005531311035
1763141948230,,,,33.98895263671875,17.229000091552734,7.1700005531311035
1763141948245,,72.70503025394812,88.15156482514881,,,
1763141948250,,,,37.3150520324707,18.996000289916992,9.23805046081543
1763141948251,,,93.38345336914062,,,
1763141948272,,,,41.301002502441406,12.553050994873047,12.054000854492188
1763141948274,1442.0,,,,,
1763141948276,1442.0,,,,,
1763141948285,,75.09190953514191,93.38345336914062,,,
1763141948289,,,,42.810001373291016,5.7870001792907715,13.627050399780273
1763141948308,,,,35.4900016784668,-0.5910000205039978,
1763141948309,,,,,,14.395950317382812
1763141948327,,,,22.73400115966797,,
1763141948328,,73.19788987752872,93.38345336914062,,-5.224050045013428,14.415000915527344
1763141948347,,,,16.18305015563965,-7.558050155639648,
1763141948348,,,,,,14.403000831604004
1763141948367,,,,9.157950401306152,-12.973950386047363,14.407950401306152
1763141948369,,70.78145645228203,,,,
1763141948387,,,,-1.0549499988555908,-18.2530517578125,
1763141948388,1442.0,,,,,14.395950317382812
1763141948404,,71.24159089215986,,,,
1763141948407,,,,-6.945000171661377,-26.097002029418945,14.410050392150879
1763141948408,,,167.16023763020831,,,
1763141948425,,,,-6.934950351715088,-25.350000381469727,3.68595027923584
1763141948445,,66.75076895222932,167.16023763020831,-4.933950424194336,-28.165950775146484,-0.32805001735687256
1763141948464,,,,-2.6860501766204834,-26.671951293945312,
1763141948465,,,,,,-1.8079501390457153
1763141948484,,,,3.6850502490997314,-21.700950622558594,
1763141948485,,,,,,-2.052000045776367
1763141948488,1442.0,,,,,
1763141948489,,72.59355447983391,167.16023763020831,,,
1763141948491,981.0,,,,,
1763141948509,,,,7.053000450134277,-18.792001724243164,-2.0400002002716064
1763141948523,,,,11.908950805664062,-17.485050201416016,-2.0310001373291016
1763141948527,,67.67067505012979,167.16023763020831,,,
1763141948532,,,195.751953125,,,
1763141948543,,,,16.246950149536133,-17.497051239013672,-5.887950420379639
1763141948562,,,,23.659950256347656,-16.177051544189453,
1763141948563,,,,,,-6.592050075531006
1763141948568,,61.955526876437304,195.751953125,,,
1763141948581,,,,37.687950134277344,-7.084050178527832,
1763141948582,,,,,,-7.705050468444824
1763141948589,981.0,,,,,
1763141948601,,,,49.77705383300781,3.358950138092041,
1763141948602,,,,,,-7.722000598907471
1763141948607,,60.87363603580222,195.751953125,,,
1763141948610,,,193.798828125,,,
1763141948623,,,,54.99195098876953,12.187050819396973,
1763141948624,,,,,,-7.366950511932373
1763141948639,,,,56.40705108642578,,
1763141948640,,,,,21.682050704956055,-7.366950511932373
1763141948647,,62.626624918634604,193.798828125,,,
1763141948659,,,,41.81100082397461,23.85900115966797,-7.389000415802002
1763141948678,,,,28.594951629638672,,
1763141948679,,,,,23.599950790405273,-7.369950294494629
1763141948689,981.0,60.19729373558184,193.798828125,,,
1763141948698,,,,14.839950561523438,20.77695083618164,-7.3720502853393555
1763141948708,1016.0,,,,,
1763141948717,,,,7.096950531005859,,
1763141948718,,,,,18.199050903320312,-3.2370002269744873
1763141948725,,66.32283902023124,,,,
1763141948742,,,,0.6180000305175781,17.926050186157227,0.46800002455711365
1763141948756,,,,-4.266000270843506,,
1763141948757,,,,,18.795000076293945,0.8560500144958496
1763141948765,,71.7505213214932,,,,
1763141948776,,,,-7.951050281524658,19.233001708984375,0.8389500379562378
1763141948789,1016.0,,,,,
1763141948795,,,,-9.847050666809082,19.72905158996582,
1763141948796,,,,,,0.8460000157356262
1763141948805,,75.1991599793597,,,,
1763141948808,,,143.8720703125,,,
1763141948815,,,,-8.532000541687012,17.551950454711914,2.8030500411987305
1763141948837,,,,-4.085999965667725,15.361050605773926,5.647050380706787
1763141948845,,76.86194536991584,143.8720703125,,,
1763141948854,,,,1.7239500284194946,14.692950248718262,
1763141948855,,,,,,5.6449503898620605
1763141948873,,,,7.354950428009033,16.25895118713379,
1763141948874,,,,,,5.941050052642822
1763141948885,,78.1388055407063,143.8720703125,,,
1763141948890,1016.0,,,,,
1763141948891,,,96.86267671130952,,,
1763141948893,,,,12.318000793457031,16.819950103759766,8.728050231933594
1763141948912,,,,23.257951736450195,,
1763141948913,,,,,19.506000518798828,10.474050521850586
1763141948924,,76.56332637154179,,,,
1763141948925,1095.0,,96.86267671130952,,,
1763141948932,,,,38.00400161743164,24.69900131225586,11.629950523376465
1763141948955,,,,47.809051513671875,25.804950714111328,12.44895076751709
1763141948965,,76.39617012530704,96.86267671130952,,,
1763141948970,,,64.76255580357143,,,
1763141948971,,,,47.802001953125,17.73900032043457,
1763141948972,,,,,,14.116050720214844
1763141948989,1095.0,,,,,
1763141948990,,,,44.77800369262695,10.779000282287598,
1763141948991,,,,,,14.10105037689209
1763141949007,,77.29427213943458,64.76255580357143,,,
1763141949010,,,,32.01405334472656,0.9960000514984131,14.116050720214844
1763141949029,,,,21.67095184326172,-8.650050163269043,
1763141949030,,,,,,14.13705062866211
1763141949045,,79.61965626139146,64.76255580357143,,,
1763141949049,,,,8.1739501953125,-19.201051712036133,12.44895076751709
1763141949072,,,,-3.655050277709961,-27.325050354003906,10.474050521850586
1763141949085,,73.78558889589405,64.76255580357143,,,
1763141949088,,,,-8.820000648498535,-30.262950897216797,4.771050453186035
1763141949090,1095.0,,,,,
1763141949107,,,,-6.895050525665283,-29.89695167541504,
1763141949108,,,,,,3.68595027923584
1763141949125,,71.2623431444291,,,,
1763141949127,,,,-4.258950233459473,-28.941001892089844,2.257050037384033
1763141949142,1134.0,,,,,
1763141949146,,,,-1.1269500255584717,-28.000051498413086,
1763141949147,,,,,,-1.8439500331878662
1763141949166,,,,3.0810000896453857,-24.99795150756836,-4.465950012207031
1763141949169,,73.03614162386654,,,,
1763141949174,,,101.78379603794643,,,
1763141949186,,,,7.879050254821777,-22.915050506591797,-6.5560503005981445
1763141949189,1134.0,,,,,
1763141949205,,77.16716278827772,,,,
1763141949206,,,101.78379603794643,,,
1763141949207,,,,15.22800064086914,-20.860950469970703,-7.698000431060791
1763141949224,,,,23.566951751708984,-15.553050994873047,
1763141949225,,,,,,-7.693050384521484
1763141949244,,,,37.38705062866211,-2.473050117492676,-8.45205020904541
1763141949245,,66.31553311656407,101.78379603794643,,,
1763141949263,,,,42.47205352783203,7.963050365447998,
1763141949264,,,,,,-8.94795036315918
1763141949283,,,,52.765052795410156,20.956951141357422,-11.5260009765625
1763141949285,,65.38929875137961,,,,
1763141949290,1134.0,,,,,
1763141949306,,,,55.48695373535156,28.362001419067383,-11.5260009765625
1763141949322,,,,38.9239501953125,28.384052276611328,-11.548050880432129
1763141949325,,68.30466932485635,,,,
1763141949329,,,213.14453125,,,
1763141949341,,,,20.176950454711914,20.914051055908203,
1763141949342,,,,,,-11.548050880432129
1763141949359,817.0,,,,,
1763141949361,,,,6.2059502601623535,16.98495101928711,-8.45205020904541
1763141949365,,75.03664103638917,213.14453125,,,
1763141949380,,,,0.6970500349998474,18.205951690673828,
1763141949381,,,,,,-6.520050525665283
1763141949390,817.0,,,,,
1763141949400,,,,-2.1040501594543457,18.687000274658203,-0.004950000438839197
1763141949405,,71.59187815330371,213.14453125,,,
1763141949424,,,,-6.57105016708374,15.274950981140137,0.6330000162124634
1763141949439,,,,-7.627050399780273,13.063050270080566,0.6330000162124634
1763141949445,,79.37303440375982,213.14453125,,,
1763141949458,,,,-10.213050842285156,10.506000518798828,
1763141949459,,,,,,1.0860000848770142
1763141949478,,,,-8.044050216674805,9.594000816345215,1.4449501037597656
1763141949486,,77.20895248302494,,,,
1763141949498,,,,-3.835050106048584,10.807950973510742,2.350050210952759
1763141949506,817.0,,,,,
1763141949517,,,,5.803950309753418,13.91100025177002,4.455000400543213
1763141949526,,75.11925334023546,,,,
1763141949532,,,86.31922743055556,,,
1763141949544,,,,13.195050239562988,,
1763141949545,,,,,16.123050689697266,4.435050010681152
1763141949562,,,,17.311050415039062,16.819950103759766,
1763141949563,,,,,,4.432950019836426
1763141949565,,68.26050300206178,86.31922743055556,,,
1763141949575,567.0,,,22.231050491333008,18.364051818847656,
1763141949576,,,,,,6.372000217437744
1763141949594,,,,27.216001510620117,,
1763141949595,,,,,18.844951629638672,6.360000133514404
1763141949605,,71.83177717519578,86.31922743055556,,,
1763141949606,567.0,,,,,
1763141949614,,,,35.152950286865234,,
1763141949615,,,,,18.867000579833984,8.842950820922852
1763141949634,,,,38.42100143432617,13.558950424194336,8.82705020904541
1763141949648,,75.79301267068772,,,,
1763141949659,,,,33.49394989013672,9.241950035095215,
1763141949660,,,,,,8.83395004272461
1763141949677,,,,25.297950744628906,3.8400001525878906,
1763141949678,,,,,,8.824049949645996
1763141949686,,72.16640428613745,,,,
1763141949697,,,,17.23200035095215,-1.9410001039505005,
1763141949698,,,,,,8.860050201416016
1763141949707,567.0,,,,,
1763141949712,,,,8.3100004196167,-7.960050582885742,8.84595012664795
1763141949727,,71.08373765337332,,,,
1763141949732,,,173.671875,-0.286050021648407,-13.44105052947998,
1763141949733,,,,,,6.601950168609619
1763141949751,,,,-4.833000183105469,-17.125951766967773,5.625000476837158
1763141949765,,63.549267913679216,173.671875,,,
1763141949773,,,,-4.582050323486328,,
1763141949774,,,,,-18.943050384521484,1.1430000066757202
1763141949792,,,,-3.1020002365112305,,
1763141949793,1620.0,,,,-19.76205062866211,0.5260500311851501
1763141949805,,62.82836428922012,173.671875,,,
1763141949808,,,179.4384765625,,,
1763141949811,,,,-3.0829501152038574,-20.30805015563965,
1763141949812,1620.0,,,,,-0.05505000427365303
1763141949828,,,,-4.882950305938721,,
1763141949829,,,,,-18.763050079345703,-3.1870501041412354
1763141949845,,59.608236321022474,179.4384765625,,,
1763141949848,,,,-2.8510501384735107,-18.174001693725586,-3.6750001907348633
1763141949867,,,,2.650050163269043,,
1763141949868,,,,,-16.55805015563965,-5.500050067901611
1763141949886,,63.88337370121502,179.4384765625,,,
1763141949887,,,,9.546000480651855,-11.631000518798828,
1763141949888,,,,,,-5.490000247955322
1763141949906,,,,18.610950469970703,,
1763141949907,,,,,-2.6740500926971436,-5.493000030517578
1763141949913,1620.0,,,,,
1763141949926,,,,33.19200134277344,13.105950355529785,-6.397950172424316
1763141949929,,61.1199717668324,,,,
1763141949945,,,,35.23200225830078,,
1763141949946,,,,,24.994050979614258,-7.777050495147705
1763141949965,,56.88709515845797,,41.17905044555664,34.80495071411133,
1763141949966,,,,,,-7.779000282287598
1763141949984,,,,39.283050537109375,,
1763141949985,,,,,35.08605194091797,-9.867000579833984
1763141950005,,,,23.0710506439209,23.457000732421875,
1763141950010,1191.0,,,,,
1763141950015,,,1173.5595703125,,,
1763141950024,1191.0,,,12.699000358581543,15.34695053100586,-8.014050483703613
1763141950043,,,,2.212050199508667,9.2920503616333,-8.026050567626953
1763141950045,,65.87535705029987,1173.5595703125,,,
1763141950062,,,,-5.322000026702881,5.563950061798096,
1763141950063,,,,,,-5.406000137329102
1763141950082,,,,-10.42905044555664,2.5039501190185547,-4.408050060272217
1763141950085,,61.47561182267936,1173.5595703125,,,
1763141950101,,,,-12.835050582885742,,
1763141950102,,,,,1.068000078201294,-4.408050060272217
1763141950122,,,,-9.028050422668457,1.9870500564575195,-3.8620502948760986
1763141950124,1191.0,,,,,
1763141950125,,70.16799765686459,,,,
1763141950140,,,,-7.383000373840332,3.589050054550171,
1763141950141,,,,,,-3.868950128555298
1763141950160,,,,-6.385050296783447,5.629050254821777,-1.6350001096725464
1763141950165,,74.45050302678507,,,,
1763141950170,,,356.9384765625,,,
1763141950179,,,,-3.885000228881836,8.538000106811523,
1763141950180,,,,,,1.7680500745773315
1763141950199,,,,1.2420001029968262,10.97295093536377,1.7509500980377197
1763141950205,,78.04495617703867,356.9384765625,,,
1763141950218,,,,8.381999969482422,14.686050415039062,
1763141950219,,,,,,2.4940500259399414
1763141950224,1191.0,,,,,
1763141950227,546.0,,,,,
1763141950238,,,,14.860950469970703,17.494951248168945,
1763141950239,,,,,,5.022000312805176
1763141950249,,70.51639218599499,356.9384765625,,,
1763141950257,,,,16.384050369262695,18.199050903320312,
1763141950258,,,,,,5.920050144195557
1763141950277,,,,15.349950790405273,17.005950927734375,6.732000350952148
1763141950285,,73.43218318411535,356.9384765625,,,
1763141950296,,,,24.88800048828125,19.944000244140625,6.721950531005859
1763141950316,,,,23.566951751708984,17.26500129699707,6.720000267028809
1763141950325,546.0,74.65333615243975,,,,
1763141950338,,,,23.551950454711914,15.520051002502441,
1763141950339,,,,,,6.717000484466553
1763141950355,,,,22.49700164794922,,
1763141950356,,,,,10.642050743103027,6.7099504470825195
1763141950366,,71.24180394744333,,,,
1763141950370,,,133.41837565104169,,,
1763141950374,,,,13.45305061340332,2.9140501022338867,
1763141950375,,,,,,5.920050144195557
1763141950393,,,,7.261950492858887,,
1763141950394,,,,,-2.839050054550171,5.925000190734863
1763141950405,,77.05953208128997,133.41837565104169,,,
1763141950413,,,,1.7880001068115234,-8.527950286865234,
1763141950414,,,,,,4.5259504318237305
1763141950425,546.0,,,,,
1763141950432,,,,-2.6070001125335693,,
1763141950433,,,,,-14.03700065612793,-0.45705002546310425
1763141950444,595.0,,,,,
1763141950445,,62.67960355139781,133.41837565104169,,,
1763141950449,,,162.6708984375,,,
1763141950455,,,,-1.7800500392913818,-14.482050895690918,
1763141950456,,,,,,-2.260050058364868
1763141950472,,,,-3.0949501991271973,-15.8899507522583,-2.641050100326538
1763141950487,,59.297800188344326,162.6708984375,,,
1763141950491,,,,-3.076050043106079,-16.3570499420166,
1763141950492,,,,,,-4.630950450897217
1763141950510,,,,-1.8379501104354858,,
1763141950511,,,,,-17.097000122070312,-9.975000381469727
1763141950525,,62.800058541333506,,,,
1763141950526,595.0,,162.6708984375,,,
1763141950530,,,,3.390000104904175,-17.10900115966797,-10.843950271606445
1763141950549,,,,12.907051086425781,,
1763141950550,,,,,-14.137950897216797,-10.840950965881348
1763141950566,,62.926103343576976,162.6708984375,,,
1763141950570,,,243.7255859375,,,
1763141950573,,,,21.678001403808594,-11.803050994873047,-10.830000877380371
1763141950589,,,,26.799001693725586,-11.193000793457031,-10.840950965881348
1763141950605,,61.95843000121678,243.7255859375,,,
1763141950608,,,,34.67205047607422,-9.153000831604004,-10.822050094604492
1763141950626,595.0,,,,,
1763141950628,,,,47.1910514831543,-0.6550500392913818,-10.843950271606445
1763141950645,,62.69241289284453,,,,
1763141950646,,,243.7255859375,,,
1763141950647,,,,57.70005416870117,,
1763141950648,,,,,10.498950958251953,-7.288050174713135
1763141950650,,,233.6927490234375,,,
1763141950661,616.0,,,,,
1763141950666,,,,44.002052307128906,,
1763141950667,,,,,14.980950355529785,-5.514000415802002
1763141950686,,70.75612965740706,233.6927490234375,29.87295150756836,,
1763141950687,,,,,18.571950912475586,-4.336050033569336
1763141950705,,,,16.40595054626465,,
1763141950706,,,,,20.002050399780273,-0.62295001745224
1763141950725,,,,8.662050247192383,19.750051498413086,
1763141950726,,63.01824097917269,233.6927490234375,,,1.2580500841140747
1763141950727,616.0,,,,,
1763141950744,,,,2.2980000972747803,,
1763141950745,,,,,15.361050605773926,4.195950031280518
1763141950764,,,,-2.677950143814087,12.38805103302002,4.821000099182129
1763141950765,,61.17443866752993,,,,
1763141950783,,,,-9.04995059967041,,
1763141950784,,,,,11.986050605773926,6.034950256347656
1763141950805,,,,-13.078950881958008,14.161951065063477,13.324950218200684
1763141950806,,70.10623907359101,,,,
1763141950822,,,,-10.507950782775879,17.43705177307129,
1763141950823,,,,,,13.309050559997559
1763141950827,616.0,,,,,
1763141950842,,,,-10.24905014038086,16.029001235961914,13.303950309753418
1763141950845,,73.0472063931946,,,,
1763141950854,,,527.6806640625,,,
1763141950862,,,,-2.476950168609619,17.839950561523438,13.31295108795166
1763141950878,834.0,,,,,
1763141950881,,,,5.703000068664551,20.842050552368164,13.303950309753418
1763141950885,,70.61467355537593,,,,
1763141950886,,,527.6806640625,,,
1763141950900,,,,10.321950912475586,22.91805076599121,
1763141950901,,,,,,13.31100082397461
1763141950924,,,,19.099050521850586,26.955001831054688,
1763141950925,,,,,,13.321050643920898
1763141950927,834.0,,,,,
1763141950929,,80.126688531128,527.6806640625,,,
1763141950941,,,,42.522003173828125,31.006052017211914,13.315950393676758
1763141950959,,,,55.048954010009766,23.176050186157227,18.0799503326416
1763141950965,,78.8193029581796,,,,
1763141950978,,,,50.83995056152344,15.886051177978516,
1763141950979,,,,,,18.058950424194336
1763141950998,,,,54.73305130004883,12.108000755310059,13.56195068359375
1763141951006,,77.15864446007218,,,,
1763141951010,,,103.58357747395834,,,
1763141951017,,,,33.94605255126953,-1.6819500923156738,13.584000587463379
1763141951027,834.0,,,,,
1763141951039,,,,17.562000274658203,-11.983050346374512,13.564950942993164
1763141951049,,78.6779054087605,103.58357747395834,,,
1763141951056,,,,6.270000457763672,-21.249000549316406,
1763141951057,,,,,,13.564950942993164
1763141951076,,,,-2.808000087738037,-27.43305206298828,10.029000282287598
1763141951085,,75.93496050664645,,,,
1763141951086,,,103.58357747395834,,,
1763141951095,2369.0,,,-5.824050426483154,-31.132051467895508,1.158000111579895
1763141951115,,,,-9.508950233459473,-34.28505325317383,-0.15600000321865082
1763141951125,,67.06061601339884,,,,
1763141951126,,,103.58357747395834,,,
1763141951129,2369.0,,,,,
1763141951134,,,,-12.196050643920898,-36.649051666259766,
1763141951135,,,,,,-4.2210001945495605
1763141951156,,,,-6.823050498962402,-35.521053314208984,
1763141951157,,,,,,-4.480050086975098
1763141951165,,64.07321974257383,,,,
1763141951173,,,,5.077950477600098,-31.684951782226562,
1763141951174,,,,,,-4.480050086975098
1763141951193,,,,14.4660005569458,-30.349050521850586,-7.546950340270996
1763141951205,,70.73021007556028,,,,
1763141951209,,,104.619140625,,,
1763141951213,,,,21.55605125427246,-24.889951705932617,-7.5420002937316895
1763141951229,2369.0,,,,,
1763141951232,,,,41.56005096435547,-10.905000686645508,-7.5450005531311035
1763141951245,,53.442303873761325,104.619140625,,,
1763141951251,,,,54.22995376586914,5.6569504737854,-8.344050407409668
1763141951272,,,,55.522953033447266,17.3299503326416,
1763141951273,,,,,,-9.249000549316406
1763141951285,,52.54418648013355,104.619140625,,,
1763141951290,,,,59.79000473022461,25.590002059936523,
1763141951291,,,,,,-9.253950119018555
1763141951309,,,,46.00605392456055,,
1763141951310,,,,,26.761051177978516,-8.344050407409668
1763141951312,1203.0,,,,,
1763141951326,,63.28251883829292,,,,
1763141951329,1203.0,,,24.63705062866211,20.518951416015625,-7.546950340270996
1763141951348,,,,5.860950469970703,,
1763141951349,,,,,15.096000671386719,-7.252050399780273
1763141951365,,56.03205556972015,,,,
1763141951368,,,,0.6319500207901001,15.433051109313965,-6.02400016784668
1763141951387,,,,-7.081050395965576,,
1763141951388,,,,,15.439950942993164,-0.9600000381469727
1763141951405,,74.40810660455264,,,,
1763141951407,,,,-10.234950065612793,16.906051635742188,1.4310001134872437
1763141951410,,,209.90275065104169,,,
1763141951426,,,,-9.897000312805176,,
1763141951427,,,,,20.93505096435547,2.688000202178955
1763141951429,1203.0,,,,,
1763141951445,,80.10415803621042,209.90275065104169,,,
1763141951447,,,,-10.393050193786621,22.91805076599121,3.4990501403808594
1763141951465,,,,-3.96405029296875,,
1763141951466,,,,,23.9449520111084,4.195950031280518
1763141951485,,76.704479761654,209.90275065104169,7.693050384521484,24.987001419067383,
1763141951486,,,,,,4.978950023651123
1763141951488,,,154.560546875,,,
1763141951506,,,,13.87695026397705,24.124950408935547,
1763141951507,,,,,,5.380950450897217
1763141951524,,,,22.273950576782227,25.294950485229492,5.359950065612793
1763141951525,,74.51377784009296,154.560546875,,,
1763141951529,1567.0,,,,,
1763141951530,1567.0,,,,,
1763141951543,,,,29.24100112915039,,
1763141951544,,,,,25.999052047729492,8.08905029296875
1763141951563,,,,44.986053466796875,28.68600082397461,11.235000610351562
1763141951565,,78.00141614215477,154.560546875,,,
1763141951582,,,,52.69305419921875,,
1763141951583,,,,,24.31905174255371,11.87505054473877
1763141951602,,,,41.14305114746094,12.100050926208496,11.854950904846191
1763141951605,,79.35777787902587,,,,
1763141951622,,,,32.566951751708984,8.926050186157227,11.869950294494629
1763141951630,1567.0,,,,,
1763141951641,,,,26.59800148010254,0.6150000095367432,
1763141951642,,,,,,11.872050285339355
1763141951645,,73.01675193393196,,,,
1763141951660,,,,15.996000289916992,,
1763141951661,,,,,-13.240050315856934,11.88900089263916
1763141951680,,,,2.722050189971924,-30.148052215576172,11.893950462341309
1763141951685,,71.49201156385422,,,,
1763141951691,,,158.2574462890625,,,
1763141951699,,,,-6.262950420379639,-40.01700210571289,
1763141951700,,,,,,5.769000053405762
1763141951719,,,,-5.479950428009033,-42.652950286865234,4.491000175476074
1763141951725,,77.93414831126198,,,,
1763141951726,,,158.2574462890625,,,
1763141951742,1567.0,,,-6.175950527191162,-45.08100128173828,3.8869502544403076
1763141951746,1657.0,,,,,
1763141951758,,,,-4.9770002365112305,-45.08595275878906,
1763141951759,,,,,,0.18105000257492065
1763141951769,,77.08014392966415,158.2574462890625,,,
1763141951773,,,145.732421875,,,
1763141951777,,,,8.044950485229492,-41.820003509521484,
1763141951778,,,,,,-3.89805006980896
1763141951797,,,,23.53095054626465,-34.450950622558594,-3.886050224304199
1763141951805,,60.399753865793606,,,,
1763141951806,,,145.732421875,,,
1763141951816,,,,39.6280517578125,-24.373050689697266,-5.349000453948975
1763141951836,,,,55.035003662109375,-11.14905071258545,-5.341950416564941
1763141951842,1657.0,,,,,
1763141951846,,61.09599530866002,145.732421875,,,
1763141951855,,,179.53973679315476,,,
1763141951857,,,,62.017051696777344,2.9059500694274902,
1763141951858,,,,,,-5.3680500984191895
1763141951875,,,,62.49795150756836,12.955050468444824,-5.361000061035156
1763141951885,,60.87933202139104,179.53973679315476,,,
1763141951894,,,,60.76695251464844,23.356050491333008,-5.3710503578186035
1763141951914,,,,50.93400192260742,31.149002075195312,-5.359050273895264
1763141951925,,72.68809274656002,179.53973679315476,,,
1763141951933,,,,30.799951553344727,28.032001495361328,
1763141951934,,,,,,-5.353950023651123
1763141951942,1657.0,,,,,
1763141951953,,,,12.843000411987305,,
1763141951954,,,,,24.21105194091797,
1763141951955,,,,,,-3.639000177383423
1763141951963,1340.0,,,,,
1763141951966,,66.5640382338209,179.53973679315476,,,
1763141951970,,,125.46940394810268,,,
1763141951974,,,,1.9459501504898071,24.22800064086914,-2.433000087738037
1763141951992,,,,-4.122000217437744,24.216001510620117,-0.831000030040741
1763141952005,,59.31752013657458,125.46940394810268,,,
1763141952011,,,,-9.106950759887695,24.232051849365234,4.060050010681152
1763141952030,,,,-11.57805061340332,,
1763141952031,,,,,28.555952072143555,4.986000061035156
1763141952043,1340.0,,,,,
1763141952045,,76.75171007736563,125.46940394810268,,,
1763141952049,,,147.13653564453125,,,
1763141952050,,,,-10.278000831604004,27.838050842285156,4.984050273895264
1763141952074,,,,0.6390000581741333,26.731950759887695,
1763141952075,,,,,,5.998950481414795
1763141952085,,79.63557754406236,147.13653564453125,,,
1763141952090,,,,12.016950607299805,25.165950775146484,
1763141952091,,,,,,5.986950397491455
1763141952108,,,,21.642000198364258,,
1763141952109,,,,,25.17795181274414,9.598050117492676
1763141952125,,79.82513650986914,147.13653564453125,,,
1763141952128,,,,36.91305160522461,30.50295066833496,
1763141952129,,,,,,10.330050468444824
1763141952142,1340.0,,,,,
1763141952147,,,,51.982051849365234,28.204051971435547,
1763141952148,,,,,,15.487051010131836
1763141952164,,76.30029259271173,,,,
1763141952167,,,,58.21695327758789,14.758050918579102,15.468000411987305
1763141952180,1488.0,,,,,
1763141952191,,,,50.803951263427734,9.378000259399414,15.48495101928711
1763141952206,,77.3165186591157,,49.582950592041016,3.4810502529144287,
1763141952207,,,,,,15.468000411987305
1763141952218,,,86.87791418650794,,,
1763141952225,,,,34.89405059814453,,
1763141952226,,,,,-9.526050567626953,15.499051094055176
1763141952243,1488.0,,,,,
1763141952245,,,,20.572050094604492,-18.676950454711914,15.504000663757324
1763141952246,,79.65903319245845,86.87791418650794,,,
1763141952264,,,,6.156000137329102,,
1763141952265,,,,,-31.921951293945312,15.508951187133789
1763141952284,,,,-3.66195011138916,-39.127052307128906,6.013050079345703
1763141952285,,77.14699753239358,86.87791418650794,,,
1763141952307,,,,-3.66195011138916,-41.95695114135742,5.452950477600098
1763141952323,,,,-11.973000526428223,-44.55705261230469,-0.22800001502037048
1763141952326,,67.80305155879284,,,,
1763141952327,,,86.87791418650794,,,
1763141952332,,,59.85055106026786,,,
1763141952343,1488.0,,,-11.950950622558594,-43.63005065917969,-5.0620503425598145
1763141952362,,,,2.2699501514434814,-36.807003021240234,
1763141952363,,,,,,-5.908950328826904
1763141952364,,57.70557341228893,,,,
1763141952365,,,59.85055106026786,,,
1763141952381,,,,17.5260009765625,-29.739002227783203,
1763141952382,,,,,,-9.249000549316406
1763141952397,1748.0,,,,,
1763141952401,,,,29.671951293945312,-23.188051223754883,-9.247050285339355
1763141952405,,56.108908062957816,59.85055106026786,,,
1763141952426,,,,48.5920524597168,-4.41195011138916,-9.22800064086914
1763141952440,,,,58.30305099487305,18.442951202392578,
1763141952441,,,,,,-9.265950202941895
1763141952444,1748.0,,,,,
1763141952445,,48.41414067080217,,,,
1763141952459,,,,47.18400192260742,23.665050506591797,
1763141952460,,,,,,-9.622950553894043
1763141952479,,,,52.413002014160156,36.694950103759766,-9.622950553894043
1763141952485,,51.42263844051971,,,,
1763141952490,,,67.88516671316964,,,
1763141952498,,,,43.413002014160156,33.24705123901367,
1763141952499,,,,,,-9.622950553894043
1763141952518,,,,23.538002014160156,25.36695098876953,-9.643950462341309
1763141952525,,76.41355791287864,67.88516671316964,,,
1763141952541,,,,6.2989501953125,,
1763141952542,,,,,18.772951126098633,-7.510950565338135
1763141952544,1748.0,,,,,
1763141952557,,,,-3.3030002117156982,14.421000480651855,-5.851950168609619
1763141952565,,54.19418943380897,67.88516671316964,,,
1763141952576,,,,-10.95300006866455,11.3100004196167,-5.1409502029418945
1763141952596,,,,-13.632000923156738,9.2989501953125,-2.0020501613616943
1763141952605,,74.09014204880216,67.88516671316964,,,
1763141952614,848.0,,,-10.615050315856934,11.971050262451172,-0.931950032711029
1763141952635,,,,-11.743050575256348,13.681050300598145,-0.13395000994205475
1763141952644,848.0,,,,,
1763141952645,,76.34205615997125,,,,
1763141952658,,,,-6.370050430297852,16.38105010986328,3.103950262069702
1763141952673,,,,0.08595000207424164,,
1763141952674,,,,,18.421051025390625,8.64900016784668
1763141952685,,72.88399714152756,,,,
1763141952690,,,141.64925130208331,,,
1763141952693,,,,16.498950958251953,26.128952026367188,
1763141952694,,,,,,8.632950782775879
1763141952712,,,,33.925052642822266,,
1763141952713,,,,,34.23105239868164,9.993000030517578
1763141952730,,77.80303547619012,141.64925130208331,,,
1763141952732,,,,44.34705352783203,31.924951553344727,10.380000114440918
1763141952744,848.0,,,,,
1763141952751,,,,52.32705307006836,,
1763141952752,,,,,27.097951889038086,10.375950813293457
1763141952765,,76.84408202074167,141.64925130208331,,,
1763141952772,,,173.4375,,,
1763141952775,,,,51.69495391845703,19.843950271606445,10.375950813293457
1763141952791,,,,39.742950439453125,3.438000202178955,10.380000114440918
1763141952805,,77.23926083521718,173.4375,,,
1763141952810,,,,23.57400131225586,-12.141000747680664,10.396950721740723
1763141952829,,,,8.44005012512207,-23.511001586914062,
1763141952830,2179.0,,,,,10.395000457763672
1763141952844,2179.0,,,,,
1763141952845,,77.37650919785752,173.4375,,,
1763141952849,,,,-3.892050266265869,-32.1739501953125,10.390050888061523
1763141952868,,,,-4.9270501136779785,,
1763141952869,,,,,-34.329002380371094,7.651050567626953
1763141952886,,72.2204983081541,173.4375,,,
1763141952890,,,,-3.016050100326538,-35.39895248413086,4.641000270843506
1763141952891,,,193.97786458333331,,,
1763141952907,,,,-10.903050422668457,,
1763141952908,,,,,-38.6670036315918,-1.8649500608444214
1763141952926,,60.82492044984474,193.97786458333331,,,
1763141952927,,,,-9.94005012512207,-38.68095016479492,-5.125950336456299
1763141952944,2179.0,,,,,
1763141952947,,,,6.357000350952148,-33.18600082397461,-6.592050075531006
1763141952965,,41.5548562474795,,,,
1763141952966,,,193.97786458333331,25.930051803588867,-25.702051162719727,-8.797050476074219
1763141952974,,,162.62486049107144,,,
1763141952985,,,,38.866050720214844,-16.185001373291016,
1763141952986,,,,,,-8.782050132751465
1763141953005,,38.705401227019806,162.62486049107144,,,
1763141953007,,,,47.02605056762695,,
1763141953008,,,,,-4.138950347900391,-8.785050392150879
1763141953024,,,,59.050052642822266,13.46505069732666,
1763141953025,,,,,,-8.815950393676758
1763141953044,2179.0,,,47.31300354003906,15.64905071258545,-10.470000267028809
1763141953048,1261.0,45.40325054544134,162.62486049107144,,,
1763141953063,,,,52.650001525878906,25.461000442504883,
1763141953064,,,,,,-10.489950180053711
1763141953083,,,,33.14895248413086,21.08595085144043,-8.797050476074219
1763141953089,,70.63278887023684,,,,
1763141953102,,,,18.331050872802734,20.137950897216797,
1763141953103,,,,,,-8.809050559997559
1763141953123,,,,8.611950874328613,21.86895179748535,-6.9649505615234375
1763141953126,,74.15025228811322,,,,
1763141953141,,,,-4.04295015335083,,
1763141953142,,,,,19.678050994873047,-5.220000267028809
1763141953145,1261.0,,,,,
1763141953161,,,,-13.624950408935547,17.45895004272461,-2.410950183868408
1763141953165,,77.47067682004273,,,,
1763141953170,,,1206.484375,,,
1763141953180,,,,-14.092050552368164,,
1763141953181,,,,,19.707000732421875,5.071950435638428
1763141953200,,,,-14.110950469970703,24.382951736450195,6.637950420379639
1763141953206,,79.43521280467752,1206.484375,,,
1763141953219,,,,-6.478050231933594,28.828950881958008,
1763141953220,,,,,,7.105050563812256
1763141953240,,,,1.1350500583648682,26.63895034790039,
1763141953241,,,,,,7.371000289916992
1763141953244,1261.0,,,,,
1763141953245,,81.81467747887638,1206.484375,,,
1763141953258,,,,10.46505069732666,23.679000854492188,
1763141953259,,,,,,9.496950149536133
1763141953265,828.0,,,,,
1763141953277,,,,22.554000854492188,,
1763141953278,,,,,24.232051849365234,11.106000900268555
1763141953286,,77.60645960148936,,,,
1763141953297,,,,41.509952545166016,,
1763141953298,,,,,26.788951873779297,11.098950386047363
1763141953316,,,,49.89900207519531,,
1763141953317,,,,,16.89900016784668,11.10105037689209
1763141953325,,81.79457750790839,,,,
1763141953330,,,183.6962890625,,,
1763141953336,,,,46.94700241088867,11.641050338745117,
1763141953337,,,,,,11.092050552368164
1763141953345,828.0,,,,,
1763141953356,,,,49.015953063964844,,
1763141953357,,,,,9.421050071716309,11.083950996398926
1763141953364,,79.98578551018632,,,,
1763141953365,,,183.6962890625,,,
1763141953375,,,,41.890052795410156,2.9140501022338867,
1763141953376,,,,,,11.104050636291504
1763141953394,,,,27.04305076599121,-3.7080001831054688,
1763141953395,,,,,,11.118000984191895
1763141953405,,78.41846501274254,183.6962890625,,,
1763141953414,,,,13.129950523376465,-12.262950897216797,9.496950149536133
1763141953433,,,,2.5279500484466553,,
1763141953434,,,,,-20.932950973510742,9.052050590515137
1763141953447,,75.25661491464545,183.6962890625,,,
1763141953449,828.0,,,,,
1763141953450,,,152.373046875,,,
1763141953453,,,,-3.2820000648498535,-28.410001754760742,2.070000171661377
1763141953474,,,,-3.265050172805786,,
1763141953475,,,,,-31.102951049804688,0.3750000298023224
1763141953488,,56.45939690653992,152.373046875,,,
1763141953492,,,,-6.169050216674805,-32.48295211791992,-0.5149500370025635
1763141953511,,,,-5.868000507354736,,
1763141953512,,,,,-30.49995231628418,-3.3949501514434814
1763141953525,,42.92371756768436,152.373046875,,,
1763141953531,,,148.77583821614581,0.6460500359535217,,
1763141953532,,,,,-26.31195068359375,
1763141953533,,,,,,-4.723950386047363
1763141953549,828.0,,,,,
1763141953551,,,,18.546001434326172,-13.519950866699219,-4.717050075531006
1763141953565,,44.634059617455094,148.77583821614581,,,
1763141953570,,,,37.687950134277344,11.467950820922852,-4.734000205993652
1763141953591,,,,42.16305160522461,32.49300003051758,-4.735949993133545
1763141953605,,43.2065555977603,148.77583821614581,,,
1763141953609,,,,30.8070011138916,,
1763141953610,,,,,34.61205291748047,-4.723950386047363
1763141953628,,,,25.959001541137695,31.17795181274414,-4.73805046081543
1763141953648,,,,25.42005157470703,22.012950897216797,-4.743000030517578
1763141953649,828.0,,,,,
1763141953650,,53.60806230978866,,,,
1763141953667,,,,13.683000564575195,14.78700065612793,
1763141953668,,,,,,-3.3949501514434814
1763141953685,,75.48755170740114,,,,
1763141953687,,,,5.6170501708984375,9.357000350952148,1.6320000886917114
1763141953699,3021.0,,,,,
1763141953708,,,,-4.624950408935547,4.056000232696533,1.612950086593628
1763141953726,,78.33270092860346,,-7.5199503898620605,-1.6609500646591187,1.6320000886917114
1763141953733,,,157.2066437251984,,,
1763141953734,,,157.2066437251984,,,
1763141953745,,,,-5.235000133514404,-3.05400013923645,
1763141953746,,,,,,1.636950135231018
1763141953750,3021.0,,,,,
1763141953765,,80.78731598103609,157.2066437251984,-7.089000225067139,-5.755050182342529,1.6320000886917114
1763141953784,,,,-9.97605037689209,-6.1650004386901855,
1763141953785,,,,,,2.9100000858306885
1763141953804,,,,-14.26395034790039,-5.797950267791748,5.137050151824951
1763141953805,,73.38711497266692,157.2066437251984,,,
1763141953811,,,150.185546875,,,
1763141953826,,,,-5.781000137329102,-0.39000001549720764,
1763141953827,,,,,,5.158950328826904
1763141953846,,77.4628430069671,150.185546875,-5.781000137329102,1.2109500169754028,
1763141953847,,,,,,5.137050151824951
1763141953851,3021.0,,,,,
1763141953862,,,,-4.611000061035156,6.598050117492676,
1763141953863,,,,,,5.137050151824951
1763141953881,,,,3.3109500408172607,,
1763141953882,,,,,6.856950283050537,5.118000030517578
1763141953885,,80.21236240469756,150.185546875,,,
1763141953901,,,,11.068950653076172,11.533050537109375,5.134950160980225
1763141953916,5133.0,,,,,
1763141953925,,70.14760053521562,,24.436050415039062,17.1070499420166,
1763141953926,,,,,,6.925950527191162
1763141953943,,,,31.46805191040039,,
1763141953944,,,,,17.116050720214844,7.255950450897217
1763141953952,5133.0,,,,,
1763141953960,,,,29.335050582885742,18.141000747680664,19.11495018005371
1763141953965,,77.35061849531138,,,,
1763141953979,,,,33.14895248413086,18.924001693725586,
1763141953980,,,,,,19.096050262451172
1763141953998,,,,19.069950103759766,,
1763141954000,,,,,5.75100040435791,19.099950790405273
1763141954006,,70.88444128739609,,,,
1763141954010,,,129.39453125,,,
1763141954029,,,,9.77595043182373,-5.044050216674805,
1763141954030,,,,,,19.12200164794922
1763141954045,,69.76254997669601,,,,
1763141954046,,,129.39453125,,,
1763141954055,,,,6.450000286102295,,
1763141954056,,,,,-9.604950904846191,19.134000778198242
1763141954077,,,,2.313000202178955,-12.33495044708252,
1763141954078,,,,,,19.134000778198242
1763141954079,5133.0,,,,,
1763141954085,,77.9191321014841,129.39453125,,,
1763141954093,,,105.87419782366072,,,
1763141954110,,,,-3.0450000762939453,-17.599950790405273,5.920050144195557
1763141954125,,74.21830228174821,105.87419782366072,,,
1763141954130,,,,-3.0259501934051514,-15.495000839233398,2.350050210952759
1763141954152,3622.0,,,,,
1763141954153,,,,-1.0049999952316284,-15.495000839233398,-1.815000057220459
1763141954168,,47.19177653445538,105.87419782366072,,,
1763141954172,,,,5.380050182342529,-13.671000480651855,
1763141954173,,,,,,-7.719000339508057
1763141954175,,,,18.460050582885742,-2.896050214767456,
1763141954176,,,,,,-7.705050468444824
1763141954194,,,,32.553001403808594,9.795000076293945,
1763141954195,3622.0,,,,,-7.7310004234313965
1763141954205,,41.331140803322086,,,,
1763141954213,,,,31.806001663208008,,
1763141954214,,,,,17.538000106811523,-7.7410502433776855
1763141954237,,,,14.587950706481934,15.484050750732422,-7.722000598907471
1763141954245,,37.80128477938086,,,,
1763141954256,,,,15.565051078796387,19.104000091552734,
1763141954257,,,,,,-7.726950168609619
1763141954275,,,,22.38195037841797,20.338951110839844,-6.139050483703613
1763141954285,,71.48730423583984,,,,
1763141954289,,,96.9189453125,,,
1763141954291,,,,20.356050491333008,,
1763141954292,,,,,19.42005157470703,0.8419500589370728
1763141954311,,,,9.60300064086914,,
1763141954312,3622.0,,,,14.320050239562988,12.90195083618164
1763141954325,,68.2847162467298,96.9189453125,,,
1763141954330,,,,2.0400002002716064,9.2920503616333,12.8899507522583
1763141954349,,,,-3.598050117492676,4.32105016708374,
1763141954350,3837.0,,,,,12.880050659179688
1763141954365,,65.3890384303401,,,,
1763141954366,,,96.9189453125,,,
1763141954369,,,,-10.134000778198242,-0.2959500253200531,
1763141954370,,,,,,12.90195083618164
1763141954392,,,,-10.680000305175781,-1.4599500894546509,12.916050910949707
1763141954405,,81.22112550189755,,,,
1763141954411,,,,-11.140050888061523,-1.8979500532150269,12.922950744628906
1763141954413,3837.0,,,,,
1763141954433,,,,-13.351950645446777,-2.896050214767456,6.544950485229492
1763141954448,,79.07880075062691,,,,
1763141954450,,,,-15.672000885009766,-2.899050235748291,
1763141954451,,,,,,5.962950229644775
1763141954453,,,89.71652560763887,,,
1763141954466,,,,-10.005000114440918,,
1763141954467,,,,,-0.1380000114440918,5.949000358581543
1763141954486,,80.337770762839,89.71652560763887,1.3720500469207764,9.2989501953125,5.944050312042236
1763141954507,,,,9.460050582885742,16.618051528930664,
1763141954508,,,,,,5.9509501457214355
1763141954513,3837.0,,,,,
1763141954525,,76.88892300274492,89.71652560763887,14.014050483703613,,
1763141954526,,,,,22.185001373291016,
1763141954527,,,,,,5.962950229644775
1763141954544,,,,18.049951553344727,28.96605110168457,
1763141954545,,,,,,5.958000183105469
1763141954564,,,,29.21295166015625,32.42805099487305,11.6089506149292
1763141954565,,64.18693249510272,89.71652560763887,,,
1763141954567,3468.0,,,,,
1763141954570,,,97.34212239583334,,,
1763141954583,,,,25.678951263427734,25.567951202392578,
1763141954584,,,,,,13.03800106048584
1763141954603,,,,24.544050216674805,21.487951278686523,13.017000198364258
1763141954605,,74.97691817226611,97.34212239583334,,,
1763141954613,3468.0,,,,,
1763141954624,,,,17.647951126098633,12.345000267028809,
1763141954643,,,,10.141950607299805,2.8350000381469727,
1763141954644,,,,,,13.018950462341309
1763141954647,,76.47038985663582,97.34212239583334,,,
1763141954658,,,53.57407924107143,,,
1763141954661,,,,5.811000347137451,,
1763141954662,,,,,-4.570050239562988,13.050000190734863
1763141954681,,,,3.807000160217285,-9.46095085144043,13.057050704956055
1763141954688,,79.89998771624954,53.57407924107143,,,
1763141954700,,,,1.120050072669983,-13.534050941467285,
1763141954701,,,,,,4.72005033493042
1763141954713,3468.0,,,,,
1763141954720,,,,-0.48795002698898315,-16.903051376342773,
1763141954721,,,,,,4.455000400543213
1763141954729,,82.14371453257883,53.57407924107143,,,
1763141954744,,,,-4.201050281524658,-19.2450008392334,4.002000331878662
1763141954761,,,,-4.681950092315674,-17.320051193237305,1.596000075340271
1763141954768,,71.28790076271072,,,,
1763141954778,,,,-0.3439500033855438,,
1763141954779,,,,,-12.6510009765625,-2.611950159072876
1763141954798,,,,7.800000190734863,-6.760950088500977,
1763141954799,,,,,,-5.4280500411987305
1763141954808,,39.97803582361847,,,,
1763141954816,,,87.83064778645834,,,
1763141954817,,,,14.050050735473633,1.225950002670288,
1763141954818,,,,,,-5.442000389099121
1763141954828,3468.0,,,,,
1763141954837,,,,23.257951736450195,13.507950782775879,-5.442000389099121
1763141954847,,49.20304930865241,,,,
1763141954848,,,87.83064778645834,,,
1763141954863,,,,25.46295166015625,23.658000946044922,-5.44005012512207
1763141954880,,,,11.980950355529785,21.876001358032227,-5.430000305175781
1763141954888,,42.33186519885804,87.83064778645834,,,
1763141954895,,,,8.892000198364258,22.141950607299805,
1763141954896,,,,,,-5.433000087738037
1763141954915,,,,17.181001663208008,23.485050201416016,-2.2390501499176025
1763141954928,3468.0,,,,,
1763141954929,,68.74806468384898,,,,
1763141954930,,,87.83064778645834,,,
1763141954934,,,,16.09695053100586,21.88395118713379,
1763141954935,,,,,,-1.9950001239776611
1763141954954,,,,16.843950271606445,20.002050399780273,0.5610000491142273
1763141954968,,74.1872380705492,,,,
1763141954973,,,,8.059050559997559,12.244050979614258,
1763141954974,,,,,,4.51200008392334
1763141954993,,,,-1.227000117301941,5.089950084686279,4.51200008392334
1763141955001,1849.0,,,,,
1763141955009,,53.89362930363121,,,,
1763141955012,,,,-2.7930002212524414,,
1763141955013,,,,,3.3799500465393066,4.498050212860107
1763141955019,,,188.347900390625,,,
1763141955020,,,188.347900390625,,,
1763141955033,1849.0,,,-1.1989500522613525,4.35705041885376,4.501950263977051
1763141955047,,75.53635474791592,,,,
1763141955048,,,188.347900390625,,,
1763141955051,,,,-4.266000270843506,1.0320000648498535,
1763141955052,,,,,,-1.6000500917434692
1763141955070,,,,-9.43695068359375,,
1763141955071,,,,,-3.05400013923645,-1.5949500799179077
1763141955089,,81.46720511920634,188.347900390625,,,
1763141955090,,,,-12.439950942993164,-4.555950164794922,
1763141955091,,,,,,2.0119500160217285
1763141955109,,,,-10.917000770568848,,
1763141955110,,,,,-3.8230502605438232,4.5259504318237305
1763141955128,,78.0663783129403,,,,
1763141955130,,,,-6.385050296783447,-0.8419500589370728,
1763141955131,,,,,,4.546050071716309
1763141955144,1849.0,,,,,
1763141955148,,,,-8.83395004272461,0.8380500674247742,
1763141955149,,,,,,4.5169501304626465
1763141955168,,76.53891491174136,,-6.7009501457214355,6.9649505615234375,
1763141955169,,,,,,4.519050121307373
1763141955188,,,,4.258950233459473,18.4720516204834,
1763141955189,,,,,,6.286050319671631
1763141955209,,66.35670588859244,,,,
1763141955210,,,,19.393951416015625,30.007051467895508,9.009000778198242
1763141955218,929.0,,,,,
1763141955219,,,72.13997977120536,,,
1763141955226,,,,23.998050689697266,,
1763141955227,,,,,29.446950912475586,9.001049995422363
1763141955244,929.0,,,,,
1763141955246,,,,22.711950302124023,29.00895118713379,10.345050811767578
1763141955248,,75.27024466310792,72.13997977120536,,,
1763141955265,,,,25.959001541137695,,
1763141955266,,,,,23.457000732421875,10.342050552368164
1763141955285,,,,15.702000617980957,8.788949966430664,10.333050727844238
1763141955289,,67.11268412513003,,,,
1763141955290,,,72.13997977120536,,,
1763141955304,,,,4.324050426483154,-3.3199501037597656,
1763141955305,,,,,,10.351950645446777
1763141955306,,,56.62250337146578,,,
1763141955325,,,,-1.162950038909912,-8.527950286865234,
1763141955326,,,,,,10.363950729370117
1763141955327,,72.35472256481314,56.62250337146578,,,
1763141955343,,,,-3.166950225830078,,
1763141955344,929.0,,,,-10.927050590515137,9.009000778198242
1763141955363,,,,-3.7920002937316895,,
1763141955364,,,,,-12.33495044708252,6.0420002937316895
1763141955367,,81.4490408745143,56.62250337146578,,,
1763141955375,,,40.19476318359375,,,
1763141955386,,,,-1.4640001058578491,-12.343950271606445,2.6730000972747803
1763141955406,,77.05524560788285,,,,
1763141955407,,,40.19476318359375,1.264050006866455,-9.17400074005127,0.2740500271320343
1763141955421,,,,4.906050205230713,,
1763141955422,,,,,-3.586050271987915,-5.026050090789795
1763141955435,895.0,,,,,
1763141955445,,,,5.674050331115723,-0.1879500150680542,
1763141955446,895.0,,,,,-5.014050006866455
1763141955451,,47.104914451577386,40.19476318359375,,,
1763141955461,,,,7.354950428009033,3.718050241470337,-5.043000221252441
1763141955480,,,,11.205000877380371,8.164050102233887,
1763141955481,,,,,,-5.035050392150879
1763141955490,,38.201960959713155,40.19476318359375,,,
1763141955500,,,,16.915050506591797,16.626001358032227,-5.044950008392334
1763141955519,,,,13.755001068115234,21.74700164794922,-5.043000221252441
1763141955529,,39.71400823933561,,,,
1763141955544,,,,15.529050827026367,23.398950576782227,
1763141955545,,,,,,-6.670950412750244
1763141955547,895.0,,,,,
1763141955558,,,,18.876001358032227,22.135051727294922,-4.465950012207031
1763141955569,,58.9096572135186,,,,
1763141955577,,,,16.75695037841797,15.217950820922852,
1763141955578,,,,,,-4.465950012207031
1763141955589,,,37.621337890625,,,
1763141955597,,,,12.534000396728516,,
1763141955598,,,,,8.45205020904541,0.7270500063896179
1763141955608,,74.67834600606353,37.621337890625,,,
1763141955616,,,,11.46405029296875,6.814050197601318,
1763141955617,,,,,,1.38795006275177
1763141955636,,,,6.235050201416016,5.491950035095215,2.557950019836426
1763141955647,,56.92691312311611,37.621337890625,,,
1763141955648,895.0,,,,,
1763141955652,768.0,,,,,
1763141955659,,,,0.021000001579523087,,
1763141955660,,,,,3.7830002307891846,2.5489501953125
1763141955677,,,,-5.5159502029418945,0.012000000104308128,
1763141955678,,,,,,2.53695011138916
1763141955689,,49.71820518866011,,,,
1763141955694,,,,-11.86500072479248,-3.514050245285034,
1763141955695,,,,,,0.7270500063896179
1763141955714,,,,-18.22905158996582,-4.591950416564941,
1763141955715,,,,,,0.736050009727478
1763141955728,,56.3876686052141,,,,
1763141955733,,,,-14.29995059967041,,
1763141955734,,,,,0.226950004696846,3.4780502319335938
1763141955748,768.0,,,,,
1763141955752,,,,-5.271000385284424,,
1763141955753,,,,,8.200050354003906,3.4560000896453857
1763141955768,,74.13636973232965,,,,
1763141955773,,,464.8388671875,-3.1740002632141113,11.871000289916992,
1763141955774,,,,,,4.038000106811523
1763141955793,,,,-0.40095001459121704,13.609050750732422,4.01894998550415
1763141955809,,77.9031207437182,464.8388671875,,,
1763141955811,,,,8.878050804138184,18.463951110839844,
1763141955812,,,,,,4.024050235748291
1763141955830,,,,17.59800148010254,,
1763141955831,,,,,23.514001846313477,4.026000022888184
1763141955849,768.0,,,,,
1763141955850,,58.17114500573037,464.8388671875,21.477001190185547,,
1763141955851,,,,,27.738000869750977,6.415950298309326
1763141955869,,,,20.85900115966797,24.225000381469727,
1763141955870,913.0,,,,,8.620950698852539
1763141955890,,75.39537488542469,,,,
1763141955893,,,,16.843950271606445,,
1763141955894,,,,,23.650951385498047,8.616000175476074
1763141955912,,,,15.535950660705566,14.629050254821777,8.611050605773926
1763141955930,,64.06568252355974,,9.724950790405273,,
1763141955931,,,,,4.393050193786621,8.599050521850586
1763141955936,,,196.298828125,,,
1763141955949,,,,2.7580502033233643,-2.53695011138916,
1763141955950,,,,,,8.635050773620605
1763141955951,913.0,,,,,
1763141955967,,75.58038629482725,196.298828125,-1.6870501041412354,-6.178950309753418,8.63700008392334
1763141955986,,,,-3.5190000534057617,-8.347949981689453,
1763141955987,,,,,,6.0420002937316895
1763141956008,,75.58892584050055,196.298828125,,,
1763141956012,,,,-3.058950185775757,,
1763141956013,,,,,-10.23705005645752,5.6610002517700195
1763141956033,,,,-2.368950128555298,,
1763141956034,,,,,-12.118950843811035,4.060050010681152
1763141956045,,,,0.04305000230669975,-12.363000869750977,
1763141956046,,,,,,3.0109500885009766
1763141956049,,64.48090739602559,196.298828125,,,
1763141956051,913.0,,,,,
1763141956064,,,,0.8550000190734863,-11.437050819396973,
1763141956065,,,,,,2.3430001735687256
1763141956084,,,,0.8640000224113464,-10.122000694274902,-1.6000500917434692
1763141956086,963.0,,,,,
1763141956090,,45.14026937325752,,,,
1763141956103,,,,3.4260001182556152,-9.160050392150879,
1763141956104,,,,,,-2.6989500522613525
1763141956124,,,,9.517050743103027,-6.258000373840332,
1763141956125,,,,,,-3.697050094604492
1763141956128,,37.373109011725354,,,,
1763141956134,,,94.3896484375,,,
1763141956143,,,,16.836000442504883,1.8220500946044922,-5.671950340270996
1763141956151,963.0,,,,,
1763141956162,,,,26.28900146484375,13.156050682067871,-5.694000244140625
1763141956168,,41.524691760748965,94.3896484375,,,
1763141956181,,,,23.818050384521484,20.74905014038086,
1763141956182,,,,,,-5.671950340270996
1763141956201,,,,24.213001251220703,26.48805046081543,-5.689050197601318
1763141956209,,53.6324853025185,94.3896484375,,,
1763141956220,,,,31.52505111694336,30.121952056884766,-5.683950424194336
1763141956246,,,,30.477001190185547,28.19700050354004,
1763141956247,,,,,,-5.674950122833252
1763141956248,,78.98805697151529,,,,
1763141956269,,,,24.673051834106445,21.50295066833496,
1763141956270,963.0,,,,,-5.233950138092041
1763141956286,,62.020967294538806,,9.265950202941895,10.76400089263916,-2.6770501136779785
1763141956307,1166.0,,,1.6810500621795654,5.665050506591797,-2.3749501705169678
1763141956317,,,,-1.371000051498413,,
1763141956318,,,,,3.6610500812530518,-2.382000207901001
1763141956329,,73.69578325702359,,,,
1763141956337,,,,-5.773950099945068,2.40405011177063,
1763141956338,,,,,,-2.3940000534057617
1763141956341,,,147.05485026041669,,,
1763141956363,,,,-8.59695053100586,,
1763141956364,,,,,2.1090002059936523,-2.3869500160217285
1763141956368,,81.55198467261805,147.05485026041669,,,
1763141956369,1166.0,,,,,
1763141956381,,,,-10.579950332641602,1.0600500106811523,-2.39205002784729
1763141956395,,,,-12.532950401306152,,
1763141956396,,,,,0.3349500298500061,
1763141956398,,,,,,-0.9100500345230103
1763141956410,,81.25408986841215,,,,
1763141956411,,,147.05485026041669,,,
1763141956415,,,,-13.101000785827637,0.34905001521110535,0.35295000672340393
1763141956419,,,92.60702950613839,,,
1763141956435,,,,-11.836950302124023,0.3469500243663788,5.884050369262695
1763141956448,,79.62518808823637,,,,
1763141956449,,,92.60702950613839,,,
1763141956454,,,,-10.945950508117676,,
1763141956455,,,,,-0.12405000627040863,
1763141956456,,,,,,5.878950119018555
1763141956482,,,,-5.8030500411987305,,
1763141956483,1166.0,,,,4.852950096130371,5.881950378417969
1763141956489,,82.60134210013996,92.60702950613839,,,
1763141956498,,,,6.78795051574707,14.362950325012207,6.322050094604492
1763141956499,,,76.28480747767857,,,
1763141956528,,82.03069719108638,76.28480747767857,18.417001724243164,23.686050415039062,
1763141956529,2072.0,,,,,9.934950828552246
1763141956533,,,,22.77705192565918,30.301952362060547,14.683051109313965
1763141956551,,,,29.31300163269043,32.643001556396484,
1763141956552,,,,,,16.845001220703125
1763141956567,,78.47557078192773,76.28480747767857,,,
1763141956571,,,,27.76905059814453,28.528051376342773,
1763141956572,,,,,,16.82295036315918
1763141956584,2072.0,,,,,
1763141956593,,,,24.70905113220215,23.78700065612793,16.82295036315918
1763141956607,,79.90158561498502,76.28480747767857,,,
1763141956610,,,,15.781050682067871,,
1763141956611,,,,,15.124051094055176,16.843050003051758
1763141956613,,,90.58056640625,,,
1763141956614,,,90.58056640625,,,
1763141956629,,,,8.109000205993652,,
1763141956630,,,,,6.462000370025635,16.83795166015625
1763141956647,,79.58221218897936,90.58056640625,,,
1763141956649,,,,2.5860002040863037,0.8020500540733337,
1763141956650,,,,,,16.82295036315918
1763141956668,,,,0.6180000305175781,-3.4420502185821533,9.382050514221191
1763141956684,2072.0,,,,,
1763141956687,,77.12623766206902,90.58056640625,0.3520500063896179,,
1763141956688,,,,,-6.789000511169434,-0.62295001745224
1763141956693,,,50.5194091796875,,,
1763141956694,,,50.5194091796875,,,
1763141956713,,,,0.661050021648407,-9.7339506149292,
1763141956714,,,,,,-0.6180000305175781
1763141956726,,,,3.346950054168701,,
1763141956727,,71.52307779999387,50.5194091796875,,-9.238950729370117,-0.9390000700950623
1763141956738,1217.0,,,,,
1763141956746,,,,5.430000305175781,-8.419950485229492,
1763141956747,,,,,,-2.095050096511841
1763141956770,,60.09173619864065,50.5194091796875,,,
1763141956772,,,,3.5839502811431885,-7.069950103759766,
1763141956773,,,,,,-2.4469501972198486
1763141956780,,,53.01492745535714,,,
1763141956784,1217.0,,,,,
1763141956786,,,,1.207050085067749,-5.962950229644775,
1763141956787,,,,,,-4.2210001945495605
1763141956804,,,,5.401050090789795,-3.05400013923645,
1763141956805,,,,,,-4.216950416564941
1763141956807,,41.786793199273085,,,,
1763141956808,,,53.01492745535714,,,
1763141956831,,,,12.325950622558594,1.7070001363754272,-2.4469501972198486
1763141956847,,67.02571318756603,53.01492745535714,12.79995059967041,5.527950286865234,
1763141956848,,,,,,-2.095050096511841
1763141956863,,,,7.240050315856934,,
1763141956864,,,,,10.93005084991455,-0.9960000514984131
1763141956882,,,,2.0470499992370605,,
1763141956883,,,,,17.358001708984375,-2.4469501972198486
1763141956884,1217.0,,,,,
1763141956887,,57.88519246137571,53.01492745535714,,,
1763141956902,,,,8.878050804138184,23.751001358032227,-7.044000148773193
1763141956921,,,,16.276050567626953,,
1763141956922,,,,,24.43305206298828,-7.0660505294799805
1763141956927,,70.75980807841566,,,,
1763141956946,,,,19.1059513092041,24.10995101928711,
1763141956947,,,,,,-7.054050445556641
1763141956954,1051.0,,,,,
1763141956960,,,,11.2339506149292,,
1763141956961,,,,,18.759000778198242,
1763141956962,,,,,,-0.9960000514984131
1763141956967,,59.66171334394011,,,,
1763141956971,,,1093.193359375,,,
1763141956980,,,,-0.33705002069473267,11.404050827026367,
1763141956981,,,,,,0.46095001697540283
1763141956985,1051.0,,,,,
1763141956999,,,,-6.958950519561768,,
1763141957000,,,,,5.980950355529785,0.45600003004074097
1763141957007,,48.01173961052275,1093.193359375,,,
1763141957019,,,,-8.848050117492676,,
1763141957020,,,,,3.9979500770568848,0.4510500133037567
1763141957038,,,,-10.098000526428223,3.3450002670288086,
1763141957039,,,,,,0.45900002121925354
1763141957049,,49.531616472216356,,,,
1763141957050,,,1093.193359375,,,
1763141957061,,,,-10.117050170898438,3.7680001258850098,0.4420500099658966
1763141957078,,,,-6.2410502433776855,,
1763141957079,,,,,6.462000370025635,0.4540500342845917
1763141957085,1051.0,,,,,
1763141957089,,58.50030389535156,,,,
1763141957098,,,,-3.913950204849243,,
1763141957099,,,,,8.551950454711914,3.118950128555298
1763141957116,,,,-4.2870001792907715,,
1763141957117,,,,,8.121000289916992,3.103950262069702
1763141957129,,55.80938522853956,,,,
1763141957136,,,,-0.07800000160932541,10.039050102233887,6.106950283050537
1763141957155,,,,7.2109503746032715,13.558950424194336,6.090000152587891
1763141957165,,51.03242535377077,,,,
1763141957169,,,97.55871000744048,,,
1763141957171,1359.0,,,,,
1763141957177,,,,11.78700065612793,,
1763141957178,,,,,16.755001068115234,6.1020002365112305
1763141957186,1359.0,,,,,
1763141957194,,,,8.755949974060059,18.37095069885254,7.621950149536133
1763141957209,,59.80347982847567,,,,
1763141957210,,,97.55871000744048,,,
1763141957213,,,,12.484050750732422,,
1763141957214,,,,,20.518951416015625,8.26200008392334
1763141957233,,,,13.755001068115234,21.036001205444336,8.26200008392334
1763141957245,,80.22720303933193,97.55871000744048,,,
1763141957248,,,123.0419921875,,,
1763141957249,,,123.0419921875,,,
1763141957252,,,,17.389951705932617,22.09200096130371,8.259000778198242
1763141957272,,,,15.02595043182373,16.48200035095215,8.242050170898438
1763141957284,,66.14422781722564,,,,
1763141957285,,,123.0419921875,,,
1763141957287,1359.0,,,,,
1763141957294,,,,8.848950386047363,,
1763141957295,,,,,8.689050674438477,8.254050254821777
1763141957311,,,,4.8480000495910645,2.0370001792907715,
1763141957312,,,,,,8.25
1763141957327,,70.3594417674097,123.0419921875,,,
1763141957330,,,,5.782050132751465,-1.7610000371932983,
1763141957331,,,,,,4.72005033493042
1763141957332,,,112.96613420758928,,,
1763141957350,,,,6.0769500732421875,-5.797950267791748,4.740000247955322
1763141957365,,71.43891281903619,112.96613420758928,,,
1763141957369,,,,2.701050043106079,-9.031050682067871,4.3470001220703125
1763141957387,1359.0,,,,,
1763141957388,1842.0,,,-0.5879999995231628,-10.861950874328613,
1763141957389,,,,,,4.354050159454346
1763141957405,,72.59080137169839,112.96613420758928,,,
1763141957412,,,,-4.25100040435791,-12.118950843811035,4.3660502433776855
1763141957434,,,,-1.5649501085281372,-11.106000900268555,2.9170501232147217
1763141957445,,62.04354728582572,112.96613420758928,,,
1763141957447,,,,3.9790501594543457,,
1763141957448,,,,,-4.491000175476074,-1.0180500745773315
1763141957450,,,68.15069289434524,,,
1763141957466,,,,14.860950469970703,,
1763141957467,,,,,7.396050453186035,-1.0249500274658203
1763141957485,,55.261668315369256,68.15069289434524,,,
1763141957486,,,,13.317000389099121,14.053950309753418,
1763141957487,,,,,,-1.0270500183105469
1763141957488,1842.0,,,,,
1763141957509,,,,-0.1360500007867813,14.068950653076172,
1763141957510,,,,,,-2.5189502239227295
1763141957526,,53.562961068403084,68.15069289434524,8.065950393676758,19.908000946044922,
1763141957527,,,,,,-2.5410001277923584
1763141957545,,,,19.321950912475586,25.461000442504883,-2.5380001068115234
1763141957564,,,,13.834051132202148,19.77195167541504,
1763141957565,,73.78825016149555,,,,-2.524050235748291
1763141957584,,,,7.111050128936768,15.90000057220459,-0.5149500370025635
1763141957588,1842.0,,,,,
1763141957603,,,,4.309950351715088,13.08495044708252,
1763141957604,1971.0,,,,,-0.11295000463724136
1763141957606,,59.54751557771581,,,,
1763141957610,,,193.642578125,,,
1763141957627,,,,0.1080000028014183,9.75195026397705,-0.1290000081062317
1763141957643,,,,-1.960050106048584,7.633050441741943,-0.11700000613927841
1763141957645,,51.506188060375884,193.642578125,,,
1763141957662,,,,1.1350500583648682,7.63800048828125,0.5470499992370605
1763141957681,,,,4.044000148773193,7.294950485229492,
1763141957682,,,,,,0.544950008392334
1763141957685,,52.27711976205402,193.642578125,,,
1763141957688,1971.0,,,,,
1763141957701,,,,4.033950328826904,6.655950546264648,2.7240002155303955
1763141957720,,,,2.7940502166748047,6.160050392150879,
1763141957721,,,,,,3.1399500370025635
1763141957725,,53.10624746917654,,,,
1763141957742,,,,1.7449500560760498,6.850050449371338,3.1279501914978027
1763141957760,,,,-0.27195000648498535,8.394000053405762,2.7240002155303955
1763141957765,,70.56386211454992,,,,
1763141957779,,,,2.7870001792907715,11.346000671386719,2.716050148010254
1763141957788,1971.0,,,,,
1763141957798,,,,10.587000846862793,15.547950744628906,2.704050064086914
1763141957805,,82.68531870315937,,,,
1763141957809,,,38.29520089285714,,,
1763141957818,,,,14.587950706481934,19.858051300048828,3.1399500370025635
1763141957822,2286.0,,,,,
1763141957837,,,,13.812000274658203,20.410951614379883,
1763141957838,,,,,,3.118950128555298
1763141957845,,67.31416396564205,38.29520089285714,,,
1763141957862,,,,11.184000968933105,16.575000762939453,3.123000144958496
1763141957879,,,,6.88800048828125,,
1763141957880,,,,,10.197000503540039,3.1330502033233643
1763141957885,,61.67094613547077,38.29520089285714,,,
1763141957897,,,,3.0739500522613525,4.968000411987305,
1763141957898,2286.0,,,,,3.118950128555298
1763141957915,,,,3.0670502185821533,2.511000156402588,
1763141957916,,,,,,2.3430001735687256
1763141957925,,56.35306404814811,,,,
1763141957935,,,,4.495950222015381,0.7950000166893005,0.906000018119812
1763141957954,,,,6.163050174713135,,
1763141957955,,,,,-2.0269501209259033,-0.8449500203132629
1763141957965,,60.891346377698284,,,,
1763141957969,,,133.18359375,,,
1763141957982,,,,6.1650004386901855,-5.877000331878662,-1.7290500402450562
1763141958000,,,,5.365050315856934,-8.736000061035156,
1763141958001,2286.0,,,,,-1.9950001239776611
1763141958005,,67.36291083468588,133.18359375,,,
1763141958017,,,,7.26900053024292,-10.108050346374512,-2.482950210571289
1763141958032,,,,8.3100004196167,-9.676950454711914,
1763141958033,,,,,,-3.180000066757202
1763141958039,1817.0,,,,,
1763141958046,,59.52389411365344,133.18359375,,,
1763141958052,,,,5.868000507354736,-9.676950454711914,-5.442000389099121
1763141958071,,,,9.259050369262695,-8.290950775146484,
1763141958072,,,,,,-6.951000213623047
1763141958085,,57.4371907382286,133.18359375,,,
1763141958093,,,,21.046051025390625,-1.6819500923156738,-6.928950309753418
1763141958101,1817.0,,,,,
1763141958110,,,,31.04400062561035,8.121000289916992,
1763141958111,,,,,,-6.9649505615234375
1763141958125,,63.94681263446353,,,,
1763141958130,,,,30.03900146484375,16.87005043029785,-6.951000213623047
1763141958149,,,,24.823951721191406,21.049951553344727,
1763141958150,,,,,,-6.9649505615234375
1763141958164,,54.437548639724014,,,,
1763141958169,,,,22.330951690673828,23.931001663208008,-6.9720001220703125
1763141958170,,,111.337890625,,,
1763141958188,,,,14.509050369262695,23.9449520111084,
1763141958189,,,,,,-6.3259501457214355
1763141958200,1817.0,,,,,
1763141958206,,43.74752885599278,111.337890625,,,
1763141958208,,,,11.542950630187988,22.875001907348633,6.802950382232666
1763141958227,,,,7.6710004806518555,19.46295166015625,
1763141958228,,,,,,6.796050548553467
1763141958245,,45.970430907531764,,,,
1763141958246,,,111.337890625,2.0250000953674316,,
1763141958247,,,,,13.795950889587402,6.789000511169434
1763141958249,,,117.0263671875,,,
1763141958256,1810.0,,,,,
1763141958266,,,,-2.5849502086639404,5.880000114440918,6.802950382232666
1763141958284,,44.37732367098381,,,,
1763141958285,,,117.0263671875,,,
1763141958286,,,,-8.28795051574707,0.34200000762939453,6.787050247192383
1763141958300,1810.0,,,,,
1763141958305,,,,-12.670050621032715,-2.974950075149536,6.825000286102295
1763141958325,,52.62470564551571,117.0263671875,,,
1763141958327,,,,-14.185050964355469,-5.784000396728516,6.265050411224365
1763141958344,,,,-14.185050964355469,-5.8030500411987305,3.68595027923584
1763141958364,,,,-10.407000541687012,,
1763141958365,,79.48376074535399,117.0263671875,,-2.5440001487731934,3.7080001831054688
1763141958370,,,107.587890625,,,
1763141958383,,,,-10.42905044555664,2.2380001544952393,
1763141958384,,,,,,3.6640501022338867
1763141958401,1810.0,,,,,
1763141958402,,,,-4.63200044631958,,
1763141958403,,,,,10.492050170898438,3.6720001697540283
1763141958405,,78.71563784886293,107.587890625,,,
1763141958422,,,,3.037950038909912,17.926050186157227,3.684000253677368
1763141958443,,,,13.94895076751709,26.875951766967773,
1763141958444,,,,,,3.6640501022338867
1763141958445,,75.39792809390151,107.587890625,,,
1763141958450,,,92.53077915736607,,,
1763141958461,,,,22.489051818847656,39.95595169067383,6.565950393676758
1763141958476,1941.0,,,,,
1763141958480,,,,26.410951614379883,45.127052307128906,
1763141958481,,,,,,7.198050498962402
1763141958485,,80.59953253070809,92.53077915736607,,,
1763141958500,,,,26.742000579833984,38.575950622558594,
1763141958501,,,,,,8.08905029296875
1763141958502,1941.0,,,,,
1763141958519,,,,19.5799503326416,,
1763141958520,,,,,26.695951461791992,8.080050468444824
1763141958525,,73.36533486238777,92.53077915736607,,,
1763141958530,,,60.14143880208333,,,
1763141958539,,,,15.529050827026367,16.76205062866211,8.07705020904541
1763141958561,,,,9.115050315856934,7.711950302124023,8.07705020904541
1763141958565,,78.728454008888,60.14143880208333,,,
1763141958580,,,,3.778050184249878,1.0750499963760376,
1763141958581,,,,,,8.082000732421875
1763141958597,,,,0.2580000162124634,,
1763141958598,,,,,-3.9379501342773438,8.092050552368164
1763141958602,1941.0,,,,,
1763141958605,,81.7299957473937,60.14143880208333,,,
1763141958617,,,,0.6390000581741333,-8.118000030517578,5.071950435638428
1763141958636,,,,4.546950340270996,-13.231950759887695,
1763141958637,,,,,,0.8269500136375427
1763141958649,,79.01421587295225,60.14143880208333,,,
1763141958654,,,59.70913841610863,,,
1763141958656,,,,5.509050369262695,-16.33500099182129,-0.7159500122070312
1763141958678,,,,0.19395001232624054,,
1763141958679,,,,,-19.726051330566406,-0.9670500755310059
1763141958690,,65.56670109421574,59.70913841610863,,,
1763141958697,1667.0,,,,,
1763141958698,,,,-3.267000198364258,-22.707000732421875,-0.9670500755310059
1763141958716,1667.0,,,-2.368950128555298,-22.009950637817383,-1.828950047492981
1763141958725,,58.04004077334446,59.70913841610863,,,
1763141958738,,,,6.048000335693359,-17.751001358032227,-3.2370002269744873
1763141958753,,,,12.117000579833984,-13.312050819396973,
1763141958754,,,,,,-3.223050117492676
1763141958766,,60.501578811556385,,,,
1763141958773,,,,14.035050392150879,-10.23705005645752,-3.2320501804351807
1763141958805,,60.155647218607356,,,,
1763141958809,,,,21.39000129699707,-2.242950201034546,-3.229950189590454
1763141958815,,,446.45751953125,,,
1763141958822,,,,27.18705177307129,,
1763141958823,,,,,6.325050354003906,-3.252000093460083
1763141958827,1667.0,,,,,
1763141958841,,,,25.95195198059082,12.991050720214844,-4.545000076293945
1763141958845,,65.64720953094766,446.45751953125,,,
1763141958859,,,,28.035001754760742,20.310001373291016,-5.671950340270996
1763141958876,,,,38.43495178222656,27.702001571655273,-5.682000160217285
1763141958885,,66.84080142999335,446.45751953125,,,
1763141958895,,,,40.35300064086914,30.50295066833496,
1763141958896,,,,,,-5.682000160217285
1763141958913,904.0,,,29.85900115966797,28.959001541137695,
1763141958914,,,,,,-4.545000076293945
1763141958925,,66.80363741052575,446.45751953125,,,
1763141958930,,,,17.770050048828125,24.3330020904541,
1763141958931,,,,,,-3.259050130844116
1763141958947,904.0,,,,,
1763141958948,,,,8.374950408935547,19.470001220703125,-3.2730002403259277
1763141958965,,64.14839534280215,,,,
1763141958982,,,,3.879000186920166,15.856950759887695,-3.2760002613067627
1763141958997,,,,-0.17205001413822174,,
1763141958998,,,,,12.883050918579102,-1.8870000839233398
1763141959005,,69.98623555856034,,,,
1763141959010,,,3362.3046875,,,
1763141959014,,,,-2.470050096511841,12.337050437927246,-1.3980001211166382
1763141959030,,,,-6.801000118255615,12.345000267028809,
1763141959031,,,,,,-0.2350500077009201
1763141959049,,79.86927675265767,,,,
1763141959050,,,3362.3046875,-10.515000343322754,12.35400104522705,3.2119500637054443
1763141959067,,,,-9.028050422668457,11.052000999450684,
1763141959068,904.0,,,,,6.904050350189209
1763141959085,,,,-5.5159502029418945,9.235050201416016,8.57805061340332
1763141959086,,79.09247081148378,3362.3046875,,,
1763141959118,,,,-4.546050071716309,,
1763141959119,,,,,6.534000396728516,8.569950103759766
1763141959128,,78.03288700094232,,,,
1763141959135,830.0,,,-1.6219500303268433,7.015050411224365,
1763141959136,,,,,,8.568000793457031
1763141959154,,,,6.766050338745117,13.278000831604004,9.145050048828125
1763141959170,830.0,79.04690280431821,,15.262950897216797,20.374950408935547,9.712050437927246
1763141959187,,,,21.59895133972168,26.932950973510742,9.705000877380371
1763141959206,,,,32.27205276489258,32.758052825927734,9.69795036315918
1763141959209,,79.99673672197027,,,,
1763141959216,,,88.47412109375,,,
1763141959223,,,,38.78700256347656,27.16305160522461,9.69105052947998
1763141959242,,,,29.7580509185791,,
1763141959245,,81.3538280901065,88.47412109375,,,
1763141959263,,,,23.050050735473633,14.148000717163086,9.705000877380371
1763141959282,,,,17.8210506439209,6.9720001220703125,
1763141959283,830.0,,,,,9.69795036315918
1763141959285,,81.17754985493673,88.47412109375,,,
1763141959296,,,93.54420253208706,,,
1763141959299,,,,11.599950790405273,-2.9830501079559326,9.717000007629395
1763141959325,,80.00048653858144,93.54420253208706,,,
1763141959332,,,,4.23105001449585,-10.812000274658203,
1763141959333,,,,,,9.717000007629395
1763141959349,,,,0.33705002069473267,-15.474000930786133,
1763141959350,1989.0,,,,,9.043950080871582
1763141959365,,71.56260708695628,,,,
1763141959366,,,93.54420253208706,,,
1763141959368,,,,-2.182950019836426,-18.469051361083984,7.657950401306152
1763141959371,,,58.46644810267857,,,
1763141959388,1989.0,,,-2.5420501232147217,-19.84095001220703,5.985000133514404
1763141959405,,66.23129519150157,58.46644810267857,,,
1763141959406,,,,0.49500003457069397,-21.283950805664062,
1763141959407,,,,,,4.627050399780273
1763141959422,,,,2.9230501651763916,-21.29595184326172,-2.260050058364868
1763141959438,,,,4.9270501136779785,-19.53900146484375,-2.920950174331665
1763141959449,,59.78375468488272,58.46644810267857,,,
1763141959457,,,,7.3120503425598145,-17.053951263427734,-5.442000389099121
1763141959475,,,,12.441000938415527,-13.17495059967041,-5.4210004806518555
1763141959488,1989.0,,,,,
1763141959489,,63.18889767086344,58.46644810267857,,,
1763141959495,,,,16.606950759887695,-8.29800033569336,-6.628050327301025
1763141959513,,,,22.840951919555664,,
1763141959514,,,,,0.3130500018596649,-6.640050411224365
1763141959529,,62.97672267006172,,,,
1763141959533,,,,36.11505126953125,16.69005012512207,-7.755000591278076
1763141959554,,,,36.4890022277832,31.954051971435547,-7.755000591278076
1763141959563,1137.0,,,,,
1763141959565,,63.25356405748156,,,,
1763141959570,,,469.3878609793527,,,
1763141959571,,,,40.605003356933594,,
1763141959572,,,,,40.07805252075195,-7.762050151824951
1763141959598,,,,37.76700210571289,37.49895095825195,
1763141959599,1137.0,,,,,-7.770000457763672
1763141959605,,60.170234318192314,469.3878609793527,,,
1763141959616,,,,28.20705223083496,31.41495132446289,
1763141959617,,,,,,-7.767000198364258
1763141959633,,,,14.18595027923584,21.991050720214844,
1763141959634,,,,,,-7.777050495147705
1763141959645,,56.665699264320615,469.3878609793527,,,
1763141959652,,,,5.443950176239014,,
1763141959653,,,,,12.940950393676758,-7.777050495147705
1763141959669,,,,2.4559500217437744,5.758050441741943,
1763141959670,,,,,,-5.988000392913818
1763141959685,,55.20000399787647,,,,
1763141959688,,,,-1.234950065612793,,
1763141959689,,,,,-0.5689499974250793,-5.0620503425598145
1763141959707,1137.0,,,,,
1763141959719,,,,-4.302000045776367,-5.596950054168701,
1763141959720,,,,,,-4.105950355529785
1763141959725,,74.43287123113518,,,,
1763141959739,,,,-9.208050727844238,,
1763141959740,,,,,-8.599950790405273,-4.087049961090088
1763141959760,,,,-14.200050354003906,,
1763141959761,,,,,-8.604000091552734,-4.105950355529785
1763141959769,,82.56250393266566,,,,
1763141959773,,,68.17766462053572,,,
1763141959774,,,68.17766462053572,,,
1763141959779,,,,-16.045949935913086,-7.198950290679932,-3.7900502681732178
1763141959780,1646.0,,,,,
1763141959797,,,,-12.31095027923584,-3.81600022315979,-3.7900502681732178
1763141959809,,75.02467689875421,68.17766462053572,,,
1763141959815,,,,-7.231950283050537,0.3559500277042389,-3.7980000972747803
1763141959831,1646.0,,,-4.402050018310547,4.019999980926514,-3.7980000972747803
1763141959845,,77.08889121620211,68.17766462053572,,,
1763141959847,,,,0.5100000500679016,8.509050369262695,-3.808950185775757
1763141959864,,,,7.318950176239014,16.294950485229492,-2.1529500484466553
1763141959883,,,,13.834051132202148,24.76395034790039,
1763141959884,,,,,,1.495050072669983
1763141959885,,73.97129823078244,,,,
1763141959903,,,,17.381999969482422,31.378952026367188,5.151000022888184
1763141959922,,,,24.9460506439209,,
1763141959923,,,,,36.42195129394531,8.707050323486328
1763141959925,,69.17276277058096,,,,
1763141959931,,,59.00594075520833,,,
1763141959932,1646.0,,,,,
1763141959948,,,,30.03900146484375,28.398000717163086,
1763141959949,,,,,,15.11400032043457
1763141959965,,65.41133314531156,59.00594075520833,,,
1763141959969,,,,23.6820011138916,23.679000854492188,15.103950500488281
1763141959986,,,,21.490951538085938,18.880950927734375,15.11400032043457
1763141960003,,,,16.441051483154297,9.2989501953125,15.094950675964355
1763141960006,,74.65178395892546,,,,
1763141960007,,,59.00594075520833,,,
1763141960024,,,,9.661050796508789,-0.8779500126838684,15.121050834655762
1763141960042,1646.0,,,2.2770001888275146,-9.12405014038086,15.130950927734375
1763141960045,,75.72023183404208,59.00594075520833,,,
1763141960067,,,,-0.8749500513076782,-14.62605094909668,
1763141960068,,,,,,5.5320000648498535
1763141960080,,,,-1.120050072669983,-19.36695098876953,1.467000126838684
1763141960085,,80.3445990361002,,,,
1763141960100,,,,-3.2890501022338867,-21.880950927734375,0.8989500403404236
1763141960117,,,,-5.085000038146973,-22.570051193237305,
1763141960118,,,,,,-0.2989500164985657
1763141960125,,80.93824465299986,,,,
1763141960129,,,118.3349609375,,,
1763141960136,,,,-3.985950231552124,,
1763141960137,,,,,-21.952051162719727,-0.286950021982193
1763141960148,1646.0,,,,,
1763141960156,,,,2.599950075149536,-19.201051712036133,
1763141960157,,,,,,-2.9070000648498535
1763141960169,,63.70198997509226,118.3349609375,,,
1763141960183,,,,9.703950881958008,-15.660000801086426,-5.176950454711914
1763141960199,,,,16.62795066833496,-11.767050743103027,
1763141960200,,,,,,-5.938050270080566
1763141960205,,55.74056163281794,118.3349609375,,,
1763141960217,,,,20.37795066833496,-6.544950485229492,-5.938050270080566
1763141960235,,,,22.330951690673828,-0.5400000214576721,-5.932950496673584
1763141960245,,62.22370145605797,,,,
1763141960252,1646.0,,,,,
1763141960254,,,,27.051000595092773,7.051050186157227,-5.9599504470825195
1763141960273,,,,32.524051666259766,16.49595069885254,
1763141960274,,,,,,-5.94795036315918
1763141960285,,62.760461741192024,,,,
1763141960292,,,466.55848911830356,,,
1763141960304,,,,42.601051330566406,27.72300148010254,-5.944950103759766
1763141960323,,,,48.05295181274414,36.939002990722656,-5.943000316619873
1763141960325,,66.46451361555732,466.55848911830356,,,
1763141960339,,,,32.746952056884766,34.057952880859375,
1763141960340,,,,,,-4.486950397491455
1763141960357,,,,17.575950622558594,,
1763141960358,1646.0,,,,23.77305030822754,-2.6050500869750977
1763141960370,,63.11679240110391,466.55848911830356,9.057000160217285,,
1763141960371,,,,,16.504051208496094,-0.43605002760887146
1763141960390,,,,1.2420001029968262,10.807950973510742,2.1559500694274902
1763141960405,,65.86010293270999,466.55848911830356,,,
1763141960412,,,,-3.913950204849243,7.618050575256348,
1763141960413,,,,,,2.142000198364258
1763141960432,1343.0,,,-7.813950538635254,5.81505012512207,2.149049997329712
1763141960446,,79.927161079894,,,,
1763141960449,,,,-11.30505084991455,,
1763141960450,,,,,4.522950172424316,2.149049997329712
1763141960470,1343.0,,,-12.892050743103027,3.4590001106262207,2.1349501609802246
1763141960485,,82.18318008112644,,,,
1763141960487,,,,-12.909000396728516,,
1763141960488,,,,,2.7840001583099365,2.139000177383423
1763141960490,,,120.56204659598214,,,
1763141960507,,,,-10.270950317382812,4.192049980163574,2.1439499855041504
1763141960526,,80.59641153274595,120.56204659598214,,,
1763141960531,,,,-6.556950092315674,6.454950332641602,2.1559500694274902
1763141960547,,,,-2.190000057220459,9.823050498962402,2.889000177383423
1763141960565,,81.48895867378948,,,,
1763141960566,,,120.56204659598214,6.4860005378723145,16.267051696777344,3.5779502391815186
1763141960571,1343.0,,65.6046123201885,,,
1763141960585,,,,18.847949981689453,25.17300033569336,3.5590500831604004
1763141960604,,,,27.91200065612793,30.000001907348633,
1763141960605,,81.07343835472099,65.6046123201885,,,7.407000541687012
1763141960624,,,,29.908950805664062,31.30695152282715,
1763141960633,,,,,,9.841950416564941
1763141960645,,78.81396318266073,65.6046123201885,,,
1763141960650,1640.0,,,27.976951599121094,25.755001068115234,
1763141960651,,,,,,9.838950157165527
1763141960668,,,,19.552051544189453,20.1739501953125,9.841950416564941
1763141960672,1640.0,,,,,
1763141960685,,80.21605350542963,65.6046123201885,18.553050994873047,,
1763141960686,,,,,15.34695053100586,9.832050323486328
1763141960690,,,43.02734375,,,
1763141960704,,,,12.958050727844238,6.583950519561768,
1763141960705,,,,,,9.832050323486328
1763141960725,,79.36590405177253,43.02734375,5.242950439453125,-1.696950078010559,
1763141960726,,,,,,9.853950500488281
1763141960741,,,,1.0200001001358032,-5.323950290679932,
1763141960742,,,,,,8.878950119018555
1763141960761,,,,1.0219500064849854,-6.093000411987305,8.12505054473877
1763141960765,,75.6408072687803,43.02734375,,,
1763141960781,,,,2.5279500484466553,-6.109050273895264,
1763141960782,,,,,,5.022000312805176
1763141960783,1640.0,,,,,
1763141960805,,78.02252734674316,,,,
1763141960822,,,,5.2510504722595215,-6.1020002365112305,3.8869502544403076
1763141960839,,,,-0.8320500254631042,-10.531950950622559,
1763141960840,,,,,,1.5739500522613525
1763141960846,,77.38113356330635,,,,
1763141960856,,,380.010986328125,,,
1763141960869,,,,-1.3060500621795654,-10.531950950622559,
1763141960870,1420.0,,,,,-1.5640500783920288
1763141960885,,74.46428026859004,380.010986328125,,,
1763141960892,,,,1.8960001468658447,,
1763141960893,,,,,-8.973000526428223,-1.5540000200271606
1763141960895,1420.0,,,,,
1763141960898,,,,9.819000244140625,-5.791050434112549,-1.9440001249313354
1763141960916,,,,15.156001091003418,-2.868000030517578,
1763141960917,,,,,,-5.2699503898620605
1763141960927,,58.19801047891612,380.010986328125,,,
1763141960935,,,,14.422950744628906,,
1763141960936,,,,,-1.171950101852417,-5.25600004196167
1763141960955,,,,11.536050796508789,2.332050085067749,-5.289000034332275
1763141960968,,60.56589026018658,380.010986328125,,,
1763141960979,,,,14.365950584411621,12.007050514221191,-5.2920002937316895
1763141960996,,,,21.477001190185547,24.784950256347656,-6.046050071716309
1763141960997,1420.0,,,,,
1763141961005,,57.74892360294985,,,,
1763141961014,,,,20.191051483154297,30.574951171875,
1763141961015,,,,,,-7.24500036239624
1763141961033,,,,18.39495086669922,29.482952117919922,-7.264050483703613
1763141961045,,61.81198862083975,,,,
1763141961049,,,238.3951416015625,,,
1763141961052,,,,9.574950218200684,,
1763141961053,,,,,21.345001220703125,-6.046050071716309
1763141961072,,,,-1.8739501237869263,11.634000778198242,-2.791950225830078
1763141961083,822.0,,,,,
1763141961085,,59.60470103925543,238.3951416015625,,,
1763141961098,,,,-7.125000476837158,6.354000091552734,
1763141961099,822.0,,,,,-1.5640500783920288
1763141961117,,,,-6.082950115203857,6.358950138092041,
1763141961118,,,,,,-1.1179500818252563
1763141961125,,56.33389129989531,,,,
1763141961126,,,238.3951416015625,,,
1763141961133,,,196.28971354166669,,,
1763141961140,,,,-8.848050117492676,6.0520501136779785,0.08700000494718552
1763141961162,,,,-10.522050857543945,6.0520501136779785,0.3679500222206116
1763141961166,,79.38490213942758,196.28971354166669,,,
1763141961182,,,,-13.395000457763672,6.069000244140625,0.3460500240325928
1763141961198,,,,-8.0149507522583,9.091050148010254,2.665950059890747
1763141961205,,83.19386485954087,196.28971354166669,,,
1763141961217,,,,1.9900500774383545,14.78700065612793,
1763141961218,822.0,,,,,4.857000350952148
1763141961236,,,,10.975050926208496,19.297950744628906,5.187000274658203
1763141961246,,80.92674708224172,196.28971354166669,,,
1763141961251,,,107.98111979166666,,,
1763141961252,,,,13.510951042175293,20.53995132446289,6.681000232696533
1763141961270,,,,15.040950775146484,22.200000762939453,
1763141961271,,,,,,6.667050361633301
1763141961285,,81.52265093621949,107.98111979166666,,,
1763141961292,,,,16.570951461791992,22.21200180053711,
1763141961293,,,,,,5.941050052642822
1763141961295,1379.0,,,,,
1763141961310,,,,14.17905044555664,20.899051666259766,7.464000225067139
1763141961326,,81.20631427934596,107.98111979166666,,,
1763141961327,1379.0,,,19.530000686645508,21.487951278686523,8.937000274658203
1763141961331,,,87.32038225446428,,,
1763141961352,,,,16.039051055908203,19.39095115661621,
1763141961353,,,,,,8.929950714111328
1763141961365,,81.73898182743858,87.32038225446428,,,
1763141961366,,,,22.83405113220215,25.389001846313477,8.917950630187988
1763141961384,,,,18.48900032043457,17.904001235961914,8.932050704956055
1763141961404,,,,12.462000846862793,6.02400016784668,7.407000541687012
1763141961405,,82.49887568433758,87.32038225446428,,,
1763141961412,,,96.2939453125,,,
1763141961422,,,,4.13700008392334,-4.648950099945068,
1763141961423,,,,,,7.05495023727417
1763141961433,1379.0,,,,,
1763141961445,,80.6367698922401,96.2939453125,,,
1763141961450,,,,-1.2990000247955322,-10.624950408935547,5.941050052642822
1763141961469,,,,-0.6379500031471252,-13.813950538635254,
1763141961470,,,,,,5.115000247955322
1763141961485,,73.66466362903046,96.2939453125,,,
1763141961487,,,,0.7470000386238098,-15.624000549316406,3.894000291824341
1763141961505,,,,-1.9960501194000244,-19.101001739501953,2.557950019836426
1763141961522,1893.0,,,-2.6929500102996826,-20.314950942993164,0.1879500150680542
1763141961525,,69.16661456277735,96.2939453125,,,
1763141961530,,,109.67635091145834,,,
1763141961542,,,,-0.17205001413822174,-16.981950759887695,-2.8780500888824463
1763141961544,1893.0,,,,,
1763141961563,,,,3.1530001163482666,,
1763141961566,,61.68193044868056,109.67635091145834,,,
1763141961584,,,,6.019050121307373,-8.758049964904785,-5.016000270843506
1763141961605,,54.82017370597614,109.67635091145834,,,
1763141961606,,,,12.153000831604004,-2.63100004196167,-5.6509504318237305
1763141961609,,,113.00496419270834,,,
1763141961623,,,,25.132951736450195,9.61500072479248,
1763141961624,,,,,,-5.6509504318237305
1763141961643,,,,28.69500160217285,21.60300064086914,-5.6670002937316895
1763141961645,,63.14146721167151,113.00496419270834,,,
1763141961663,1893.0,,,14.7610502243042,23.263051986694336,-6.361950397491455
1763141961682,,,,24.220050811767578,29.58405113220215,
1763141961683,,,,,,-6.361950397491455
1763141961686,,65.91529686813351,113.00496419270834,,,
1763141961691,,,164.09993634905135,,,
1763141961701,,,,28.702951431274414,31.602001190185547,
1763141961702,,,,,,-6.369000434875488
1763141961719,,,,23.788951873779297,28.779001235961914,-5.6509504318237305
1763141961725,,71.05584444901204,,,,
1763141961726,,,164.09993634905135,,,
1763141961747,1572.0,,,18.223051071166992,24.283050537109375,-4.996950149536133
1763141961762,,,,6.442950248718262,16.582950592041016,-3.5460002422332764
1763141961765,,67.66543942668748,164.09993634905135,,,
1763141961780,,,,1.602000117301941,10.204050064086914,-3.559950113296509
1763141961781,1572.0,,,,,
1763141961798,,,,-2.8000500202178955,4.996950149536133,-3.547950267791748
1763141961805,,66.36613983914971,164.09993634905135,,,
1763141961818,,,,-8.25195026397705,0.04800000041723251,-3.5560500621795654
1763141961835,,,,-9.064050674438477,-2.5729501247406006,
1763141961836,,,,,,-3.1080000400543213
1763141961845,,77.85899516105802,,,,
1763141961851,,,,-10.26300048828125,,
1763141961852,,,,,-3.7510502338409424,-3.100950241088867
1763141961871,,,,-11.722050666809082,-3.765000104904175,1.423050045967102
1763141961885,,80.56828891412454,,,,
1763141961891,1572.0,,,-8.475000381469727,-0.12405000627040863,2.4790501594543457
1763141961896,,,167.69816080729169,,,
1763141961911,,,,-3.6259500980377197,4.192049980163574,
1763141961912,,,,,,2.76705002784729
1763141961929,,82.58562781599701,167.69816080729169,,,
1763141961931,,,,-0.8320500254631042,6.570000171661377,
1763141961932,,,,,,2.746950149536133
1763141961948,1472.0,,,,,
1763141961949,,,,4.008000373840332,10.591950416564941,2.746950149536133
1763141961965,,82.39898855915567,167.69816080729169,,,
1763141961968,,,,6.357000350952148,14.866050720214844,6.529950141906738
1763141961970,,,99.29646809895834,,,
1763141961988,,,,9.667950630187988,19.693050384521484,8.64900016784668
1763141962005,,76.67987771322476,99.29646809895834,,,
1763141962008,1472.0,,,10.408050537109375,23.7220516204834,8.644950866699219
1763141962029,,,,19.615951538085938,28.843952178955078,11.214000701904297
1763141962045,,74.34681805560922,,,,
1763141962046,,,99.29646809895834,,,
1763141962048,,,,15.939001083374023,21.286951065063477,11.202000617980957
1763141962065,,,,10.759950637817383,20.977951049804688,
1763141962066,,,,,,11.199000358581543
1763141962085,,71.02189890949006,99.29646809895834,12.879000663757324,18.442951202392578,11.197050094604492
1763141962090,,,54.0126953125,,,
1763141962091,,,54.0126953125,,,
1763141962109,,,,8.863950729370117,9.543000221252441,
1763141962110,,,,,,11.214000701904297
1763141962124,,,,4.891050338745117,0.6079500317573547,
1763141962125,1472.0,77.04941673038658,54.0126953125,,,11.194950103759766
1763141962145,,,,1.4719500541687012,-6.294000148773193,9.540000915527344
1763141962162,2260.0,,,1.4839500188827515,-9.670050621032715,9.109050750732422
1763141962165,,80.43212511671173,54.0126953125,,,
1763141962182,,,,1.4869500398635864,-11.947050094604492,
1763141962183,,,,,,7.9170002937316895
1763141962202,,,,-0.6030000448226929,-14.583001136779785,
1763141962203,,,,,,4.2460503578186035
1763141962205,,76.01151844863799,,,,
1763141962221,,,,-1.8880500793457031,-16.213050842285156,
1763141962222,,,,,,3.097050189971924
1763141962226,2260.0,,,,,
1763141962241,,,,-2.427000045776367,-16.9320011138916,-2.8849501609802246
1763141962245,,60.48316055994711,,,,
1763141962249,,,135.675048828125,,,
1763141962250,,,135.675048828125,,,
1763141962262,,,,0.7399500608444214,-15.553050994873047,-3.6540002822875977
1763141962280,,,,7.642050266265869,-11.379000663757324,-3.6319501399993896
1763141962285,,51.89282932115901,135.675048828125,,,
1763141962299,,,,13.94895076751709,-3.973950147628784,
1763141962300,,,,,,-8.473950386047363
1763141962319,,,,21.124950408935547,7.489050388336182,-8.47800064086914
1763141962325,,39.61373439225452,135.675048828125,,,
1763141962326,2260.0,,,,,
1763141962338,,,,27.517051696777344,21.4090518951416,-8.48805046081543
1763141962357,,,,38.4859504699707,,
1763141962358,,,,,39.682952880859375,-8.493000030517578
1763141962365,,44.88801031610224,135.675048828125,,,
1763141962381,,,,34.43400192260742,38.67000198364258,-8.485950469970703
1763141962382,1425.0,,,,,
1763141962399,,,,22.978050231933594,29.059051513671875,
1763141962400,,,,,,-8.47605037689209
1763141962405,,62.652368234582774,,,,
1763141962418,,,,14.107050895690918,21.639001846313477,-8.064000129699707
1763141962436,1425.0,,,3.1960501670837402,14.148000717163086,-7.396050453186035
1763141962450,,48.775550123889246,,,,
1763141962454,,,1080.72265625,,,
1763141962455,,,,-2.341050148010254,8.710050582885742,-1.0609500408172607
1763141962474,,,,-5.494050025939941,,
1763141962475,,,,,4.084050178527832,-1.0609500408172607
1763141962485,,54.339195023740814,1080.72265625,,,
1763141962501,,,,-12.526050567626953,-0.4830000102519989,-1.0420500040054321
1763141962522,,,,-13.596000671386719,-1.4599500894546509,
1763141962523,,,,,,-1.0459500551223755
1763141962526,,82.16091367306676,1080.72265625,,,
1763141962537,,,,-10.551000595092773,-1.201050043106079,-1.0420500040054321
1763141962538,1425.0,,,,,
1763141962556,,,,-9.718050003051758,0.07605000585317612,1.9549500942230225
1763141962569,,82.7542134146781,,,,
1763141962574,,,,-7.9860005378723145,2.7559502124786377,3.0610501766204834
1763141962591,,,,-1.5580500364303589,,
1763141962592,,,,,9.141000747680664,3.055950164794922
1763141962596,1368.0,,,,,
1763141962604,,82.64706842608555,,,,
1763141962612,,,,4.3309502601623535,16.00094985961914,3.043950080871582
1763141962630,,,,9.855000495910645,,
1763141962631,,,,,22.408050537109375,3.05400013923645
1763141962638,1368.0,,,,,
1763141962645,,81.53593950180164,,,,
1763141962650,,,244.8974609375,16.75695037841797,27.22800064086914,3.046950101852417
1763141962669,,,,18.417001724243164,,
1763141962670,,,,,26.92605209350586,10.029000282287598
1763141962685,,75.56341805921869,,,,
1763141962686,,,244.8974609375,,,
1763141962690,,,,15.565051078796387,25.087051391601562,11.830950736999512
1763141962709,,,,14.014050483703613,,
1763141962710,,,,,23.385000228881836,11.829000473022461
1763141962725,,75.21973016434403,244.8974609375,,,
1763141962729,,,234.208984375,10.336050033569336,19.441051483154297,11.821950912475586
1763141962738,1368.0,,,,,
1763141962747,,,,7.627950191497803,15.382950782775879,
1763141962748,,,,,,11.809950828552246
1763141962765,,81.92085346396254,234.208984375,,,
1763141962767,,,,6.400050163269043,10.980000495910645,11.830950736999512
1763141962786,,,,4.317000389099121,5.764950275421143,
1763141962787,,,,,,11.82705020904541
1763141962806,,81.5073757851392,234.208984375,1.120050072669983,-0.20295001566410065,11.833950996398926
1763141962811,,,126.1761474609375,,,
1763141962813,1827.0,,,,,
1763141962829,,,,-1.2490500211715698,-5.920050144195557,4.828050136566162
1763141962839,1827.0,,,,,
1763141962845,,73.57282406101989,126.1761474609375,,,
1763141962846,,,,0.04305000230669975,-11.968050956726074,
1763141962847,,,,,,0.09495000541210175
1763141962864,,,,3.828000068664551,-15.265050888061523,
1763141962865,,,,,,0.0990000069141388
1763141962884,,,,4.554000377655029,-16.76595115661621,0.11595000326633453
1763141962885,,59.97994239723481,126.1761474609375,,,
1763141962903,,,,0.9910500645637512,-20.134950637817383,-0.45000001788139343
1763141962923,,,,1.0080000162124634,-20.137950897216797,-0.4339500069618225
1763141962925,,37.4926960160679,126.1761474609375,,,
1763141962931,,,131.42293294270831,,,
1763141962943,,,,11.71500015258789,-14.977951049804688,-1.4560500383377075
1763141962949,1827.0,,,,,
1763141962966,,,,20.7580509185791,-7.234950542449951,-1.8079501390457153
1763141962968,,46.36767364170466,131.42293294270831,,,
1763141962984,,,,23.81100082397461,,
1763141962985,,,,,-1.1149500608444214,-2.8060500621795654
1763141963003,,,,23.26500129699707,5.715000152587891,
1763141963004,,,,,,-2.8090500831604004
1763141963005,,45.97344932786739,131.42293294270831,,,
1763141963020,,,,23.26500129699707,16.654050827026367,-3.2440502643585205
1763141963030,1708.0,,,,,
1763141963039,,,,31.209001541137695,26.65995216369629,
1763141963040,,,,,,-3.2659502029418945
1763141963045,,60.2489805639473,,,,
1763141963050,1708.0,,,,,
1763141963066,,,,31.209001541137695,32.8879508972168,-3.2440502643585205
1763141963083,,,,28.687952041625977,,
1763141963084,,,,,35.88300323486328,-3.2470500469207764
1763141963085,,69.50318692374155,,,,
1763141963092,,,130.43548422515707,,,
1763141963098,,,,13.741050720214844,30.345001220703125,-5.0620503425598145
1763141963117,,,,1.8030000925064087,21.546001434326172,
1763141963118,,,,,,-5.4210004806518555
1763141963125,,61.51349799273273,130.43548422515707,,,
1763141963137,,,,-0.9330000281333923,15.598950386047363,
1763141963138,,,,,,-5.442000389099121
1763141963150,1708.0,,,,,
1763141963156,,,,-1.8880500793457031,11.956950187683105,
1763141963157,,,,,,-5.0620503425598145
1763141963165,,63.04292867076815,130.43548422515707,,,
1763141963171,,,187.24854484437,,,
1763141963182,,,,-4.812000274658203,10.326000213623047,
1763141963183,,,,,,-3.2440502643585205
1763141963200,,,,-9.034950256347656,9.982050895690918,-1.2480000257492065
1763141963209,,74.77038473494791,187.24854484437,,,
1763141963218,,,,-10.881000518798828,9.997950553894043,
1763141963219,,,,,,-0.6799500584602356
1763141963236,,,,-11.844000816345215,7.870050430297852,4.534049987792969
1763141963246,,81.88012887591091,187.24854484437,,,
1763141963256,1118.0,,,-10.693950653076172,4.860000133514404,5.3020501136779785
1763141963259,1118.0,,,,,
1763141963274,,,,-5.149050235748291,,
1763141963275,,,,,4.863000392913818,7.198050498962402
1763141963290,,82.60654675974622,187.24854484437,,,
1763141963295,,,110.29520670572916,,,
1763141963296,,,,-0.5670000314712524,7.740000247955322,10.063950538635254
1763141963313,,,,4.152000427246094,12.481050491333008,10.438050270080566
1763141963325,,81.61575669545486,110.29520670572916,,,
1763141963332,,,,12.475950241088867,21.538951873779297,10.438050270080566
1763141963351,,,,22.38195037841797,32.02605056762695,10.704000473022461
1763141963359,1118.0,,,,,
1763141963365,,82.08893676955421,110.29520670572916,,,
1763141963369,,,80.990966796875,,,
1763141963370,,,80.990966796875,,,
1763141963371,,,,29.07600212097168,37.930049896240234,12.304950714111328
1763141963390,,,,28.72395133972168,30.697052001953125,12.294000625610352
1763141963405,,81.16225020840461,80.990966796875,,,
1763141963422,,,,23.01405143737793,25.38195037841797,12.294000625610352
1763141963429,,,,19.12095069885254,,
1763141963430,,,,,21.301950454711914,12.303000450134277
1763141963445,,80.92607005584395,80.990966796875,,,
1763141963448,,,,16.261951446533203,11.145000457763672,
1763141963449,,,,,,12.283950805664062
1763141963451,,,115.35897391183036,,,
1763141963467,2093.0,,,,,
1763141963468,2093.0,,,,,
1763141963469,,,,11.19105052947998,0.895050048828125,
1763141963470,,,,,,12.286050796508789
1763141963486,,71.46978508216479,115.35897391183036,,,
1763141963488,,,,5.919000148773193,-6.7819504737854,
1763141963489,,,,,,12.327000617980957
1763141963507,,,,1.9180500507354736,-11.868000984191895,6.0420002937316895
1763141963525,,68.65657265421235,115.35897391183036,,,
1763141963528,,,,-2.77905011177063,-16.881000518798828,3.5929501056671143
1763141963546,,,,-3.7699501514434814,-19.825950622558594,0.4320000112056732
1763141963565,,68.01306596648375,115.35897391183036,-1.3930500745773315,,
1763141963566,,,,,-20.43000030517578,-2.3749501705169678
1763141963567,2093.0,,,,,
1763141963570,,,89.97841971261161,,,
1763141963585,,,,0.43800002336502075,-19.668001174926758,
1763141963586,,,,,,-2.7340500354766846
1763141963605,,55.30106449337187,89.97841971261161,,,
1763141963606,,,,1.9459501504898071,-16.881000518798828,-3.2730002403259277
1763141963629,,,,4.554000377655029,-12.823050498962402,
1763141963630,,,,,,-3.268050193786621
1763141963646,,42.445389804090055,89.97841971261161,,,
1763141963649,,,,11.263050079345703,-5.725950241088867,-3.2539501190185547
1763141963667,2093.0,,,16.671001434326172,4.444050312042236,-4.7310004234313965
1763141963685,1609.0,51.685414045506434,,17.02305030822754,12.31605052947998,
1763141963686,,,,,,-4.750050067901611
1763141963702,,,,24.256052017211914,27.58005142211914,-5.155050277709961
1763141963721,,,,33.78105163574219,43.23105239868164,
1763141963722,,,,,,-5.155050277709961
1763141963729,,54.936256258262986,,,,
1763141963737,,,361.250732421875,,,
1763141963740,,,,38.71500015258789,,
1763141963741,,,,,45.13395309448242,-6.663000106811523
1763141963765,,67.32225553626964,,,,
1763141963766,,,361.250732421875,,,
1763141963774,,,,20.205001831054688,32.98800277709961,-6.66795015335083
1763141963776,1609.0,,,,,
1763141963792,,,,7.686000347137451,19.61400032043457,-7.138050556182861
1763141963804,,76.27336790680701,,,,
1763141963805,,,361.250732421875,,,
1763141963811,,,,-0.30105000734329224,9.910050392150879,-7.1449503898620605
1763141963831,,,,-4.4239501953125,2.770050048828125,
1763141963850,,78.49250427647394,361.250732421875,,,
1763141963851,,,,-5.530050277709961,-3.9810001850128174,-7.116000175476074
1763141963854,,,383.4153238932292,,,
1763141963857,,,,-6.2989501953125,,
1763141963858,,,,,-7.32105016708374,-7.128000259399414
1763141963890,,73.87371728693377,383.4153238932292,-5.845950126647949,-6.624000549316406,
1763141963891,1609.0,,,,,-5.686950206756592
1763141963911,,,,-5.595000267028809,,
1763141963912,1212.0,,,,-2.896050214767456,-5.16195011138916
1763141963924,,80.3258344177689,,,,
1763141963925,,,383.4153238932292,,,
1763141963930,,,,-8.619000434875488,-1.963050127029419,-3.8479502201080322
1763141963935,,,,-7.426050186157227,,
1763141963936,,,,,0.8659500479698181,-3.8620502948760986
1763141963955,,,,-1.1479500532150269,6.067050457000732,-0.5650500059127808
1763141963969,,71.97279792314161,,,,
1763141963974,,,,7.498950481414795,,
1763141963975,,,,,13.494000434875488,0.6910500526428223
1763141963990,1212.0,,,,,
1763141963994,,,,7.032000541687012,16.28805160522461,
1763141963995,,,,,,1.38795006275177
1763141964004,,76.4344765584487,,,,
1763141964008,,,328.6083984375,,,
1763141964009,,,328.6083984375,,,
1763141964014,,,,4.6620001792907715,18.529050827026367,3.283950090408325
1763141964033,,,,6.9310503005981445,24.4549503326416,6.832050323486328
1763141964045,,64.2353982736111,328.6083984375,,,
1763141964052,,,,13.288050651550293,31.50105094909668,
1763141964053,,,,,,6.829950332641602
1763141964072,,,,16.678050994873047,29.956951141357422,9.310050010681152
1763141964085,,69.99723175902724,328.6083984375,,,
1763141964091,,,,11.635950088500977,,
1763141964092,,,,,26.595001220703125,11.443950653076172
1763141964102,1212.0,,,,,
1763141964122,2624.0,,,10.558950424194336,22.156051635742188,11.42400074005127
1763141964125,,76.27826267334208,328.6083984375,,,
1763141964144,,,,6.874050140380859,,
1763141964145,,,,,13.558950424194336,11.427000999450684
1763141964150,,,,1.9969501495361328,2.5260000228881836,11.422050476074219
1763141964169,,81.67647635796399,,-1.2990000247955322,,
1763141964170,,,,,-7.636950492858887,9.310050010681152
1763141964188,,,,-0.19995000958442688,,
1763141964189,,,,,-13.576951026916504,6.832050323486328
1763141964203,2624.0,,,,,
1763141964205,,76.59885290658961,,,,
1763141964209,,,,4.468050003051758,-16.33500099182129,2.953050136566162
1763141964210,,,101.03062220982143,,,
1763141964228,,,,2.2480502128601074,,
1763141964229,,,,,-18.792001724243164,2.3140501976013184
1763141964245,,64.54586186600741,101.03062220982143,,,
1763141964248,,,,-1.7449500560760498,-19.86195182800293,
1763141964249,,,,,,1.1069999933242798
1763141964267,,,,-5.53695011138916,-18.792001724243164,-0.43605002760887146
1763141964286,,,,-1.7590501308441162,-15.682050704956055,-1.4770500659942627
1763141964289,,44.1570845238197,101.03062220982143,,,
1763141964307,,,,7.729050159454346,-10.696950912475586,
1763141964308,2624.0,,,,,-2.9790000915527344
1763141964325,,,,17.562000274658203,,
1763141964326,,46.06739217340626,,,-0.39705002307891846,
1763141964327,,,,,,-2.9740500450134277
1763141964332,1454.0,,,,,
1763141964349,,,,29.356050491333008,17.2939510345459,-2.9950501918792725
1763141964365,,49.59139349411552,,,,
1763141964366,,,,31.870052337646484,36.45000076293945,-2.9980502128601074
1763141964386,,,,16.707000732421875,37.980003356933594,-3.970050096511841
1763141964405,,62.11786553751472,,,,
1763141964406,,,,20.78700065612793,38.33205032348633,-3.9790501594543457
1763141964407,1454.0,,,,,
1763141964412,,,1243.267822265625,,,
1763141964427,,,,16.09695053100586,29.029951095581055,-3.9910502433776855
1763141964442,,,,11.047050476074219,22.57305145263672,-2.863950252532959
1763141964445,,75.83272282739104,1243.267822265625,,,
1763141964471,,,,5.10705041885376,14.176051139831543,-0.16995000839233398
1763141964485,,64.25760635055929,1243.267822265625,,,
1763141964491,,,,-4.072050094604492,,
1763141964492,,,,,6.23205041885376,-0.1870500147342682
1763141964509,,,,-8.209050178527832,0.364050030708313,
1763141964510,1454.0,,,,,-0.18495000898838043
1763141964520,,,,-9.718050003051758,-3.9880502223968506,-0.16500000655651093
1763141964525,,56.20489253658471,,,,
1763141964539,,,,-9.708000183105469,,
1763141964540,,,,,-6.745950222015381,-0.16095000505447388
1763141964552,1500.0,,,,,
1763141964559,,,,-9.712950706481934,-3.7729501724243164,1.7680500745773315
1763141964565,,47.07020249848821,,,,
1763141964570,,,119.81795247395834,,,
1763141964578,,,,-4.703999996185303,-0.12405000627040863,
1763141964579,,,,,,-1.7359501123428345
1763141964598,,,,-1.7299500703811646,2.9850001335144043,-0.7230000495910645
1763141964605,,62.408230852791164,119.81795247395834,,,
1763141964617,,,,-2.8720500469207764,2.997000217437744,
1763141964618,1500.0,,,,,-0.7380000352859497
1763141964638,,,,-2.0530500411987305,4.759950160980225,
1763141964639,,,,,,-0.7279500365257263
1763141964645,,69.85589058591165,119.81795247395834,,,
1763141964657,,,,1.8820500373840332,,
1763141964658,,,,,8.193000793457031,-0.7380000352859497
1763141964676,,,,8.784000396728516,15.64905071258545,-0.7230000495910645
1763141964685,,54.3444240284778,119.81795247395834,,,
1763141964688,,,122.6513671875,,,
1763141964696,,,,6.687000274658203,19.707000732421875,2.4790501594543457
1763141964716,,,,3.748950242996216,24.69900131225586,2.4790501594543457
1763141964718,1500.0,,,,,
1763141964725,,49.279225009695764,122.6513671875,,,
1763141964736,,,,7.3120503425598145,29.160001754760742,9.166950225830078
1763141964754,,,,8.54699993133545,26.09295082092285,9.526050567626953
1763141964768,,79.14287894965334,,,,
1763141964769,,,122.6513671875,,,
1763141964775,2522.0,,77.02328055245536,10.156050682067871,,
1763141964776,,,,,22.717050552368164,13.132050514221191
1763141964794,,,,12.03795051574707,20.239051818847656,13.114950180053711
1763141964805,,60.72420532102299,77.02328055245536,,,
1763141964814,,,,5.581050395965576,13.264050483703613,13.122000694274902
1763141964818,2522.0,,,,,
1763141964834,,,,1.2420001029968262,6.382950305938721,13.132050514221191
1763141964845,,64.88364590862595,77.02328055245536,,,
1763141964852,,,,0.1870500147342682,,
1763141964853,,,,,-0.037950001657009125,13.111950874328613
1763141964871,,,,-0.33000001311302185,-6.214950084686279,
1763141964872,,,,,,9.526050567626953
1763141964885,,62.39948244368588,,,,
1763141964890,,,,0.7399500608444214,-10.381050109863281,3.95205020904541
1763141964909,,,,2.701050043106079,-12.450000762939453,
1763141964912,,,,,,1.6530001163482666
1763141964918,2522.0,,,,,
1763141964925,,73.58993137794283,,,,
1763141964933,,,,0.9340500235557556,-14.25195026397705,0.9570000171661377
1763141964950,,,,-1.3350000381469727,-15.394950866699219,0.25995001196861267
1763141964965,,71.5439270318581,,,,
1763141964968,,,163.3740234375,,,
1763141964969,,,163.3740234375,,,
1763141964973,,,,-2.0970001220703125,-15.409050941467285,
1763141964974,,,,,,-1.9440001249313354
1763141964996,1872.0,,,3.0019500255584717,-13.570050239562988,-2.7490501403808594
1763141965005,,48.2369201972579,163.3740234375,,,
1763141965022,,,,10.200000762939453,-9.475950241088867,
1763141965023,,,,,,-3.7900502681732178
1763141965044,,,,18.891000747680664,,
1763141965045,,47.51766591785667,163.3740234375,,-2.379000186920166,-3.7900502681732178
1763141965046,,,,26.397001266479492,,
1763141965047,1872.0,,,,8.301000595092773,-4.063050270080566
1763141965049,,,160.2490234375,,,
1763141965050,,,160.2490234375,,,
1763141965066,,,,24.184951782226562,15.217950820922852,
1763141965067,,,,,,-4.422000408172607
1763141965085,,52.94858487166188,160.2490234375,,,
1763141965090,,,,23.17905044555664,,
1763141965091,,,,,22.32900047302246,-6.498000144958496
1763141965121,,,,34.67205047607422,30.589052200317383,-6.498000144958496
1763141965129,,74.50230230921692,160.2490234375,,,
1763141965137,,,,30.43395233154297,30.244050979614258,-6.51300048828125
1763141965158,,,,22.8199520111084,,
1763141965159,,,,,27.34200096130371,-6.508050441741943
1763141965165,,64.43449566244632,,,,
1763141965181,,,,7.219050407409668,20.10900115966797,
1763141965182,1872.0,,,-4.69005012512207,,-4.422000408172607
1763141965183,,,,,14.563950538635254,-4.438950061798096
1763141965202,1030.0,,,,,
1763141965203,,,,-8.626049995422363,11.382000923156738,-4.44195032119751
1763141965205,,57.9616440895692,,,,
1763141965227,,,,-9.481050491333008,8.559000015258789,-3.7830002307891846
1763141965245,,75.19216695375655,,,,
1763141965253,,,,-7.965000152587891,6.936000347137451,-3.7860002517700195
1763141965255,,,327.5615001860119,,,
1763141965276,,,,-8.77695083618164,5.665050506591797,
1763141965277,,,,,,-3.7830002307891846
1763141965289,,84.51055139159293,327.5615001860119,,,
1763141965298,,,,-10.005000114440918,4.027050018310547,0.24495001137256622
1763141965299,,,,-4.891050338745117,5.988000392913818,4.771050453186035
1763141965300,1030.0,,,,,
1763141965319,,,,-0.7030500173568726,8.962050437927246,
1763141965320,,,,,,6.97605037689209
1763141965325,,83.07198121381879,327.5615001860119,,,
1763141965338,,,,3.1600501537323,12.768000602722168,6.958950519561768
1763141965357,,,,8.116050720214844,17.164051055908203,
1763141965358,,,,,,6.969000339508057
1763141965366,,82.14112988469823,,,,
1763141965377,,,,13.98495101928711,,
1763141965378,,,,,22.615951538085938,6.97605037689209
1763141965397,,,,19.437000274658203,28.972951889038086,8.161050796508789
1763141965400,1030.0,,,,,
1763141965405,,82.65250556851007,,,,
1763141965411,,,27.314208984375,,,
1763141965416,2082.0,,,20.514001846313477,28.99005126953125,9.504000663757324
1763141965435,,,,16.77195167541504,22.674001693725586,
1763141965436,,,,,,9.495000839233398
1763141965445,,82.14799851661817,27.314208984375,,,
1763141965455,,,,11.952000617980957,17.947050094604492,9.504000663757324
1763141965474,,,,12.871950149536133,16.330951690673828,
1763141965475,,,,,,9.492000579833984
1763141965485,,80.34135110897816,27.314208984375,,,
1763141965496,,,,9.733050346374512,9.85200023651123,9.483000755310059
1763141965510,2082.0,,,,,
1763141965514,,,,2.7870001792907715,0.7660500407218933,9.495000839233398
1763141965529,,75.82715328825347,27.314208984375,,,
1763141965536,,,,-3.397050142288208,-5.877000331878662,7.786950588226318
1763141965556,,,,-3.9430501461029053,-7.9960503578186035,
1763141965557,,,,,,0.820050060749054
1763141965567,,77.52975553881639,,,,
1763141965577,,,,3.0450000762939453,-5.662050247192383,0.8220000267028809
1763141965591,,,,8.977950096130371,-3.8520002365112305,-1.714050054550171
1763141965605,,75.00686249184905,,,,
1763141965611,,,63.05506727430555,,,
1763141965621,2082.0,,,2.9160001277923584,-5.82705020904541,-2.116950035095215
1763141965642,,,,-2.0250000953674316,-7.429050445556641,
1763141965643,2149.0,,,,,-3.5250000953674316
1763141965646,,72.64592276856108,63.05506727430555,,,
1763141965661,,,,4.258950233459473,-4.60605001449585,
1763141965662,,,,,,-5.047050476074219
1763141965685,,50.600732349269826,63.05506727430555,,,
1763141965689,,,,14.551950454711914,3.0859501361846924,
1763141965690,,,52.1038818359375,,,-5.055000305175781
1763141965708,,,,16.61400032043457,16.554000854492188,-2.116950035095215
1763141965721,2149.0,,,,,
1763141965726,,46.04012842914568,52.1038818359375,,,
1763141965731,,,,13.123050689697266,19.089000701904297,0.820050060749054
1763141965748,,,,3.699000120162964,16.123050689697266,0.8010000586509705
1763141965765,,50.24089963941812,52.1038818359375,,,
1763141965767,,,,-3.813000202178955,14.686050415039062,
1763141965768,,,,,,-3.201000213623047
1763141965786,,,,-6.79395055770874,12.208050727844238,-3.5250000953674316
1763141965805,,73.14196290069992,,-9.193050384521484,,
1763141965806,,,,,5.017950057983398,-3.201000213623047
1763141965822,2149.0,,,,,
1763141965825,,,,-8.259000778198242,-1.0000500679016113,
1763141965826,,,,,,-2.7340500354766846
1763141965845,,62.825684266877886,,-7.591050148010254,-3.4420502185821533,1.5019500255584717
1763141965851,2304.0,,,,,
1763141965864,,,,-1.8520500659942627,-0.009000000543892384,2.0050501823425293
1763141965883,,,,12.879000663757324,8.50200080871582,
1763141965884,,,,,,2.6520001888275146
1763141965885,,63.92596185007058,,,,
1763141965890,,,130.87554931640625,,,
1763141965903,,,,0.5890500545501709,2.0160000324249268,2.953050136566162
1763141965923,2304.0,,,-5.974950313568115,-2.200050115585327,9.289050102233887
1763141965925,,77.31450720881799,130.87554931640625,,,
1763141965943,,,,-2.491950035095215,-0.9570000171661377,
1763141965944,,,,,,9.303000450134277
1763141965962,,,,-4.63200044631958,-1.201050043106079,9.307950019836426
1763141965965,,70.44511466731097,130.87554931640625,,,
1763141965970,,,118.0458984375,,,
1763141965981,,,,-6.478050231933594,-1.2060000896453857,9.289050102233887
1763141966000,,,,-7.132050514221191,-1.2060000896453857,
1763141966001,,,,,,9.289050102233887
1763141966005,,70.63283533991344,118.0458984375,,,
1763141966020,,,,-6.069000244140625,-1.6470000743865967,9.856050491333008
1763141966024,2304.0,,,,,
1763141966039,,,,-3.3100502490997314,-1.2439500093460083,
1763141966040,,,,,,11.379000663757324
1763141966045,,62.65794192452905,118.0458984375,,,
1763141966051,,,75.40876116071428,,,
1763141966060,,,,-5.170950412750244,-0.5689499974250793,11.38800048828125
1763141966079,1555.0,,,-1.2199500799179077,4.156050205230713,11.379000663757324
1763141966085,,53.3740924894931,75.40876116071428,,,
1763141966099,,,,1.4359500408172607,7.087050437927246,11.629950523376465
1763141966121,,,,-1.579050064086914,,
1763141966122,,,,,5.8660502433776855,11.620950698852539
1763141966123,1555.0,,,,,
1763141966125,,75.5544971950944,75.40876116071428,,,
1763141966143,,,,1.1989500522613525,,
1763141966144,,,,,5.419950485229492,12.205050468444824
1763141966165,,69.29918098588931,75.40876116071428,,,
1763141966168,,,,3.06000018119812,4.429050445556641,12.772050857543945
1763141966176,,,,2.743950128555298,2.740950107574463,12.75105094909668
1763141966205,,72.80991166807172,,1.5010501146316528,1.5420000553131104,
1763141966206,,,,,,14.653950691223145
1763141966214,,,,1.0270500183105469,1.815000057220459,
1763141966215,,,,,,14.649001121520996
1763141966224,1555.0,,,,,
1763141966234,,,,1.0170000791549683,2.202000141143799,
1763141966235,,,,,,14.644950866699219
1763141966248,,66.75514833205754,,,,
1763141966253,,,,0.04305000230669975,,
1763141966254,,,,,2.2069501876831055,14.640000343322754
1763141966255,,,117.0263671875,,,
1763141966275,,,,-0.27195000648498535,3.121950149536133,14.635050773620605
1763141966288,,66.11131228054714,,,,
1763141966289,,,117.0263671875,,,
1763141966297,1335.0,,,-0.2939999997615814,3.1240501403808594,
1763141966298,,,,,,14.632950782775879
1763141966318,,,,4.057950019836426,4.716000080108643,9.159000396728516
1763141966330,,59.12444860108823,117.0263671875,,,
1763141966336,,,60.44820731026786,,,
1763141966341,,,,8.49000072479248,,
1763141966342,1335.0,,,,5.614050388336182,5.869950294494629
1763141966351,,,,7.255050182342529,4.573050022125244,5.860050201416016
1763141966369,,66.81884806262185,60.44820731026786,,,
1763141966370,,,,6.277950286865234,,
1763141966371,,,,,3.20805025100708,5.860050201416016
1763141966390,,,,4.7910003662109375,1.420050024986267,
1763141966391,,,,,,5.853000164031982
1763141966407,,68.10999736400731,60.44820731026786,,,
1763141966414,,,,6.313950061798096,3.8110501766204834,5.854950428009033
1763141966437,,,,-0.17205001413822174,,
1763141966438,,,,,2.683950185775757,5.857950210571289
1763141966442,1335.0,,,,,
1763141966449,,51.42693104916992,60.44820731026786,,,
1763141966462,,,,1.1490000486373901,4.171050071716309,5.854950428009033
1763141966485,,,,3.570000171661377,-0.9709500670433044,
1763141966486,,,,,,7.033050537109375
1763141966489,,,,5.95395040512085,-2.947050094604492,
1763141966490,,69.62841037915771,,,,8.613000869750977
1763141966512,903.0,,,5.401050090789795,,
1763141966513,,,,,0.04800000041723251,
1763141966514,,,,,,10.258050918579102
1763141966527,,64.11008811506187,,,,
1763141966534,,,698.5791015625,,,
1763141966540,,,,5.38200044631958,4.2709503173828125,11.307000160217285
1763141966564,,,,4.180050373077393,6.735000133514404,
1763141966565,,,,,,11.290050506591797
1763141966567,903.0,,,,,
1763141966570,,59.20412716599674,698.5791015625,,,
1763141966588,,,,-1.0549499988555908,4.444050312042236,
1763141966589,,,,,,11.307000160217285
1763141966590,,,,,,10.258050918579102
1763141966607,,65.10204157715287,,,,
1763141966608,,,698.5791015625,,,
1763141966615,,,,-3.6820502281188965,3.337050199508667,7.033050537109375
1763141966638,,,,-4.675050258636475,3.8830502033233643,
1763141966639,,,,,,4.267950057983398
1763141966651,,50.07921199777058,,,,
1763141966665,,,,-5.392950057983398,6.0169501304626465,
1763141966666,,,,,,3.744000196456909
1763141966668,903.0,,,,,
1763141966686,,72.12884739045867,,,,
1763141966690,,,,-5.74500036239624,3.5530502796173096,
1763141966691,,,,,,3.2500500679016113
1763141966712,,,,-2.986950159072876,,
1763141966713,,,,,0.5149500370025635,3.2479500770568848
1763141966719,702.0,,,,,
1763141966720,,,,-2.476950168609619,,
1763141966721,,,,,1.4410500526428223,3.255000114440918
1763141966727,,82.11778777423683,,,,
1763141966736,,,188.220947265625,,,
1763141966740,,,,0.3160500228404999,,
1763141966741,,,,,6.993000507354736,3.2569501399993896
1763141966763,,,,-3.1740002632141113,11.986050605773926,4.267950057983398
1763141966768,,70.42504046331578,188.220947265625,,,
1763141966787,702.0,,,-5.724000453948975,13.77405071258545,5.10105037689209
1763141966807,,77.97839714984684,,,,
1763141966808,,,188.220947265625,,,
1763141966814,,,,-3.8419501781463623,9.607950210571289,5.083950042724609
1763141966818,,,,-1.636950135231018,,
1763141966819,,,,,4.084050178527832,7.500000476837158
1763141966838,,,,1.429050087928772,2.2380001544952393,
1763141966839,,,,,,9.41100025177002
1763141966849,,79.35286167158276,,,,
1763141966859,,,,4.173000335693359,2.9140501022338867,11.87505054473877
1763141966886,,,,2.722050189971924,1.2109500169754028,11.87505054473877
1763141966888,702.0,74.8785271528649,,,,
1763141966898,,,82.447509765625,,,
1763141966912,,,,-2.311950206756592,-1.6609500646591187,11.87505054473877
1763141966929,,70.0734814956979,82.447509765625,,,
1763141966937,,,,-2.31000018119812,-0.5620500445365906,9.41100025177002
1763141966938,690.0,,,,,7.414050579071045
1763141966963,,,,1.1490000486373901,,
1763141966964,,,,,-0.022950001060962677,5.3020501136779785
1763141966971,,52.84415125206826,82.447509765625,,,
1763141966994,,,,4.173000335693359,-0.33900001645088196,5.320950031280518
1763141966998,690.0,,,,,
1763141967009,,57.86231755633609,82.447509765625,,,
1763141967017,,,83.31432524181548,,,
1763141967019,,,,5.56695032119751,-3.973950147628784,
1763141967020,,,,,,5.56095027923584
1763141967045,,,,3.475950241088867,-4.915050029754639,
1763141967046,,,,,,5.568000316619873
1763141967049,,54.53316197939809,83.31432524181548,,,
1763141967069,,,,0.19395001232624054,-3.5430002212524414,
1763141967070,,,,,,5.56095027923584
1763141967072,,,,1.2280501127243042,0.8740500211715698,
1763141967073,,,,,,5.52495002746582
1763141967088,,75.56262665552303,83.31432524181548,,,
1763141967095,,,98.68896484375,,,
1763141967097,,,,3.132000207901001,4.444050312042236,
1763141967098,,,,,,5.545950412750244
1763141967123,,,,6.256050109863281,8.100000381469727,7.299000263214111
1763141967124,690.0,,,,,
1763141967131,,71.35197263083757,98.68896484375,,,
1763141967150,,,,5.229000091552734,2.8350000381469727,
1763141967151,,,,,,11.199000358581543
1763141967169,,69.50430408715901,,,,
1763141967170,,,98.68896484375,,,
1763141967178,747.0,,,,,
1763141967179,,,,1.5660001039505005,1.1179500818252563,12.628951072692871
1763141967204,,,,2.6929500102996826,5.995050430297852,12.610050201416016
1763141967208,,47.56397411027947,,4.696950435638428,10.348050117492676,
1763141967209,,,,,,12.613950729370117
1763141967230,,,,2.8440001010894775,9.766050338745117,
1763141967231,,,,,,12.622050285339355
1763141967249,,59.06498744681645,,,,
1763141967254,,,,0.1080000028014183,6.735000133514404,
1763141967255,747.0,,,,,12.612000465393066
1763141967282,,,,-2.118000030517578,4.645050048828125,
1763141967283,,,,,,12.619050979614258
1763141967286,,,,-5.2069501876831055,3.7540502548217773,12.624000549316406
1763141967291,,78.97847996646115,,,,
1763141967299,,,213.10546875,,,
1763141967300,,,213.10546875,,,
1763141967307,,,,-8.905950546264648,3.057000160217285,9.166950225830078
1763141967328,,69.44332720078707,,,,
1763141967329,,,213.10546875,,,
1763141967332,,,,-8.179950714111328,,
1763141967333,,,,,4.012950420379639,7.05495023727417
1763141967344,,,,-9.804000854492188,,
1763141967362,,,,,0.7440000176429749,
1763141967363,747.0,,,,,7.04295015335083
1763141967370,,63.58440289999824,213.10546875,,,
1763141967391,,,,-11.85105037689209,-5.080050468444824,
1763141967392,2397.0,,,,,7.074000358581543
1763141967403,,,,-6.636000156402588,-2.4150002002716064,7.06695032119751
1763141967408,,74.42889027321435,,,,
1763141967422,,,,-6.646050453186035,0.4069500267505646,
1763141967423,,,,,,7.045050144195557
1763141967443,,,,-6.945000171661377,,
1763141967444,,,,,0.831000030040741,9.166950225830078
1763141967451,,73.05888811029845,,,,
1763141967458,,,141.61068870907738,,,
1763141967468,,,,-0.15000000596046448,0.49995002150535583,15.142951011657715
1763141967488,,75.07561605761123,141.61068870907738,,,
1763141967494,,,,4.2019500732421875,,
1763141967495,2397.0,,,,0.7950000166893005,17.599050521850586
1763141967519,,,,3.8140501976013184,,
1763141967520,,,,,0.7990500330924988,17.91495132446289
1763141967530,,71.64625712188224,141.61068870907738,,,
1763141967547,,,,0.1290000081062317,2.302950143814087,
1763141967548,,,,,,17.9010009765625
1763141967568,,60.740495264467924,141.61068870907738,,,
1763141967574,,,,-1.5430500507354736,,
1763141967575,,,,,0.3060000240802765,17.91105079650879
1763141967579,,,,-1.5390000343322754,-1.7610000371932983,
1763141967580,,,,,,17.92005157470703
1763141967599,2048.0,,,-0.8749500513076782,-2.809950113296509,
1763141967600,,,,,,17.599050521850586
1763141967602,2048.0,,,,,
1763141967610,,50.86461849884352,,,,
1763141967626,,,,0.1080000028014183,-3.8520002365112305,
1763141967627,,,,,,11.43600082397461
1763141967647,,46.60471080048424,,,,
1763141967653,,,64.228515625,,,
1763141967654,,,,5.380050182342529,-3.046950101852417,1.201050043106079
1763141967656,,,,7.398000240325928,-3.3700501918792725,
1763141967657,,,,,,-3.819000244140625
1763141967680,,,,9.891000747680664,-3.38700008392334,
1763141967681,,,,,,-3.8170502185821533
1763141967689,,68.01198616714203,,,,
1763141967690,,,64.228515625,,,
1763141967708,,,,9.910050392150879,-5.224050045013428,
1763141967709,,,,,,-3.799950122833252
1763141967729,,72.94331004766809,64.228515625,,,
1763141967735,,,,8.230950355529785,-6.718050479888916,-3.8140501976013184
1763141967736,2048.0,,,,,
1763141967763,,,,9.445050239562988,4.543950080871582,-3.8239502906799316
1763141967771,,68.7673918909611,,,,
1763141967791,,,,5.716950416564941,10.506000518798828,
1763141967792,,,,,,1.0500000715255737
1763141967793,,,,2.7720000743865967,,
1763141967794,,,,,12.337050437927246,
1763141967795,,,,,,9.439949989318848
1763141967809,,83.67763559666002,,,,
1763141967820,,,,4.195050239562988,,
1763141967821,,,,,6.304050445556641,16.486051559448242
1763141967848,,76.31279188812397,,,,
1763141967851,,,,5.610000133514404,-1.812000036239624,
1763141967852,2048.0,,,,,17.053050994873047
1763141967856,,,203.0810546875,,,
1763141967879,,,,4.029000282287598,,
1763141967880,,,,,3.9910502433776855,17.68305015563965
1763141967890,,70.70885742965287,203.0810546875,,,
1763141967908,,,,3.748950242996216,6.0520501136779785,
1763141967909,,,,,,17.680950164794922
1763141967912,,,,-0.9040500521659851,2.9419500827789307,
1763141967913,,,,,,17.677949905395508
1763141967924,,65.18709703906,,,,
1763141967925,,,203.0810546875,,,
1763141967929,,,149.73583984375,-3.8419501781463623,1.1040000915527344,17.053050994873047
1763141967953,,,,-5.947050094604492,0.7729500532150269,16.70895004272461
1763141967954,2048.0,,,,,
1763141967965,,50.64085099235398,149.73583984375,,,
1763141967974,,,,-9.271950721740723,-0.2530499994754791,16.713001251220703
1763141967994,,,,-8.805000305175781,1.7430000305175781,4.756050109863281
1763141968006,,,,-8.82194995880127,,
1763141968007,,,,,2.641050100326538,0.8629500269889832
1763141968009,,54.50690640195734,149.73583984375,,,
1763141968013,,,129.93384951636904,,,
1763141968021,5646.0,,,,,
1763141968026,,,,-8.82705020904541,2.2380001544952393,0.8419500589370728
1763141968045,,52.86535803655041,129.93384951636904,,,
1763141968053,,,,-6.801000118255615,1.1470500230789185,0.8560500144958496
1763141968054,5646.0,,,,,
1763141968077,,,,-2.7210001945495605,2.490000009536743,0.853950023651123
1763141968085,,50.77939990742156,129.93384951636904,,,
1763141968097,,,,-0.9540000557899475,5.169000148773193,0.8560500144958496
1763141968104,,,,-3.733950138092041,7.302000522613525,0.853950023651123
1763141968124,,,,-6.7510504722595215,9.133950233459473,7.05495023727417
1763141968125,,70.50449788155751,129.93384951636904,,,
1763141968129,,,130.3454153878348,,,
1763141968143,,,,-4.1579999923706055,4.954050064086914,17.599050521850586
1763141968160,5646.0,,,,,
1763141968162,,,,-0.7750500440597534,2.9419500827789307,
1763141968163,,,,,,18.295949935913086
1763141968165,,79.66078497310336,130.3454153878348,,,
1763141968181,,,,1.659000039100647,,
1763141968182,,,,,1.599000096321106,18.291000366210938
1763141968202,,,,0.28005000948905945,0.2989500164985657,18.274051666259766
1763141968205,,64.40324656580496,130.3454153878348,,,
1763141968210,,,81.92203776041666,,,
1763141968225,,,,-0.8970000147819519,-1.7040001153945923,18.315000534057617
1763141968247,5603.0,,,0.013950000517070293,-0.697950005531311,18.315000534057617
1763141968249,,59.01554971889904,81.92203776041666,,,
1763141968259,,,,1.1989500522613525,,
1763141968260,,,,,-0.7129500508308411,17.599050521850586
1763141968270,5603.0,,,,,
1763141968286,,59.840694622056645,81.92203776041666,,,
1763141968293,,,,1.221000075340271,-0.700950026512146,17.62095069885254
1763141968315,,,,2.6580002307891846,0.37095001339912415,12.118950843811035
1763141968318,,,,5.502000331878662,3.0139501094818115,7.600950241088867
1763141968325,,62.678629602643234,,,,
1763141968337,,,,8.302950859069824,,
1763141968338,,,,,5.800950050354004,2.371950149536133
1763141968361,,,,8.301000595092773,4.278000354766846,2.368950128555298
1763141968365,,60.846899717885165,,,,
1763141968382,5603.0,,,6.321000099182129,0.7080000042915344,2.371950149536133
1763141968402,,,,4.129950046539307,-1.2079501152038574,2.3740501403808594
1763141968405,,63.079992531391085,,,,
1763141968414,,,244.2782867270172,,,
1763141968422,,,,2.16195011138916,-2.6520001888275146,
1763141968423,,,,,,2.3809502124786377
1763141968445,,70.93110268521141,244.2782867270172,,,
1763141968448,,,,2.9230501651763916,-0.6700500249862671,
1763141968449,,,,,,2.386050224304199
1763141968467,8292.0,,,2.341050148010254,4.587000370025635,2.371950149536133
1763141968485,,77.1869087007334,244.2782867270172,,,
1763141968489,,,192.314453125,-2.836050033569336,,
1763141968490,,,,,6.117000102996826,4.3969502449035645
1763141968493,,,,-1.3210500478744507,,
1763141968494,,,,,4.939050197601318,5.266050338745117
1763141968510,8292.0,,,,,
1763141968513,,,,1.234950065612793,1.1040000915527344,7.507050514221191
1763141968529,,75.01801296835626,192.314453125,,,
1763141968533,,,,2.004000186920166,-0.11700000613927841,8.692049980163574
1763141968552,,,,2.671950101852417,3.589050054550171,10.74000072479248
1763141968565,,68.83727722582566,192.314453125,,,
1763141968567,,,193.251953125,,,
1763141968572,,,,-2.628000020980835,3.955050230026245,10.725000381469727
1763141968591,,,,-4.717950344085693,2.2380001544952393,10.717950820922852
1763141968605,,63.107067161801766,193.251953125,,,
1763141968612,8292.0,,,-2.6070001125335693,2.25,8.692049980163574
1763141968632,,,,-1.3060500621795654,1.8720000982284546,8.677950859069824
1763141968645,,62.923742138229635,193.251953125,,,
1763141968649,,,137.0751953125,,,
1763141968653,,,,-1.3210500478744507,2.949000120162964,7.507050514221191
1763141968674,7847.0,,,-2.8219501972198486,5.377050399780273,6.301050186157227
1763141968685,,62.58361587614299,137.0751953125,,,
1763141968694,,,,-4.279950141906738,5.383950233459473,6.29295015335083
1763141968715,,,,-2.857950210571289,2.5540502071380615,6.298050403594971
1763141968716,7847.0,,,,,
1763141968725,,60.874399786293296,137.0751953125,,,
1763141968727,,,,-1.3780500888824463,0.8089500665664673,6.295950412750244
1763141968760,,,,-2.6860501766204834,2.3170502185821533,6.295950412750244
1763141968765,,63.812402731732035,137.0751953125,,,
1763141968773,,,149.3351091657366,,,
1763141968781,,,,-3.2820000648498535,6.735000133514404,6.283950328826904
1763141968785,,,,-1.6800000667572021,,
1763141968786,,,,,8.18595027923584,6.29295015335083
1763141968805,,64.58046445432815,149.3351091657366,-4.918950080871582,,
1763141968806,,,,,8.50200080871582,8.499000549316406
1763141968821,7847.0,,,,,
1763141968824,,,,-7.79295015335083,7.129950523376465,
1763141968825,,,,,,8.494050025939941
1763141968844,,,,-5.7960004806518555,4.507950305938721,8.986950874328613
1763141968845,,77.99470811449355,149.3351091657366,,,
1763141968882,,,,-1.9530000686645508,,
1763141968883,,,,,0.4639500081539154,8.968050003051758
1763141968884,,,,0.6319500207901001,-1.158000111579895,11.422050476074219
1763141968890,,76.1008957730828,,,,
1763141968905,,,,2.284050226211548,-0.697950005531311,
1763141968906,7965.0,,,,,12.154950141906738
1763141968925,,74.30128446920837,,,,
1763141968928,,,161.4208984375,2.8369500637054443,,
1763141968929,7965.0,,,,0.6010500192642212,12.142951011657715
1763141968949,,,,2.434950113296509,1.225950002670288,11.422050476074219
1763141968964,,58.16788709717834,161.4208984375,,,
1763141968970,,,,2.004000186920166,1.6710001230239868,11.098950386047363
1763141968990,,,,2.5789501667022705,2.3530499935150146,9.030000686645508
1763141969005,,60.89106261287998,161.4208984375,,,
1763141969014,,,,3.879000186920166,2.748000144958496,9.025050163269043
1763141969019,,,,7.420050144195557,4.120050430297852,
1763141969020,,,,,,8.017050743103027
1763141969035,7965.0,,,,,
1763141969039,,,,5.623950481414795,1.2400500774383545,9.41100025177002
1763141969045,,59.96826042421452,161.4208984375,,,
1763141969058,,,,3.547950267791748,-3.05400013923645,
1763141969059,,,,,,9.415950775146484
1763141969079,,,,3.547950267791748,-1.6609500646591187,9.41100025177002
1763141969088,,57.50107690706603,,,,
1763141969101,,,,2.952000141143799,,
1763141969102,,,,,2.740950107574463,9.38895034790039
1763141969126,7056.0,,,,,
1763141969127,,,,2.0689501762390137,8.164050102233887,7.26300048828125
1763141969130,,74.5515986080591,,,,
1763141969136,,,224.0673828125,,,
1763141969150,,,,-0.1860000044107437,10.434000968933105,
1763141969151,,,,,,6.207000255584717
1763141969154,7056.0,,,,,
1763141969167,,69.71937007578387,224.0673828125,,,
1763141969177,,,,1.234950065612793,9.910050392150879,
1763141969178,,,,,6.469050407409668,6.199950218200684
1763141969203,,,,3.706050157546997,3.4450502395629883,8.994000434875488
1763141969208,,63.38418301314121,224.0673828125,,,
1763141969230,,,,3.2749502658843994,4.486950397491455,
1763141969231,,,,,,9.41100025177002
1763141969248,,60.265738546058046,,,,
1763141969255,,,,-0.30105000734329224,,
1763141969256,,,,,5.54295015335083,9.38895034790039
1763141969259,7056.0,,,,,
1763141969284,,,,-3.58305025100708,4.810050010681152,
1763141969285,,,,,,8.986950874328613
1763141969290,,76.69316813960664,,,,
1763141969292,,,,-2.5630500316619873,2.820000171661377,
1763141969293,,,,,,8.341050148010254
1763141969315,,,,-0.9040500521659851,1.3690500259399414,8.017050743103027
1763141969328,,74.2233394453057,,,,
1763141969336,,,112.08048502604166,,,
1763141969341,4933.0,,,,,
1763141969342,,,,-3.7129502296447754,0.2560500204563141,8.0149507522583
1763141969368,,60.806120991921716,112.08048502604166,-5.544000148773193,1.6849501132965088,
1763141969369,4933.0,,,,,7.998000144958496
1763141969370,,,,-4.861950397491455,4.465050220489502,
1763141969371,,,,,,7.693950176239014
1763141969395,,,,-4.503000259399414,3.9120001792907715,5.56095027923584
1763141969408,,76.3332136625924,112.08048502604166,,,
1763141969418,,,137.904052734375,,,
1763141969420,,,,-5.020050048828125,2.253000020980835,
1763141969421,,,,,,5.5489501953125
1763141969447,,80.65300197856348,137.904052734375,-5.041950225830078,4.177950382232666,5.539050102233887
1763141969448,,,,-1.120050072669983,10.21095085144043,5.539050102233887
1763141969472,,,,-3.7920002937316895,13.278000831604004,
1763141969473,,,,,,6.7669501304626465
1763141969475,4933.0,,,,,
1763141969487,,80.6102360384684,137.904052734375,,,
1763141969500,,,,-5.809950351715088,12.87600040435791,6.763050556182861
1763141969506,,,,-4.014000415802002,,
1763141969507,,,,,10.405050277709961,7.693950176239014
1763141969527,,,,-4.017000198364258,,
1763141969528,,80.15582721345618,,,5.140050411224365,7.692000389099121
1763141969556,4018.0,,,-5.53695011138916,-0.037950001657009125,
1763141969557,,,,,,10.171950340270996
1763141969570,,78.60711187081519,,,,
1763141969587,,,,-2.4340500831604004,1.527000069618225,
1763141969588,,,,,,10.74000072479248
1763141969589,4018.0,,,,,
1763141969609,,77.6712883478843,,,,
1763141969616,,,,-2.311950206756592,0.37095001339912415,10.717950820922852
1763141969617,,,93.24884033203125,,,
1763141969644,,,,-2.2930500507354736,,
1763141969645,,,,-1.1479500532150269,-1.7040001153945923,10.171950340270996
1763141969650,,81.27477218650128,,,,
1763141969651,,,93.24884033203125,,,
1763141969662,,,,0.9049500226974487,-1.2160500288009644,
1763141969663,,,,,,6.904050350189209
1763141969689,,79.79354482010395,93.24884033203125,,,
1763141969696,,,56.515691848028276,,,
1763141969702,,,,3.5119502544403076,-0.5550000071525574,
1763141969703,4018.0,,,,,6.922950267791748
1763141969729,,76.76175026221387,56.515691848028276,,,
1763141969730,,,,4.209000110626221,,
1763141969731,,,,,0.3559500277042389,3.7219502925872803
1763141969759,,,,4.933950424194336,1.3410000801086426,
1763141969760,6654.0,,,,,3.712050199508667
1763141969761,,,,5.458950042724609,-0.7699500322341919,3.741000175476074
1763141969770,,74.67048376469225,56.515691848028276,,,
1763141969777,,,83.6898193359375,,,
1763141969778,,,83.6898193359375,,,
1763141969789,,,,4.008000373840332,,
1763141969790,,,,,-0.39705002307891846,3.7270500659942627
1763141969808,,72.13902696387068,83.6898193359375,,,
1763141969819,,,,3.988950252532959,5.779950141906738,
1763141969820,6654.0,,,,,3.703050136566162
1763141969848,,,,0.4600500166416168,14.284050941467285,
1763141969850,,64.49048889038819,83.6898193359375,,,6.127950191497803
1763141969878,,,,0.4519500136375427,,
1763141969879,,,,,9.694050788879395,
1763141969881,,,,,,11.40000057220459
1763141969889,,60.98287487781044,,,,
1763141969890,,,83.6898193359375,,,
1763141969897,,,102.691650390625,,,
1763141969904,,,,0.028950002044439316,1.6710001230239868,12.550050735473633
1763141969928,,51.659816900439935,102.691650390625,,,
1763141969935,6654.0,,,0.43800002336502075,3.4450502395629883,13.684950828552246
1763141969963,,,,0.703950047492981,6.211050510406494,13.665000915527344
1763141969970,,61.18865373970992,102.691650390625,,,
1763141969991,7138.0,,,-2.118000030517578,5.011050224304199,
1763141969992,,,,,,12.550050735473633
1763141969994,,,,-3.4680001735687256,4.156050205230713,
1763141969995,,,,,,12.211950302124023
1763141970008,,63.74024746082497,,,,
1763141970021,,,,-4.273050308227539,,
1763141970022,,,,,3.8899502754211426,11.40000057220459
1763141970049,,62.95620320120343,,,,
1763141970050,,,,-3.9780001640319824,,
1763141970051,7138.0,,,,3.9049501419067383,5.833950042724609
1763141970057,,,139.9697265625,,,
1763141970080,,,,-4.3660502433776855,3.049950122833252,3.0040502548217773
1763141970089,,73.80492961603015,,,,
1763141970090,,,139.9697265625,,,
1763141970091,,,,-4.9170002937316895,0.3130500018596649,
1763141970092,,,,,,2.9920501708984375
1763141970110,,,,-6.139950275421143,1.204050064086914,2.986950159072876
1763141970127,,67.0305772220561,139.9697265625,,,
1763141970138,,,,-7.089000225067139,4.98900032043457,2.9850001335144043
1763141970167,,,,-5.149050235748291,9.766050338745117,
1763141970168,7138.0,,,,,2.995950222015381
1763141970171,,69.3481679228444,139.9697265625,,,
1763141970180,,,98.0205078125,,,
1763141970199,,,,-8.224050521850586,10.312050819396973,
1763141970200,6564.0,,,,,5.8120503425598145
1763141970210,,78.31859532696885,98.0205078125,,,
1763141970232,,,,-3.6120002269744873,6.403950214385986,
1763141970234,,,,,,13.282051086425781
1763141970250,,78.18988859776599,98.0205078125,,,
1763141970259,,,79.28871372767857,,,
1763141970263,,,,-2.6929500102996826,3.8110501766204834,13.267951011657715
1763141970267,,,,-2.7139501571655273,,
1763141970268,,,,,1.1610000133514404,13.2610502243042
1763141970287,,76.09966523757369,79.28871372767857,,,
1763141970291,6564.0,,,-0.5670000314712524,-1.6750500202178955,13.297050476074219
1763141970320,,,,0.4020000100135803,-5.145000457763672,13.294050216674805
1763141970324,,,,3.7639501094818115,,
1763141970325,,,,,-5.719050407409668,13.294050216674805
1763141970330,,56.65988404915104,,,,
1763141970331,,,79.28871372767857,,,
1763141970338,,,86.89181082589286,,,
1763141970347,,,,7.800000190734863,,
1763141970348,,,,,-3.2479500770568848,12.270000457763672
1763141970368,,57.39469428829935,86.89181082589286,,,
1763141970375,,,,8.812950134277344,,
1763141970376,,,,,-0.016050001606345177,
1763141970377,,,,,,6.034950256347656
1763141970383,,,,8.346000671386719,2.7840001583099365,1.990950107574463
1763141970392,6564.0,,,,,
1763141970404,,,,6.823950290679932,0.08400000631809235,
1763141970405,,,,,,0.4819500148296356
1763141970410,4788.0,55.38401767453955,86.89181082589286,,,
1763141970435,,,,5.623950481414795,-7.579950332641602,0.48705002665519714
1763141970449,,55.80464336050757,86.89181082589286,,,
1763141970455,,,97.93015252976191,,,
1763141970463,,,,5.344050407409668,,
1763141970464,,,,10.36500072479248,-8.269050598144531,0.4819500148296356
1763141970491,,60.31905425804755,,,,
1763141970492,,,97.93015252976191,,,
1763141970493,,,,12.793050765991211,9.442950248718262,
1763141970494,,,,,,0.4630500078201294
1763141970497,4788.0,,,,,
1763141970522,,,,10.077000617980957,,
1763141970523,,,,10.681050300598145,13.882050514221191,0.47805002331733704
1763141970529,,76.28241257584673,97.93015252976191,,,
1763141970551,,,,4.992000102996826,,
1763141970552,,,,,5.2260003089904785,
1763141970553,,,,,,18.496950149536133
1763141970569,,72.68497452341703,,,,
1763141970581,,,,3.3330001831054688,,
1763141970582,,,,2.419950008392334,0.5860500335693359,20.415000915527344
1763141970608,,78.05456064466878,,,,
1763141970611,,,,4.116000175476074,7.590000152587891,21.382051467895508
1763141970621,,,59.93924386160714,,,
1763141970640,,,,1.8750001192092896,8.236050605773926,
1763141970641,4698.0,,,,,21.382051467895508
1763141970651,,69.10278517639473,59.93924386160714,,,
1763141970655,,,,-0.781950056552887,,
1763141970656,,,,,2.1670501232147217,21.37005043029785
1763141970675,,,,-1.6939500570297241,,
1763141970676,,,,,1.9009500741958618,18.496950149536133
1763141970689,,63.90847334407694,,,,
1763141970690,,,59.93924386160714,,,
1763141970703,,,,-4.5960001945495605,1.0600500106811523,7.737000465393066
1763141970728,,61.246265426624085,,,,
1763141970729,,,59.93924386160714,,,
1763141970732,,,,-9.106950759887695,0.6439500451087952,
1763141970733,,,,,,6.207000255584717
1763141970735,,,,-10.084050178527832,,
1763141970736,,,,,2.3389501571655273,5.509950160980225
1763141970742,4698.0,,,,,
1763141970762,,,,-8.55405044555664,3.388050079345703,3.5350501537323
1763141970770,,67.20769199902708,,,,
1763141970791,,,,-6.9810004234313965,,
1763141970792,,,,,2.4400501251220703,3.5280001163482666
1763141970795,,,,-3.3390002250671387,1.9369500875473022,3.5280001163482666
1763141970809,,63.24892772502024,,,,
1763141970817,,,317.91660853794644,,,
1763141970820,,,,-0.7170000076293945,3.955050230026245,3.5209500789642334
1763141970848,,77.18733192091506,317.91660853794644,-2.0179500579833984,,
1763141970849,,,,,7.029000282287598,5.509950160980225
1763141970850,4529.0,,,,,
1763141970853,,,,-5.293050289154053,11.920950889587402,
1763141970854,,,,,,6.207000255584717
1763141970856,4529.0,,,,,
1763141970878,,,,-5.824050426483154,14.521050453186035,
1763141970879,,,,,,10.653000831604004
1763141970889,,81.97059215347076,317.91660853794644,,,
1763141970906,,,,-2.491950035095215,11.3100004196167,
1763141970907,,,,,,11.515050888061523
1763141970909,,,,1.5010501146316528,7.999050617218018,
1763141970910,,,,,,12.607050895690918
1763141970928,,77.76386850444281,,,,
1763141970935,,,,3.6919500827789307,6.13200044631958,13.396950721740723
1763141970966,,,,2.218950033187866,4.077000141143799,
1763141970967,4529.0,,,,,13.381051063537598
1763141970968,,,,2.7720000743865967,1.333050012588501,
1763141970970,,77.36622124454111,,,,
1763141970996,,,,1.264050006866455,-1.2300000190734863,
1763141970997,,,,,,13.396950721740723
1763141971006,,,,0.9550500512123108,-2.737950086593628,
1763141971007,,,,,,12.607050895690918
1763141971010,,76.28373918176463,,,,
1763141971019,,,46.29475911458333,,,
1763141971026,,,,3.2179501056671143,-3.6220502853393555,
1763141971027,,,,,,10.653000831604004
1763141971048,,70.02137524259962,46.29475911458333,,,
1763141971052,,,,4.366950035095215,,
1763141971053,,,,,-3.643050193786621,5.676000118255615
1763141971059,3529.0,,,,,
1763141971083,,,,4.999050140380859,-2.386050224304199,
1763141971084,,,,,,-0.05505000427365303
1763141971088,,59.71449811919559,46.29475911458333,,,
1763141971110,,,,6.867000102996826,,
1763141971111,,,,10.336050033569336,0.21300001442432404,
1763141971112,,,,,,-2.842050075531006
1763141971113,,,,,,-2.8590002059936523
1763141971128,,51.066825265652255,,,,
1763141971139,,,,11.521050453186035,1.081950068473816,
1763141971140,,,,,,-2.8570501804351807
1763141971168,,,,11.515950202941895,1.0960500240325928,
1763141971169,,,,,,-2.8470001220703125
1763141971170,,72.50527359438988,,,,
1763141971182,,,114.34217664930556,,,
1763141971198,,,,4.381050109863281,,
1763141971199,,,,,6.735000133514404,
1763141971200,3529.0,,,,,-2.8590002059936523
1763141971210,,81.07155625048867,114.34217664930556,,,
1763141971227,,,,1.615950107574463,6.754050254821777,-0.62295001745224
1763141971247,,78.53733652723909,114.34217664930556,,,
1763141971254,,,,3.4549500942230225,,
1763141971255,,,,,2.3389501571655273,16.693950653076172
1763141971257,,,137.74837239583331,,,
1763141971284,,,,5.73900032043457,5.383950233459473,
1763141971285,5276.0,,,,,16.687049865722656
1763141971289,,64.42782836088838,137.74837239583331,,,
1763141971312,,,,4.209000110626221,8.491950035095215,
1763141971313,,,,,,16.692001342773438
1763141971314,5276.0,,,,,
1763141971328,,56.94575042775248,137.74837239583331,,,
1763141971340,,,,0.9769500494003296,6.067050457000732,16.675050735473633
1763141971366,,,,-5.178000450134277,1.951050043106079,
1763141971367,,,,,,16.672950744628906
1763141971369,,61.78152924922492,137.74837239583331,,,
1763141971379,,,114.82080078125,,,
1763141971395,,,,-6.175950527191162,3.358950138092041,
1763141971396,,,,-6.4710001945495605,5.341050148010254,9.741000175476074
1763141971397,,,,,,8.671050071716309
1763141971410,,56.90696616882096,114.82080078125,,,
1763141971425,,,,-9.38700008392334,6.246000289916992,
1763141971426,,,,,,8.226000785827637
1763141971447,,55.729835199704794,114.82080078125,,,
1763141971452,5276.0,,,-8.008049964904785,5.218950271606445,8.215950012207031
1763141971455,,,,-3.4110002517700195,1.771950125694275,
1763141971456,,,,,,8.215950012207031
1763141971480,,,,-1.3639500141143799,,
1763141971481,,,,,0.6010500192642212,8.214000701904297
1763141971491,,62.627632541781765,,,,
1763141971510,6339.0,,,-0.17205001413822174,3.8110501766204834,
1763141971511,,,,,,8.671050071716309
1763141971514,,,,-3.4680001735687256,9.06195068359375,
1763141971515,,,,,,8.64900016784668
1763141971529,,63.25208393555866,,,,
1763141971537,,,940.4443359375,,,
1763141971539,,,,-5.724000453948975,12.007050514221191,9.741000175476074
1763141971567,,,,-1.8019500970840454,7.705050468444824,
1763141971568,6339.0,73.15988159719228,940.4443359375,,,12.112051010131836
1763141971598,,,,2.5069501399993896,,
1763141971599,,,,,6.570000171661377,
1763141971600,,,,,,14.281050682067871
1763141971610,,68.2043743464921,,,,
1763141971611,,,940.4443359375,5.8969502449035645,,
1763141971612,,,,,1.50600004196167,18.088050842285156
1763141971649,,63.82979731205161,940.4443359375,,,
1763141971657,,,,3.7420501708984375,0.39195001125335693,18.069000244140625
1763141971686,,,,0.6100500226020813,-3.81600022315979,
1763141971687,6339.0,,,,,17.31195068359375
1763141971690,,64.4703139729393,,,,
1763141971715,,,,1.128000020980835,-5.152050018310547,
1763141971716,5532.0,,,,,14.281050682067871
1763141971728,,56.4295687900585,,2.0400002002716064,,
1763141971729,,,,,-4.102950096130371,9.043950080871582
1763141971732,,,195.751953125,,,
1763141971769,,51.4651405660518,195.751953125,,,
1763141971771,,,,4.762050151824951,-2.041949987411499,
1763141971772,,,,,,0.4540500342845917
1763141971800,5532.0,,,10.558950424194336,-1.4020500183105469,-3.390000104904175
1763141971810,,57.528576518526044,195.751953125,,,
1763141971827,,,,11.614950180053711,-4.872000217437744,-3.3930001258850098
1763141971847,,76.55827955776502,,,,
1763141971854,,,,5.041950225830078,,
1763141971855,,,,,1.9300501346588135,-3.3949501514434814
1763141971884,,,,4.768950462341309,9.2989501953125,
1763141971885,,,,,,-3.4140002727508545
1763141971891,,85.5089115639455,,,,
1763141971914,,,,6.594000339508057,,
1763141971915,5532.0,,,,12.826050758361816,7.219950199127197
1763141971929,,74.34206990594662,,,,
1763141971937,,,55.32213483537946,,,
1763141971943,,,,7.197000503540039,8.064000129699707,
1763141971944,4287.0,,,,,10.503000259399414
1763141971969,,74.73211512243728,,,,
1763141971970,,,55.32213483537946,4.087049961090088,,
1763141971971,,,,,10.800000190734863,15.358050346374512
1763141972000,,,,1.4149500131607056,11.281950950622559,
1763141972001,,,,,,15.343950271606445
1763141972010,,67.73713387458871,55.32213483537946,,,
1763141972031,,,,-4.04295015335083,4.293000221252441,
1763141972032,4287.0,,,,,14.05095100402832
1763141972047,,50.95051963063906,,,,
1763141972059,,,,-5.500950336456299,,
1763141972060,,,,-4.611000061035156,4.9609503746032715,10.503000259399414
1763141972087,,,,-5.665950298309326,3.847050189971924,4.942950248718262
1763141972090,,46.50778515061997,,,,
1763141972097,,,95.30322265625,,,
1763141972116,,,,-7.872000217437744,0.5790000557899475,
1763141972117,,,,,,-0.027000000700354576
1763141972118,,,,-7.864050388336182,-2.6020500659942627,
1763141972129,,48.107443628773616,,,,
1763141972130,,,95.30322265625,,,
1763141972146,,,,-5.845950126647949,,
1763141972147,3067.0,,,,-3.2119500637054443,-0.0070500001311302185
1763141972148,3067.0,,,,,
1763141972167,,74.61609317218752,95.30322265625,,,
1763141972175,,,,-4.186950206756592,0.1980000138282776,-0.04305000230669975
1763141972176,,,,-3.655050277709961,6.19605016708374,
1763141972202,,,,-7.110000133514404,,
1763141972203,,,,,12.523950576782227,-0.037950001657009125
1763141972210,,75.34014962111179,95.30322265625,,,
1763141972220,,,99.45540364583334,,,
1763141972231,,,,-2.994000196456909,17.041950225830078,9.562050819396973
1763141972248,,78.49077427596414,99.45540364583334,,,
1763141972259,,,,1.981950044631958,9.700950622558594,
1763141972260,,,,,8.680950164794922,10.933950424194336
1763141972287,,,,2.4130501747131348,,
1763141972288,,,,,6.354000091552734,
1763141972289,,76.40045881813012,,,,
1763141972290,3067.0,,99.45540364583334,,,18.19500160217285
1763141972292,,,,-0.19995000958442688,,
1763141972293,,,,,4.723950386047363,18.178951263427734
1763141972301,,,107.28208705357143,,,
1763141972315,,,,-4.135950088500977,1.8859500885009766,
1763141972316,,,,,,18.190950393676758
1763141972332,,80.69967560200426,107.28208705357143,,,
1763141972344,,,,-5.164050102233887,,
1763141972345,,,,,-0.6409500241279602,18.20505142211914
1763141972351,,,,-2.677950143814087,-2.5009500980377197,13.885951042175293
1763141972362,3073.0,,,,,
1763141972367,,59.14276129527936,107.28208705357143,,,
1763141972373,,,,0.7110000252723694,-4.491000175476074,12.922950744628906
1763141972399,,,,3.907050132751465,,
1763141972400,3073.0,,,,-5.209050178527832,10.933950424194336
1763141972405,,56.141124291128655,,,,
1763141972426,,,,6.2059502601623535,-4.692000389099121,2.4220499992370605
1763141972431,,,,7.693050384521484,-1.5390000343322754,
1763141972432,,,,,,-0.11295000463724136
1763141972446,,70.1924786234599,,,,
1763141972456,,,,8.670000076293945,2.0440499782562256,-3.5460002422332764
1763141972482,,,,10.759950637817383,,
1763141972483,,,,,3.388050079345703,-3.5680501461029053
1763141972487,,73.1171774703493,,,,
1763141972493,,,60.326058523995535,,,
1763141972507,,,,14.752950668334961,1.1389501094818115,
1763141972508,,,,,,-3.5460002422332764
1763141972527,,78.34501734881057,60.326058523995535,,,
1763141972534,,,,13.956000328063965,,
1763141972535,3073.0,,,,-1.6900501251220703,-3.5410501956939697
1763141972564,,,,10.342950820922852,,
1763141972565,,,,,-0.030000001192092896,-3.547950267791748
1763141972572,,,,5.215050220489502,8.796000480651855,-0.11295000463724136
1763141972573,,75.8041167490919,60.326058523995535,,,
1763141972578,3249.0,,,,,
1763141972590,,,,3.676950216293335,,
1763141972591,,,,,14.557050704956055,3.7579500675201416
1763141972609,,71.73718156831585,,,,
1763141972619,,,,2.083050012588501,7.956000328063965,8.749950408935547
1763141972648,,,,-0.24300001561641693,0.9379500150680542,
1763141972649,,68.83055443869898,,,,
1763141972650,,,,,,9.403950691223145
1763141972652,3249.0,,,,,
1763141972662,,,,-0.24795001745224,5.119050025939941,15.825000762939453
1763141972664,,,75.79329427083334,,,
1763141972689,,49.35698907206242,,,,
1763141972690,,,75.79329427083334,,,
1763141972708,,,,1.6230000257492065,9.802050590515137,
1763141972709,,,,,,15.805951118469238
1763141972728,,47.538276125184716,75.79329427083334,,,
1763141972739,,,,2.212050199508667,7.258950233459473,
1763141972740,,,,,,14.1510009765625
1763141972768,,,,1.738050103187561,3.582000255584717,
1763141972769,,47.896699939742504,75.79329427083334,,1.828950047492981,9.403950691223145
1763141972799,,,,-2.650050163269043,0.9739500284194946,6.11400032043457
1763141972800,3634.0,,,,,
1763141972809,,56.19064697841006,,,,
1763141972827,,,,-7.648950576782227,,
1763141972828,,,,,2.698050022125244,2.350050210952759
1763141972848,,62.895234897230864,,,,
1763141972854,,,390.0402396065848,,,
1763141972855,,,,-5.623050212860107,1.125,2.3400001525878906
1763141972857,,,,-2.7720000743865967,-0.8560500144958496,
1763141972858,,,,,,2.359950065612793
1763141972886,,,,-1.6080000400543213,1.815000057220459,
1763141972887,,,,,,2.3449501991271973
1763141972890,,53.47103034960442,390.0402396065848,,,
1763141972915,,,,-1.88100004196167,8.229000091552734,
1763141972916,,,,,11.145000457763672,4.929000377655029
1763141972919,3634.0,,,,,
1763141972929,,51.0956034274124,390.0402396065848,,,
1763141972946,,,,-6.922950267791748,,
1763141972947,,,,,12.208050727844238,10.869000434875488
1763141972967,,76.34964158555563,,,,
1763141972974,,,,-2.4840002059936523,10.57800006866455,14.719050407409668
1763141973003,,,,3.6850502490997314,5.758050441741943,17.520000457763672
1763141973008,,60.00474328976122,,,,
1763141973033,3944.0,,,0.1290000081062317,4.056000232696533,
1763141973034,,,,,,17.500951766967773
1763141973048,,72.77455213032466,,,,
1763141973057,,,118.83998325892857,,,
1763141973063,3944.0,,,3.7129502296447754,-0.15300001204013824,17.520000457763672
1763141973088,,62.63055065135546,118.83998325892857,,,
1763141973092,,,,4.863000392913818,-2.2789502143859863,15.97605037689209
1763141973120,,,,6.349950313568115,-3.118950128555298,
1763141973121,,,,,,10.135950088500977
1763141973131,,45.1852976345061,118.83998325892857,,,
1763141973153,,,,8.260050773620605,-0.3679500222206116,
1763141973155,,,,,,4.648950099945068
1763141973164,3944.0,,,,,
1763141973170,,49.68546296414833,,,,
1763141973185,,,,8.662050247192383,3.2730002403259277,-0.6799500584602356
1763141973209,,69.65608472283482,,,,
1763141973215,,,,12.706050872802734,0.7369500398635864,
1763141973216,,,,,1.1389501094818115,-0.6850500106811523
1763141973218,,,139.7900390625,,,
1763141973219,,,139.7900390625,,,
1763141973227,,,,16.018051147460938,2.949000120162964,
1763141973228,,,,,,-0.6949500441551208
1763141973229,3655.0,,,,,
1763141973248,,,,11.053950309753418,,
1763141973249,,,,,4.579950332641602,-0.6970500349998474
1763141973253,,70.4340323172054,139.7900390625,,,
1763141973279,,,,5.653050422668457,10.800000190734863,-0.6919500231742859
1763141973281,3655.0,,,,,
1763141973285,,,,5.646000385284424,16.15904998779297,
1763141973286,,,,,,1.1430000066757202
1763141973287,,77.41267095197847,139.7900390625,,,
1763141973309,,,,3.570000171661377,,
1763141973310,,,,,11.806050300598145,12.607050895690918
1763141973327,,78.84465175139967,139.7900390625,,,
1763141973334,,,92.60040283203125,,,
1763141973338,,,,3.3109500408172607,5.4559502601623535,
1763141973339,,,,,,14.209051132202148
1763141973368,,73.77977510498019,92.60040283203125,,,
1763141973370,,,,0.5389500260353088,1.7430000305175781,14.941950798034668
1763141973400,,,,-2.0029501914978027,6.735000133514404,
1763141973401,,,,,,14.92500114440918
1763141973403,3655.0,,,-0.364950031042099,,
1763141973404,,,,,9.406949996948242,14.934000968933105
1763141973410,,69.52366407306354,92.60040283203125,,,
1763141973429,,,,-1.0260000228881836,7.5610504150390625,14.937000274658203
1763141973448,,57.91255370040629,,,,
1763141973459,,,,-0.45900002121925354,4.968000411987305,
1763141973460,4169.0,,,,,14.209051132202148
1763141973462,,,,-0.8970000147819519,,
1763141973463,,,,,2.1310501098632812,14.199000358581543
1763141973488,,47.75851668097876,,,,
1763141973490,,,,-3.325050115585327,1.6060501337051392,3.9300003051757812
1763141973501,,,136.15681966145831,,,
1763141973516,,,,-6.082950115203857,2.080049991607666,
1763141973517,4169.0,,,,,2.889000177383423
1763141973529,,40.72080298023529,136.15681966145831,,,
1763141973547,,,,-6.550050258636475,2.080049991607666,
1763141973548,,,,,0.6439500451087952,2.2930500507354736
1763141973567,,65.01157054217255,136.15681966145831,,,
1763141973575,,,,-2.182950019836426,-0.9430500268936157,
1763141973576,,,,,,2.2930500507354736
1763141973605,,,,-0.5879999995231628,-0.9499500393867493,
1763141973606,,,,,,2.299950122833252
1763141973610,,42.24415996017197,136.15681966145831,,,
1763141973615,,,177.6416015625,,,
1763141973636,,,,-2.1040501594543457,13.408050537109375,3.9300003051757812
1763141973641,,,,-1.2780001163482666,17.796001434326172,
1763141973642,,,,,,8.161050796508789
1763141973648,,76.93173389143286,177.6416015625,,,
1763141973667,,,,1.2420001029968262,16.489049911499023,
1763141973668,4218.0,,,,,10.87605094909668
1763141973671,4218.0,,,,,
1763141973675,,,,2.5500001907348633,11.44005012512207,
1763141973676,,,,,,13.189050674438477
1763141973687,,59.306387888325524,177.6416015625,,,
1763141973696,,,,2.5380001068115234,7.209000110626221,
1763141973697,,,,,,14.281050682067871
1763141973726,,,,-0.35100001096725464,4.587000370025635,
1763141973727,,,,,,14.281050682067871
1763141973730,,51.19467637738427,,,,
1763141973755,,,,-0.361050009727478,2.7769501209259033,
1763141973756,,,,,,14.271000862121582
1763141973771,,53.073127534398694,,,,
1763141973777,,,1186.66748046875,,,
1763141973784,4218.0,,,4.590000152587891,-0.1380000114440918,13.189050674438477
1763141973807,,72.6379360020957,1186.66748046875,,,
1763141973811,,,,5.430000305175781,-2.329050064086914,10.87605094909668
1763141973812,,,,,,10.87605094909668
1763141973838,,,,5.077950477600098,-0.8640000224113464,2.874000072479248
1763141973850,,71.6943691135179,1186.66748046875,,,
1763141973867,,,,6.148050308227539,1.7430000305175781,
1763141973868,,,,,,1.609950065612793
1763141973872,,,,9.60300064086914,3.2440502643585205,1.3090500831604004
1763141973880,3716.0,,,,,
1763141973887,,75.58649846789136,1186.66748046875,,,
1763141973895,,,,12.369000434875488,2.1160500049591064,1.2889500856399536
1763141973898,3716.0,,,,,
1763141973920,,,,13.618950843811035,,
1763141973921,,,,,-0.46095001697540283,1.3300501108169556
1763141973925,,63.203408643439836,,,,
1763141973928,,,,11.140050888061523,-1.4020500183105469,1.3129500150680542
1763141973947,,,,5.041950225830078,,
1763141973964,,69.56808737253749,,,,
1763141973965,,,,,2.5759501457214355,
1763141973966,,,,,,1.3090500831604004
1763141973967,,,,3.627000093460083,10.779000282287598,1.609950065612793
1763141973968,,,324.482421875,,,
1763141973988,,,,8.353950500488281,,
1763141973989,,,,,15.83595085144043,1.5910500288009644
1763141974009,,78.3024016851918,324.482421875,,,
1763141974012,3716.0,,,8.109000205993652,11.317950248718262,6.070950508117676
1763141974037,,,,6.658050537109375,7.057950496673584,12.304950714111328
1763141974045,,,,6.649050235748291,9.02595043182373,13.110000610351562
1763141974050,,71.74979784049944,324.482421875,,,
1763141974079,,,,5.18595027923584,12.28695011138916,
1763141974080,,,,,,13.096050262451172
1763141974085,,72.43361554524428,,,,
1763141974102,3405.0,,,1.9900500774383545,13.164000511169434,13.105051040649414
1763141974105,,,,-0.6030000448226929,9.01200008392334,
1763141974106,,,,,,13.090950965881348
1763141974125,,74.55912092065222,,,,
1763141974127,,,,-0.6139500141143799,4.551000118255615,
1763141974128,3405.0,,,,,13.098000526428223
1763141974132,,,63.04630533854167,,,
1763141974151,,,,-3.1020002365112305,1.3050000667572021,9.20205020904541
1763141974162,,,,-5.889000415802002,-0.5260500311851501,6.070950508117676
1763141974165,,62.17333221786848,63.04630533854167,,,
1763141974199,,,,-6.406050205230713,-1.0000500679016113,-2.074050188064575
1763141974205,,47.76760576389319,63.04630533854167,,,
1763141974226,,,,-6.865950107574463,-0.0880500078201294,
1763141974227,,,,,,-2.0899500846862793
1763141974234,3405.0,,,,,
1763141974240,,,,-3.7920002937316895,-1.3090500831604004,-2.0659501552581787
1763141974244,,49.262439472310156,,,,
1763141974245,,,63.04630533854167,,,
1763141974259,,,,-0.6030000448226929,-0.7339500188827515,
1763141974260,,,,,,-2.0659501552581787
1763141974279,,,,2.671950101852417,2.02305006980896,-2.095050096511841
1763141974290,,43.33399105994538,,,,
1763141974318,,,,-2.3839499950408936,7.366950511932373,
1763141974319,4143.0,,,,,-1.5709500312805176
1763141974325,,59.00816306752325,,,,
1763141974330,,,152.763671875,,,
1763141974340,4143.0,,,-4.7470502853393555,14.686050415039062,10.086000442504883
1763141974361,,,,1.4650501012802124,,
1763141974362,,,,,12.07905101776123,10.063950538635254
1763141974365,,75.83577949683851,152.763671875,,,
1763141974383,,,,1.8750001192092896,9.5149507522583,15.15000057220459
1763141974395,,,,-1.6579500436782837,,
1763141974396,,,,,8.092050552368164,16.054950714111328
1763141974410,,55.811751138646606,152.763671875,,,
1763141974425,,,,-4.675050258636475,7.353000164031982,
1763141974426,,,,,,16.042951583862305
1763141974445,,54.58168622674589,,,,
1763141974450,4143.0,,,-4.984050273895264,4.3720502853393555,16.054950714111328
1763141974472,,,,-0.8470500111579895,2.0160000324249268,16.041000366210938
1763141974484,,56.372840016456244,,,,
1763141974493,,,,3.0169501304626465,0.09795000404119492,15.15000057220459
1763141974515,,,,4.410000324249268,,
1763141974516,,,,,0.1770000010728836,10.179000854492188
1763141974525,,69.34735898744435,,,,
1763141974530,,,154.671630859375,,,
1763141974531,4761.0,,,6.6220502853393555,-0.7410000562667847,
1763141974532,,,,,,6.652950286865234
1763141974562,,,,7.498950481414795,0.23400001227855682,
1763141974563,4761.0,,,,,4.8349504470825195
1763141974565,,64.84701313720852,154.671630859375,,,
1763141974584,,,,10.069950103759766,3.280050039291382,
1763141974585,,,,,,3.68595027923584
1763141974590,,,,10.630050659179688,3.2850000858306885,3.2190001010894775
1763141974609,,57.10195785510458,154.671630859375,,,
1763141974610,,,,11.356050491333008,-0.3679500222206116,3.2190001010894775
1763141974613,,,123.3544921875,,,
1763141974630,,,,9.819000244140625,,
1763141974631,,,,,-2.710050106048584,3.2380502223968506
1763141974645,,66.8449246202856,123.3544921875,,,
1763141974653,,,,6.910050392150879,-0.4039500057697296,
1763141974654,,,,,,3.2310001850128174
1763141974664,4761.0,,,,,
1763141974679,,,,1.4440500736236572,,
1763141974680,,,,,5.650050163269043,3.2100000381469727
1763141974685,,76.54188428286113,123.3544921875,,,
1763141974688,,,128.33984375,,,
1763141974701,,,,0.8329500555992126,,
1763141974702,,,,,9.199050903320312,3.205050230026245
1763141974725,,75.78623263055117,128.33984375,,,
1763141974729,,,,3.390000104904175,9.220050811767578,5.90595006942749
1763141974752,,,,3.907050132751465,5.81505012512207,9.820050239562988
1763141974753,4982.0,,,,,
1763141974765,,67.00813722636524,128.33984375,,,
1763141974773,,,,5.494950294494629,9.249000549316406,
1763141974774,,,,,,12.772050857543945
1763141974775,4982.0,,,,,
1763141974795,,,,4.611000061035156,11.253000259399414,
1763141974796,,,,,,12.76305103302002
1763141974809,,72.80554899437645,128.33984375,,,
1763141974815,,,169.78889102027532,,,
1763141974818,,,,2.743950128555298,9.772950172424316,
1763141974819,,,,,,12.757950782775879
1763141974839,,,,0.1579500138759613,5.880000114440918,
1763141974840,,,,,,12.772050857543945
1763141974843,,,,-1.4359500408172607,3.8899502754211426,
1763141974844,,,,,,9.820050239562988
1763141974845,,71.19081485840967,169.78889102027532,,,
1763141974863,,,,-2.937000036239624,2.9710500240325928,
1763141974864,,,,,,8.254050254821777
1763141974887,,61.70999499604295,,,,
1763141974888,,,169.78889102027532,,,
1763141974891,4982.0,,,-3.2890501022338867,1.7569501399993896,8.235000610351562
1763141974895,,,155.341796875,,,
1763141974918,,,,-4.812000274658203,1.7760001420974731,
1763141974919,,,,,,1.537950038909912
1763141974930,,65.93690946670131,155.341796875,,,
1763141974950,,,,-6.2910003662109375,0.7800000309944153,
1763141974951,,,,,,0.7270500063896179
1763141974960,,,,-4.3660502433776855,,
1763141974961,,,,,-1.76895010471344,0.739050030708313
1763141974969,,66.0656230855296,,,,
1763141974970,,,155.341796875,,,
1763141974979,,,225.23751395089286,,,
1763141974982,3877.0,,,-0.07800000160932541,1.0960500240325928,
1763141974983,,,,,,0.7219500541687012
1763141975009,,65.36685554527911,225.23751395089286,,,
1763141975011,3877.0,,,1.8600001335144043,4.824000358581543,0.7050000429153442
1763141975019,,,,-2.5420501232147217,,
1763141975020,,,,,8.473050117492676,0.7200000286102295
1763141975039,,,,-7.857000350952148,11.49000072479248,
1763141975040,,,,,,5.245050430297852
1763141975049,,63.23346082812211,225.23751395089286,,,
1763141975068,,,,-3.0450000762939453,,
1763141975069,,,,,15.369000434875488,10.596000671386719
1763141975089,,79.34910656902566,225.23751395089286,,,
1763141975095,,,,2.9659502506256104,,
1763141975096,,,,,15.381000518798828,13.491000175476074
1763141975097,,,217.00884137834822,,,
1763141975098,,,,5.092950344085693,12.273000717163086,
1763141975100,,,,,,13.83495044708252
1763141975124,3877.0,,,5.076000213623047,8.100000381469727,15.940051078796387
1763141975131,,70.86178388460469,217.00884137834822,,,
1763141975154,,,,0.9049500226974487,5.995050430297852,
1763141975155,,,,,,15.921000480651855
1763141975157,,,,-0.06405000388622284,4.645050048828125,15.930000305175781
1763141975169,,61.52832062410213,217.00884137834822,,,
1763141975183,3508.0,,,3.3829500675201416,4.35705041885376,15.930000305175781
1763141975194,,,,7.189950466156006,3.3799500465393066,
1763141975195,,,,,,15.92595100402832
1763141975207,,55.338750743374554,,,,
1763141975214,,,,8.605050086975098,2.1379501819610596,15.922950744628906
1763141975239,,,,6.730050086975098,0.14100000262260437,
1763141975240,3508.0,,,,,14.998950958251953
1763141975250,,56.77570008932942,,,,
1763141975259,,,1023.7646484375,,,
1763141975267,,,,4.575000286102295,-0.5620500445365906,
1763141975268,,,,,,4.741950035095215
1763141975272,,,,3.418950080871582,-0.5790000557899475,
1763141975273,,,,,,-2.2960500717163086
1763141975288,,71.30109037317655,1023.7646484375,,,
1763141975295,,,,5.113950252532959,0.16995000839233398,
1763141975297,,,,,,-3.0859501361846924
1763141975327,,,,9.997950553894043,0.9670500755310059,-3.1060502529144287
1763141975329,,74.4946264132849,1023.7646484375,,,
1763141975356,,,,13.768950462341309,,
1763141975357,3508.0,,,,0.1270500123500824,-3.1030502319335938
1763141975369,,70.62083647650543,1023.7646484375,,,
1763141975388,,,,9.409049987792969,1.5420000553131104,
1763141975389,,,,,,-3.1060502529144287
1763141975391,,,,3.0960001945495605,6.382950305938721,-3.0859501361846924
1763141975408,,73.18981480849527,,,,
1763141975419,2952.0,,,4.827000141143799,8.22195053100586,
1763141975420,,,,,,-1.1759999990463257
1763141975428,,,,4.015050411224365,5.728950500488281,6.150000095367432
1763141975448,,,,1.2930001020431519,5.734050273895264,6.394050121307373
1763141975449,,77.81237348093613,,,,
1763141975459,,,91.3720703125,,,
1763141975477,,,,5.95395040512085,10.096050262451172,
1763141975478,2952.0,,,,,10.171950340270996
1763141975486,,,,9.81195068359375,14.965950965881348,
1763141975487,,,,,,13.297050476074219
1763141975490,,70.2283796509686,91.3720703125,,,
1763141975507,,,,9.804000854492188,16.15904998779297,13.290000915527344
1763141975527,,70.59251403599923,,,,
1763141975528,,,91.3720703125,,,
1763141975535,,,,6.414000511169434,13.321950912475586,
1763141975536,,,,,,13.278000831604004
1763141975564,,,,2.902050256729126,8.932950019836426,13.285050392150879
1763141975570,,68.85016013549959,,0.9480000734329224,3.487950086593628,
1763141975571,,,,,,10.171950340270996
1763141975593,,,,2.908950090408325,2.2170000076293945,
1763141975594,2952.0,,,,,6.394050121307373
1763141975609,,57.69616968701412,,,,
1763141975623,,,,3.6919500827789307,,
1763141975624,4086.0,,,-0.9400500655174255,0.7300500273704529,5.035950183868408
1763141975648,,66.714475613117,,,,
1763141975655,,,,-7.534050464630127,-4.44795036315918,4.5360002517700195
1763141975656,,,163.3740234375,,,
1763141975684,,,,-12.576000213623047,-4.468950271606445,
1763141975685,,,,,,4.534049987792969
1763141975688,,66.6894780048061,163.3740234375,,,
1763141975711,,,,-11.140050888061523,3.4810502529144287,
1763141975712,,,,,,4.507050037384033
1763141975715,4086.0,,,,,
1763141975723,,,,-6.435000419616699,,
1763141975724,,,,,7.969950199127197,4.519050121307373
1763141975728,,68.25846926721697,163.3740234375,,,
1763141975740,,,,-6.445050239562988,10.67805004119873,4.5169501304626465
1763141975766,,73.98067477630724,,,,
1763141975770,,,,-7.375950336456299,10.168050765991211,
1763141975771,,,,,,6.466050148010254
1763141975800,,,,-6.0259504318237305,10.915050506591797,
1763141975801,,,,,,8.26200008392334
1763141975810,,74.9869965064198,,,,
1763141975816,,,129.51171875,,,
1763141975830,,,,-2.5420501232147217,7.165950298309326,
1763141975831,4086.0,,,,,14.926950454711914
1763141975849,,79.42443416967444,129.51171875,,,
1763141975862,3931.0,,,-2.5609500408172607,6.498000144958496,
1763141975863,,,,,,14.908050537109375
1763141975889,,64.22593404879423,129.51171875,-0.9540000557899475,1.585050106048584,
1763141975890,,,,,,14.91300106048584
1763141975895,,,,0.028950002044439316,-1.171950101852417,
1763141975896,,,,,,14.941950798034668
1763141975915,,,,-2.0179500579833984,-5.310000419616699,
1763141975916,,,,,,14.937000274658203
1763141975929,,59.46749428463039,129.51171875,,,
1763141975931,3931.0,,,,,
1763141975933,,,150.380859375,,,
1763141975949,,,,-0.8320500254631042,-7.5010504722595215,11.85300064086914
1763141975965,,58.501765689693684,150.380859375,,,
1763141975967,,,,5.278950214385986,-5.137050151824951,7.615050315856934
1763141975973,,,,7.678050518035889,,
1763141975974,,,,,-2.845950126647949,7.627050399780273
1763141975993,,,,9.208050727844238,-0.8059500455856323,5.071950435638428
1763141976010,,59.753558041023325,150.380859375,,,
1763141976012,,,,12.892951011657715,1.29705011844635,5.058000087738037
1763141976014,,,169.7050548735119,,,
1763141976015,,,169.7050548735119,,,
1763141976032,3931.0,,,13.18005084991455,1.29705011844635,5.058000087738037
1763141976045,,64.30099407687187,169.7050548735119,,,
1763141976050,,,,11.836950302124023,,
1763141976051,4312.0,,,,1.5700501203536987,4.6840500831604
1763141976070,,,,9.546000480651855,,
1763141976071,,,,,0.6799500584602356,3.7080001831054688
1763141976085,,63.82675654402631,,,,
1763141976086,,,169.7050548735119,,,
1763141976090,,,,10.141950607299805,0.6990000605583191,
1763141976091,,,,,,3.3409502506256104
1763141976110,,,,10.486950874328613,0.6960000395774841,3.3289501667022705
1763141976125,,57.48940067311572,,,,
1763141976129,,,,7.9800004959106445,6.735000133514404,3.325050115585327
1763141976143,4312.0,,,,,
1763141976165,,66.20132608473682,,,,
1763141976166,,,,6.457050323486328,14.277000427246094,3.325050115585327
1763141976185,,,,7.426950454711914,18.012001037597656,3.325050115585327
1763141976188,,,,7.425000190734863,17.566951751708984,4.6840500831604
1763141976207,,,,8.827950477600098,13.623001098632812,
1763141976208,,,,,,7.7659502029418945
1763141976209,,72.08199486751116,,,,
1763141976215,,,124.8171657986111,,,
1763141976227,,,,4.984950065612793,9.463950157165527,8.355000495910645
1763141976244,,62.72051259801777,,,,
1763141976245,,,124.8171657986111,,,
1763141976248,,,,0.6250500082969666,8.81100082397461,
1763141976249,4312.0,,,,,8.6850004196167
1763141976268,,,,0.25095000863075256,10.642050743103027,
1763141976285,,76.5000002920965,124.8171657986111,,,
1763141976289,,,,-1.765950083732605,9.393000602722168,8.668950080871582
1763141976295,,,100.46630859375,,,
1763141976296,,,100.46630859375,,,
1763141976306,,,,-2.009999990463257,8.401050567626953,
1763141976307,,,,,,8.677950859069824
1763141976326,,75.33350151778971,100.46630859375,,,
1763141976327,,,,-2.4409501552581787,6.799950122833252,8.676000595092773
1763141976348,4275.0,,,-3.985950231552124,4.882050037384033,8.677950859069824
1763141976363,,,,-5.83905029296875,1.9800001382827759,
1763141976364,,,,,,6.451050281524658
1763141976368,,78.5215513725064,,,,
1763141976369,,,100.46630859375,,,
1763141976388,,,,-6.139950275421143,2.302950143814087,3.945000171661377
1763141976405,,,,-4.869000434875488,,
1763141976406,,,,,4.185000419616699,3.9400501251220703
1763141976409,,70.90731943777737,,,,
1763141976424,,,,-5.293050289154053,4.2019500732421875,3.922950267791748
1763141976445,,68.73654888428729,,,,
1763141976446,,,,-2.0680501461029053,2.86995005607605,
1763141976447,,,,,,3.9370501041412354
1763141976448,4275.0,,,,,
1763141976461,,,,1.207050085067749,1.2540000677108765,
1763141976462,,,,,,3.9250502586364746
1763141976481,,,,2.54295015335083,2.7910501956939697,3.945000171661377
1763141976490,,70.04443845696953,,,,
1763141976496,5138.0,,,,,
1763141976497,,,59.0604248046875,,,
1763141976515,,,,-0.8610000610351562,5.9659504890441895,6.279000282287598
1763141976519,,,,-5.616000175476074,7.933950424194336,
1763141976520,,,,,,6.739050388336182
1763141976529,,73.95499262253239,59.0604248046875,,,
1763141976539,,,,-6.457050323486328,9.076050758361816,8.08905029296875
1763141976548,5138.0,,,,,
1763141976558,,,,-5.3580002784729,,
1763141976559,,,,,8.610000610351562,8.08905029296875
1763141976565,,77.32779663922433,59.0604248046875,,,
1763141976578,,,,-1.6800000667572021,7.4320502281188965,8.070000648498535
1763141976597,,,,-0.7750500440597534,,
1763141976598,,,,,3.9120001792907715,8.070000648498535
1763141976605,,65.9516608447265,,,,
1763141976618,,,,-0.4300500154495239,2.5830001831054688,8.082000732421875
1763141976636,,,,0.49500003457069397,1.9150501489639282,
1763141976637,,,,,,8.080050468444824
1763141976648,5138.0,,,,,
1763141976650,,59.087915335220806,,,,
1763141976653,,,212.05078125,,,
1763141976657,,,,0.19395001232624054,0.9310500621795654,7.594050407409668
1763141976676,,,,-1.5360000133514404,-0.30300000309944153,7.600950241088867
1763141976690,,58.1956787882313,212.05078125,,,
1763141976696,,,,-1.5310500860214233,-2.9830501079559326,
1763141976697,,,,,,7.183950424194336
1763141976716,6414.0,,,,,
1763141976717,,,,1.3290001153945923,-4.168050289154053,6.739050388336182
1763141976725,,64.46198694554258,212.05078125,,,
1763141976728,,,194.423828125,,,
1763141976737,,,,3.807000160217285,-3.0829501152038574,6.099000453948975
1763141976748,6414.0,,,,,
1763141976763,,,,9.04995059967041,0.9810000658035278,4.641000270843506
1763141976765,,64.78782366606643,194.423828125,,,
1763141976787,,,,7.255050182342529,0.984000027179718,4.153050422668457
1763141976793,,,,7.923000335693359,0.6799500584602356,4.134000301361084
1763141976811,,67.75271470043101,194.423828125,,,
1763141976818,,,,10.257000923156738,-0.89205002784729,
1763141976819,,,,,,4.174050331115723
1763141976841,,,,8.655000686645508,-0.5550000071525574,
1763141976842,,,,,,4.171950340270996
1763141976847,,70.74868197726113,,,,
1763141976848,6414.0,,194.423828125,,,
1763141976855,,,230.3564453125,,,
1763141976864,,,,6.535950183868408,3.9910502433776855,4.641000270843506
1763141976887,,68.54925084775617,230.3564453125,2.0250000953674316,9.004950523376465,6.099000453948975
1763141976890,,,,1.3000500202178955,10.993950843811035,8.764050483703613
1763141976910,,,,0.013950000517070293,,
1763141976911,,,,,10.312050819396973,
1763141976912,,,,,,10.761000633239746
1763141976928,,75.77379274324151,230.3564453125,,,
1763141976934,,,149.9869646344866,,,
1763141976937,7766.0,,,2.6430001258850098,7.870050430297852,11.26395034790039
1763141976958,,,,4.69005012512207,6.907050132751465,
1763141976959,,,,,,12.607050895690918
1763141976963,7766.0,,,,,
1763141976969,,78.490853604606,149.9869646344866,,,
1763141976983,,,,3.7129502296447754,,
1763141976984,,,,,7.195050239562988,13.777950286865234
1763141976988,,,,1.1350500583648682,7.197000503540039,
1763141976989,,,,,,13.777950286865234
1763141977007,,73.40940981422277,149.9869646344866,,,
1763141977010,,,,-1.7800500392913818,6.828000545501709,13.76400089263916
1763141977015,,,75.75055803571428,,,
1763141977035,,,,-4.696950435638428,4.996950149536133,12.607050895690918
1763141977046,,,,-5.695050239562988,4.113000392913818,11.26395034790039
1763141977048,,73.61451951384849,75.75055803571428,,,
1763141977063,7766.0,,,,,
1763141977066,,,,-6.556950092315674,,
1763141977067,,,,,4.129950046539307,10.761000633239746
1763141977087,,,,-8.734050750732422,4.129950046539307,5.776050090789795
1763141977090,,74.36735489052663,75.75055803571428,,,
1763141977110,,,,-8.736000061035156,4.135050296783447,2.9170501232147217
1763141977127,,74.1137507374218,75.75055803571428,,,
1763141977134,,,,-8.736000061035156,3.7759501934051514,
1763141977135,6909.0,,,,,2.914950132369995
1763141977143,,,,-8.736000061035156,0.831000030040741,
1763141977144,,,,,,2.914950132369995
1763141977162,6909.0,,,,,
1763141977163,,,,-5.875050067901611,1.0750499963760376,2.9100000858306885
1763141977170,,75.18300946041141,,,,
1763141977184,,,,0.3520500063896179,6.397050380706787,2.9029500484466553
1763141977207,,,,0.3520500063896179,9.903000831604004,2.9170501232147217
1763141977209,,76.21757617596057,,,,
1763141977222,,,47.474388485863095,,,
1763141977231,,,,-2.16795015335083,,
1763141977232,,,,,9.393000602722168,3.9090001583099365
1763141977248,,75.77289959966365,47.474388485863095,,,
1763141977258,,,,-4.855050086975098,8.293950080871582,
1763141977259,,,,,,14.547000885009766
1763141977286,,,,-2.1319501399993896,7.963050365447998,
1763141977287,,,,,,17.046001434326172
1763141977288,6909.0,,,,,
1763141977292,,69.09156094709864,47.474388485863095,,,
1763141977312,,,,5.646000385284424,7.762050151824951,17.03205108642578
1763141977327,,68.36472312256213,,,,
1763141977336,,,,2.6359500885009766,5.341050148010254,
1763141977337,,,,,,17.034000396728516
1763141977339,,,,0.6889500617980957,2.253000020980835,
1763141977340,,,,,,17.034000396728516
1763141977362,5946.0,,,0.7060500383377075,-0.28905001282691956,17.062950134277344
1763141977369,,72.2198829217395,,,,
1763141977386,,,,2.7940502166748047,,
1763141977387,,,,,-1.6609500646591187,11.98905086517334
1763141977408,,69.46975854831273,,,,
1763141977411,,,,4.956000328063965,-1.6609500646591187,7.7440505027771
1763141977412,5946.0,,,,,
1763141977416,,,,8.029950141906738,-2.0269501209259033,4.455000400543213
1763141977427,,,298.5121663411458,,,
1763141977438,,,,10.135050773620605,-1.1149500608444214,
1763141977439,,,,,,0.7480500340461731
1763141977450,,72.42961075710622,298.5121663411458,,,
1763141977463,,,,10.645050048828125,1.4700000286102295,
1763141977464,,,,,,-0.1489500105381012
1763141977487,,,,9.582000732421875,2.0370001792907715,-0.7950000166893005
1763141977489,,71.88375536784433,298.5121663411458,,,
1763141977494,,,,9.997950553894043,0.27000001072883606,
1763141977495,,,,,,-1.492050051689148
1763141977501,,,153.07779657273065,,,
1763141977514,,,,11.931000709533691,-2.7169501781463623,-1.489050030708313
1763141977515,5946.0,,,,,
1763141977529,,66.64897280797464,153.07779657273065,,,
1763141977539,,,,11.248050689697266,-1.812000036239624,-1.4850000143051147
1763141977563,,,,9.574950218200684,3.1579501628875732,-1.4989501237869263
1763141977567,,65.89221524760374,153.07779657273065,,,
1763141977574,,,159.6240234375,,,
1763141977586,6203.0,,,5.7460503578186035,,
1763141977587,,,,,9.85200023651123,-0.7950000166893005
1763141977591,,,,-0.3079500198364258,,
1763141977592,,,,,7.201950550079346,-0.1489500105381012
1763141977607,,73.65766968510685,159.6240234375,,,
1763141977612,,,,1.2280501127243042,7.489050388336182,11.047950744628906
1763141977616,6203.0,,,,,
1763141977636,,,,3.9220502376556396,7.503000259399414,
1763141977637,,,,,,18.331951141357422
1763141977649,,69.5866137849537,159.6240234375,,,
1763141977663,,,,2.8369500637054443,9.709050178527832,18.31005096435547
1763141977669,,,,1.738050103187561,,
1763141977670,,,,,11.065950393676758,18.31800079345703
1763141977688,,71.57669224293849,159.6240234375,,,
1763141977690,,,,-0.544950008392334,10.71405029296875,18.31005096435547
1763141977693,,,132.01171875,,,
1763141977714,,,,-4.740000247955322,7.396050453186035,
1763141977715,,,,,,18.325050354003906
1763141977728,,70.53484500383422,132.01171875,,,
1763141977739,,,,-4.741950035095215,4.422000408172607,
1763141977740,6203.0,,,,,18.329999923706055
1763141977747,,,,-2.556000232696533,2.5540502071380615,
1763141977748,,,,,,13.045050621032715
1763141977767,,,,-3.1240501403808594,2.5759501457214355,6.601950168609619
1763141977770,,73.01760075210075,132.01171875,,,
1763141977777,,,133.33984375,,,
1763141977778,,,133.33984375,,,
1763141977794,6080.0,,,-5.329050064086914,2.5690500736236572,
1763141977795,,,,,,6.343950271606445
1763141977808,,73.89624486861692,133.33984375,,,
1763141977819,,,,-8.152050018310547,2.253000020980835,
1763141977820,,,,,,5.338050365447998
1763141977844,,,,-8.152050018310547,0.7080000042915344,5.338050365447998
1763141977850,,76.67957748991364,133.33984375,,,
1763141977857,,,75.5615234375,,,
1763141977870,,,,-5.0560503005981445,-0.583050012588501,
1763141977871,6080.0,,,,,5.338050365447998
1763141977887,,76.14117451000682,75.5615234375,,,
1763141977894,,,,5.236050128936768,6.001950263977051,
1763141977895,,,,,,6.343950271606445
1763141977920,,,,3.4399502277374268,,
1763141977921,,,,,9.226950645446777,6.601950168609619
1763141977923,,,,-0.9330000281333923,10.671000480651855,10.596000671386719
1763141977929,,79.72287784400065,75.5615234375,,,
1763141977947,,,,-1.5430500507354736,11.713050842285156,16.630050659179688
1763141977967,,78.9035664124823,75.5615234375,,,
1763141977971,,,,1.615950107574463,,
1763141977972,,,,,9.694050788879395,17.836050033569336
1763141977974,,,90.22049386160714,,,
1763141977975,6080.0,,,,,
1763141977981,,,,6.270000457763672,9.249000549316406,17.82000160217285
1763141978009,,70.17890108006766,90.22049386160714,,,
1763141978023,5280.0,,,7.663950443267822,8.81100082397461,17.827051162719727
1763141978048,,68.15939394167816,90.22049386160714,,,
1763141978050,,,,0.6529500484466553,,
1763141978051,,,,,3.955050230026245,17.821950912475586
1763141978076,,,,-1.7160000801086426,0.6289500594139099,16.630050659179688
1763141978079,,,,-2.341050148010254,-2.200050115585327,16.105051040649414
1763141978081,5280.0,,,,,
1763141978091,,66.01431801723776,,,,
1763141978104,,,,0.51705002784729,-4.074000358581543,
1763141978105,,,,,,13.110000610351562
1763141978127,,73.63599055046842,,,,
1763141978128,,,,3.9649500846862793,-4.483950138092041,
1763141978129,,,,,,6.732000350952148
1763141978135,,,64.544921875,,,
1763141978155,,,,5.926050186157227,,
1763141978156,,,,,-3.888000249862671,1.7610000371932983
1763141978157,,,,6.960000514984131,-3.1690502166748047,
1763141978158,,,,,,-1.6930500268936157
1763141978170,,69.41570142320079,64.544921875,,,
1763141978180,,,,10.19205093383789,-0.05205000191926956,
1763141978181,,,,,,-3.094050168991089
1763141978182,5280.0,,,,,
1763141978206,,,,11.988000869750977,1.434000015258789,-3.100950241088867
1763141978208,,59.71774652947359,64.544921875,,,
1763141978215,,,,13.812000274658203,2.202000141143799,-3.1030502319335938
1763141978234,5034.0,,,,,
1763141978235,,,,13.812000274658203,,
1763141978236,,,,,2.5039501190185547,-3.094050168991089
1763141978249,,64.04326575856294,64.544921875,,,
1763141978261,,,,10.88895034790039,3.976950168609619,-3.1060502529144287
1763141978286,5034.0,,,6.78000020980835,7.711950302124023,-1.6930500268936157
1763141978288,,65.53588619042492,,,,
1763141978293,,,,4.294950008392334,,
1763141978294,,,,,12.904950141906738,-0.6949500441551208
1763141978313,,,,4.288050174713135,12.92595100402832,6.0199503898620605
1763141978328,,70.97026677236256,,,,
1763141978338,,,,6.256050109863281,8.824950218200684,12.112051010131836
1763141978339,,,66.34033203125,,,
1763141978342,,,66.34033203125,,,
1763141978363,,,,6.237000465393066,6.928950309753418,12.886950492858887
1763141978370,,72.71476054835344,66.34033203125,,,
1763141978372,,,,1.429050087928772,,
1763141978373,,,,,7.201950550079346,15.258000373840332
1763141978389,5034.0,,,,,
1763141978390,,,,-0.364950031042099,8.350950241088867,
1763141978393,,,,,,15.253050804138184
1763141978408,,74.67321029296397,66.34033203125,,,
1763141978415,,,,0.06495000422000885,8.361000061035156,15.243000984191895
1763141978417,,,90.61558314732143,,,
1763141978443,5428.0,,,0.04305000230669975,7.62600040435791,15.235950469970703
1763141978449,,71.68186595908523,90.61558314732143,-2.368950128555298,5.614050388336182,
1763141978450,,,,,,15.235950469970703
1763141978472,,,,-5.200050354003906,4.314000129699707,
1763141978473,,,,,,12.886950492858887
1763141978488,,70.5106507349955,90.61558314732143,,,
1763141978500,,,,-7.591050148010254,4.048050403594971,8.046000480651855
1763141978503,5428.0,,,,,
1763141978507,,,,-8.23799991607666,3.3229501247406006,
1763141978508,,,,,,2.2210500240325928
1763141978527,,68.81682935315332,90.61558314732143,,,
1763141978530,,,,-8.239950180053711,2.770050048828125,
1763141978531,,,,,,2.218050003051758
1763141978556,,,,-6.234000205993652,2.5189502239227295,
1763141978557,,,,,,2.206050157546997
1763141978566,,,,-3.2310001850128174,3.0139501094818115,2.2139999866485596
1763141978570,,68.70179588492388,,,,
1763141978587,,,,0.1290000081062317,4.968000411987305,
1763141978588,,,,,,2.199000120162964
1763141978609,,66.38415521886398,,,,
1763141978618,,,,-0.8970000147819519,9.816000938415527,2.2110002040863037
1763141978619,,,316.8408203125,,,
1763141978620,5428.0,,,,,
1763141978624,,,,-0.5089499950408936,13.221000671386719,
1763141978625,,,,,,4.741950035095215
1763141978647,,,,2.8590002059936523,12.007050514221191,11.98905086517334
1763141978650,,74.5798252976709,,,,
1763141978651,,,316.8408203125,,,
1763141978675,5055.0,,,,,
1763141978676,,,,4.855050086975098,11.47605037689209,15.825000762939453
1763141978689,,63.25148134658991,316.8408203125,,,
1763141978698,,,232.8021240234375,,,
1763141978702,,,,6.292050361633301,8.136000633239746,
1763141978703,,,,,,17.110950469970703
1763141978727,,62.33508831400465,232.8021240234375,,,
1763141978731,,,,1.53000009059906,4.077000141143799,17.0939998626709
1763141978733,5055.0,,,,,
1763141978741,,,,-0.9190500378608704,1.64205002784729,
1763141978742,,,,,,17.110950469970703
1763141978761,,,,-1.1989500522613525,-0.49695003032684326,17.119951248168945
1763141978771,,62.41244084012932,232.8021240234375,,,
1763141978790,,,,0.7830000519752502,-2.7169501781463623,15.825000762939453
1763141978809,,65.39557811505189,232.8021240234375,,,
1763141978814,,,302.32421875,,,
1763141978819,,,,4.482000350952148,-3.5430002212524414,15.315000534057617
1763141978820,,,,,,9.223950386047363
1763141978847,,63.078877972236725,302.32421875,,,
1763141978849,,,,9.028950691223145,,
1763141978850,5055.0,,,,-4.038000106811523,3.198000192642212
1763141978876,,,,11.491950988769531,0.37095001339912415,
1763141978877,4748.0,,,,,-0.1770000010728836
1763141978878,,,,12.00195026397705,2.842050075531006,
1763141978880,,,,,,-0.18000000715255737
1763141978888,,60.50325733665286,,,,
1763141978889,,,302.32421875,,,
1763141978894,,,320.263671875,,,
1763141978904,,,,12.426000595092773,2.590050220489502,-0.47895002365112305
1763141978927,,60.207634609043694,320.263671875,,,
1763141978933,,,,13.91295051574707,0.5580000281333923,
1763141978934,,,,,,-0.49605002999305725
1763141978958,,,,15.88800048828125,,
1763141978959,,,,,0.9450000524520874,-0.5010000467300415
1763141978969,,63.03885288264923,,,,
1763141978970,,,320.263671875,,,
1763141978977,,,467.918701171875,,,
1763141978986,,,,4.711950302124023,,
1763141978987,4748.0,,,,7.482000350952148,-0.5010000467300415
1763141979009,,67.89849338708683,467.918701171875,,,
1763141979015,,,,4.693050384521484,11.668950080871582,
1763141979016,,,,,,-0.49800002574920654
1763141979043,,,,3.6630001068115234,5.233950138092041,8.254050254821777
1763141979049,,77.76553602524731,,,,
1763141979050,,,467.918701171875,,,
1763141979071,,,,8.755949974060059,,
1763141979072,,,,,6.900000095367432,12.1399507522583
1763141979073,,,,9.417000770568848,10.807950973510742,15.01305103302002
1763141979090,,67.45276432277733,467.918701171875,,,
1763141979100,2475.0,,,,,
1763141979101,2475.0,,,6.019050121307373,11.698050498962402,15.01305103302002
1763141979126,,,,3.627000093460083,9.579000473022461,
1763141979127,,,,,,15.00105094909668
1763141979128,,67.27762829107462,,,,
1763141979131,,,,2.0470499992370605,5.830050468444824,
1763141979132,,,,,,14.992051124572754
1763141979156,,,,-0.739050030708313,2.245950222015381,12.1399507522583
1763141979169,,62.372675064299756,,,,
1763141979175,,,533.1669108072917,,,
1763141979186,,,,-4.969950199127197,-0.23205001652240753,
1763141979187,,,,,,8.254050254821777
1763141979192,,,,-8.892000198364258,-0.24795001745224,
1763141979193,,,,,,2.593950033187866
1763141979208,,68.93394145385037,533.1669108072917,,,
1763141979210,2475.0,,,-11.772000312805176,-0.23595000803470612,-0.7380000352859497
1763141979236,,,,-13.18695068359375,-0.9570000171661377,-0.7230000495910645
1763141979248,,77.18680268629542,533.1669108072917,,,
1763141979261,,,,-11.455950736999512,-1.7400001287460327,-0.7300500273704529
1763141979288,,,,-6.729000091552734,-0.43995001912117004,
1763141979289,,,,,,-0.7380000352859497
1763141979290,,70.17963415181535,,,,-0.7450500130653381
1763141979316,2475.0,,,-2.6929500102996826,10.246950149536133,-0.7470000386238098
1763141979329,,61.8755264411886,,,,
1763141979343,,,,-3.0810000896453857,15.202950477600098,2.953050136566162
1763141979348,,,,4.360050201416016,16.696950912475586,12.291000366210938
1763141979368,,73.15761882751075,,,,
1763141979371,,,,10.824000358581543,15.685050964355469,15.918001174926758
1763141979375,,,130.13671875,,,
1763141979399,,,,14.904000282287598,11.289000511169434,
1763141979400,,,,,,18.74100112915039
1763141979405,,,,9.022050857543945,8.157000541687012,18.739051818847656
1763141979410,,58.85308523263214,130.13671875,,,
1763141979416,2475.0,,,,,
1763141979427,,,,3.475950241088867,6.217950344085693,
1763141979428,,,,,,18.739051818847656
1763141979448,,61.66037001534054,130.13671875,,,
1763141979456,,,,1.4940000772476196,4.306950092315674,
1763141979457,,,,,,18.733951568603516
1763141979464,,,135.60772123790923,,,
1763141979483,,,,2.140050172805786,3.136050224304199,18.73200035095215
1763141979489,,65.30269960601645,,,,
1763141979491,,,135.60772123790923,,,
1763141979509,,,,4.4239501953125,1.29705011844635,15.918001174926758
1763141979517,2475.0,,,,,
1763141979530,,62.12717418164269,135.60772123790923,,,
1763141979535,,,136.3720703125,,,
1763141979538,,,,5.725050449371338,,
1763141979539,,,,,0.21300001442432404,6.7669501304626465
1763141979540,1414.0,,,,,
1763141979568,,63.26492961853997,,,,
1763141979569,,,136.3720703125,,,
1763141979570,,,,5.4370503425598145,-1.1650500297546387,1.366050124168396
1763141979599,,,,9.265950202941895,,
1763141979600,,,,11.967000961303711,0.14100000262260437,
1763141979601,,,,,,-0.6300000548362732
1763141979610,,61.76467504113983,136.3720703125,,,
1763141979618,,,85.91796875,,,
1763141979628,,,,14.107050895690918,0.29205000400543213,
1763141979629,,,,,,-0.6439500451087952
